N,P,K,temperature,humidity,pH,rainfall,soil_type,season,crop
64.8,29.3,5.0,35.7,73.2,7.2,452.6,Sandy Loam,Kharif,millets
112.6,53.5,57.3,26.4,60.1,6.65,1534.9,Clay Loam,Kharif,sugarcane
136.7,62.0,38.2,20.3,89.9,5.71,630.1,Sandy Loam,Rabi,potato
150.9,47.7,36.9,35.6,76.0,7.08,1889.5,Clay Loam,Zaid,sugarcane
83.5,43.0,27.5,20.7,70.9,7.08,610.0,Clay Loam,Rabi,wheat
16.5,26.7,28.2,31.1,52.7,7.26,800.4,Red Soil,Kharif,millets
73.4,25.2,17.4,29.7,87.9,6.59,334.6,Loam,Rabi,millets
65.7,34.2,35.5,28.0,79.3,6.82,775.3,Loam,Kharif,cotton
43.5,23.4,23.6,25.9,95.0,6.82,799.6,Red Soil,Kharif,groundnut
85.5,10.4,22.2,16.5,53.8,6.86,758.8,Loam,Rabi,wheat
143.9,65.8,49.2,24.0,75.5,6.8,1582.9,Red Soil,Kharif,sugarcane
170.2,59.6,48.4,36.0,58.6,6.17,1491.7,Alluvial,Zaid,sugarcane
135.1,43.0,36.5,25.6,74.2,6.12,1808.7,Clay,Kharif,rice
113.4,36.9,21.6,27.9,57.4,6.8,270.8,Alluvial,Zaid,tomato
47.6,12.0,14.4,26.2,42.1,7.4,707.6,Sandy Loam,Kharif,groundnut
68.1,53.8,28.7,30.7,46.1,6.86,912.1,Black Soil,Rabi,cotton
75.6,13.0,23.4,19.7,66.7,6.48,439.1,Clay Loam,Rabi,wheat
103.7,54.0,34.9,18.2,39.6,6.66,507.0,Loam,Rabi,wheat
43.9,22.1,5.0,20.4,82.4,7.06,566.7,Black Soil,Rabi,chickpea
29.7,21.7,9.1,38.7,95.0,6.89,448.7,Sandy Loam,Kharif,millets
67.9,43.5,63.6,33.0,91.1,5.66,775.0,Red Soil,Kharif,maize
65.1,34.9,24.6,27.3,48.5,6.85,1278.0,Clay Loam,Zaid,cotton
124.2,49.9,12.4,27.5,60.5,6.95,833.6,Loam,Zaid,maize
75.8,42.9,45.2,16.0,30.3,7.34,721.5,Clay Loam,Rabi,wheat
10.0,28.7,17.9,34.9,59.2,6.59,450.7,Red Soil,Kharif,millets
44.3,25.6,5.0,27.3,59.0,7.0,290.1,Black Soil,Rabi,chickpea
45.1,21.9,23.9,29.3,34.7,6.84,266.4,Loam,Kharif,millets
58.8,35.5,5.0,23.4,63.5,7.32,703.8,Loam,Rabi,chickpea
97.6,29.8,34.7,28.1,56.1,7.19,1623.9,Alluvial,Zaid,rice
107.4,35.8,56.0,30.3,69.7,6.52,1529.1,Clay,Kharif,rice
15.3,26.8,27.0,33.6,34.4,6.7,508.6,Sandy Loam,Kharif,millets
72.8,54.4,18.2,25.7,89.5,7.26,665.7,Loam,Rabi,maize
86.9,65.1,36.3,26.1,49.8,6.68,1767.7,Clay Loam,Kharif,rice
66.8,52.3,28.5,22.8,55.4,6.89,599.9,Clay,Rabi,wheat
68.1,57.4,5.5,21.1,69.8,5.5,996.3,Sandy Loam,Rabi,maize
87.8,41.2,19.8,27.9,81.7,6.95,1691.6,Clay Loam,Kharif,rice
57.8,9.1,9.6,29.7,58.4,7.19,409.9,Loam,Kharif,millets
39.9,12.6,14.7,26.3,64.9,6.19,574.0,Loam,Kharif,groundnut
41.5,10.9,25.9,23.3,79.6,6.62,629.0,Red Soil,Kharif,groundnut
170.3,66.0,60.6,27.5,95.0,5.82,1471.3,Clay Loam,Kharif,sugarcane
74.8,53.7,41.3,32.0,60.3,6.51,1734.2,Clay,Kharif,rice
111.6,48.3,46.8,24.8,65.9,6.58,583.7,Black Soil,Rabi,potato
113.6,34.0,31.8,36.8,72.3,6.8,1390.3,Black Soil,Zaid,sugarcane
146.9,73.5,43.6,23.2,56.7,6.25,1795.2,Alluvial,Rabi,sugarcane
144.8,75.8,55.2,30.3,73.7,6.51,1429.5,Loam,Zaid,sugarcane
101.7,32.9,35.4,25.7,49.3,6.4,747.4,Loam,Zaid,maize
81.8,9.4,5.0,29.2,79.2,5.55,655.2,Sandy Loam,Kharif,groundnut
72.6,15.3,20.4,26.2,53.3,6.55,814.3,Loam,Zaid,soybean
62.8,55.4,39.2,25.4,59.6,6.95,1667.3,Clay Loam,Kharif,rice
70.2,5.0,22.1,26.5,39.9,6.78,1062.9,Loam,Kharif,groundnut
83.8,39.8,33.0,15.0,28.3,6.91,634.8,Alluvial,Rabi,wheat
89.2,50.9,27.0,18.9,34.6,6.17,718.8,Loam,Rabi,potato
111.4,42.1,20.2,26.0,57.1,6.97,1821.9,Alluvial,Kharif,rice
35.0,10.2,22.7,30.6,91.1,6.29,405.1,Loam,Kharif,millets
74.3,28.0,33.2,22.7,88.5,6.94,2000.9,Alluvial,Kharif,rice
119.2,61.0,58.7,30.6,74.2,6.39,1484.3,Loam,Rabi,sugarcane
59.3,35.4,18.7,25.5,53.2,7.2,833.2,Loam,Zaid,cotton
60.6,8.5,24.1,23.0,69.0,6.73,737.9,Black Soil,Kharif,soybean
116.7,70.2,33.4,24.2,79.7,6.43,608.1,Alluvial,Zaid,tomato
49.3,14.4,5.0,19.7,61.2,7.37,632.3,Black Soil,Rabi,chickpea
30.9,15.8,32.2,27.2,51.5,7.18,685.6,Loam,Kharif,cotton
148.6,81.1,47.1,30.7,76.7,6.51,1682.7,Clay Loam,Kharif,sugarcane
59.9,51.4,24.8,21.9,95.0,6.7,165.0,Alluvial,Rabi,mustard
96.3,45.2,48.8,31.7,71.0,6.6,1923.3,Alluvial,Kharif,rice
59.0,28.3,24.8,26.6,58.1,7.26,1005.8,Clay,Kharif,cotton
48.8,18.3,14.3,33.2,70.1,6.64,663.9,Loam,Kharif,millets
81.6,19.8,39.3,33.4,49.2,6.57,1652.0,Clay,Kharif,rice
154.0,84.8,58.5,30.3,64.2,6.26,1734.1,Alluvial,Rabi,sugarcane
92.2,52.5,44.5,27.8,30.9,6.93,538.6,Sandy Loam,Zaid,tomato
11.5,19.2,15.9,29.5,51.4,6.76,817.5,Black Soil,Kharif,soybean
63.6,31.3,27.6,26.9,60.2,5.93,882.0,Alluvial,Rabi,maize
50.8,11.2,5.4,33.6,50.1,6.71,504.3,Sandy Loam,Kharif,millets
36.2,15.7,20.6,23.7,35.3,7.0,542.4,Black Soil,Rabi,chickpea
139.7,64.1,37.3,19.8,70.4,6.17,470.3,Loam,Kharif,tomato
30.1,15.8,36.1,30.4,80.9,6.47,553.3,Sandy Loam,Kharif,millets
87.1,57.1,7.9,20.4,53.0,6.46,802.4,Sandy Loam,Rabi,maize
71.2,55.9,7.9,28.0,44.4,7.62,1117.6,Black Soil,Kharif,cotton
12.9,8.2,20.8,29.4,48.9,7.18,631.5,Clay Loam,Kharif,soybean
48.5,6.5,8.3,14.8,79.7,7.77,510.4,Sandy Loam,Rabi,chickpea
80.8,39.3,32.5,33.3,87.4,7.11,239.7,Sandy Loam,Rabi,millets
76.0,31.8,5.0,19.4,49.8,6.36,598.5,Alluvial,Rabi,wheat
67.4,29.7,44.6,24.1,74.3,7.0,389.6,Alluvial,Rabi,wheat
129.2,55.4,31.0,25.3,75.5,6.86,599.9,Loam,Rabi,wheat
117.7,54.0,45.8,34.0,61.1,5.88,1776.2,Clay,Kharif,rice
69.9,33.1,22.8,17.8,48.9,6.5,553.2,Clay Loam,Zaid,wheat
165.0,56.9,43.9,32.1,53.7,6.46,1785.6,Loam,Kharif,sugarcane
43.4,41.6,37.6,26.7,74.6,6.61,596.1,Sandy Loam,Kharif,groundnut
20.9,30.4,5.0,33.7,86.0,6.8,100.0,Sandy Loam,Kharif,millets
39.1,5.0,16.0,24.2,90.2,7.05,499.0,Sandy Loam,Rabi,chickpea
147.7,46.7,51.2,27.3,87.3,6.64,679.7,Alluvial,Rabi,tomato
192.1,54.2,46.3,30.0,93.6,6.48,1820.0,Loam,Kharif,sugarcane
61.2,21.5,43.6,26.1,55.0,7.28,692.8,Loam,Rabi,maize
97.5,56.7,29.8,29.8,83.3,6.48,1530.9,Clay Loam,Kharif,rice
120.3,46.8,55.5,27.7,52.2,6.51,1831.6,Clay Loam,Kharif,sugarcane
107.2,40.8,21.7,27.0,65.3,6.82,1632.2,Alluvial,Kharif,rice
89.7,33.8,28.3,17.9,49.0,6.17,266.1,Loam,Rabi,potato
62.4,43.4,35.6,21.9,78.3,7.25,835.2,Loam,Rabi,tomato
80.1,39.6,22.7,17.4,62.4,7.11,441.6,Alluvial,Rabi,wheat
168.8,85.6,71.8,32.4,55.2,6.87,1741.5,Clay Loam,Zaid,sugarcane
38.8,7.9,30.7,27.5,70.3,6.71,730.9,Loam,Kharif,soybean
81.0,48.6,26.9,30.6,68.6,6.79,1741.1,Alluvial,Kharif,rice
36.9,5.4,15.3,28.2,70.2,6.46,427.7,Red Soil,Kharif,millets
111.1,69.3,33.5,24.6,61.5,6.65,607.0,Black Soil,Rabi,tomato
106.0,38.6,25.1,20.3,67.0,6.39,644.5,Loam,Rabi,tomato
113.3,42.2,39.1,21.7,51.6,6.82,720.7,Alluvial,Rabi,tomato
96.2,33.1,33.8,21.2,42.5,7.08,659.4,Alluvial,Rabi,wheat
60.1,5.0,27.3,34.3,43.5,6.97,323.3,Loam,Kharif,millets
112.3,26.3,44.5,24.6,87.5,6.39,710.9,Red Soil,Zaid,maize
68.1,19.2,28.6,14.7,70.7,6.37,715.4,Sandy Loam,Rabi,mustard
94.5,38.0,30.1,29.1,58.3,7.06,658.5,Sandy Loam,Rabi,maize
77.4,17.9,23.3,28.6,77.3,6.28,649.8,Sandy Loam,Kharif,groundnut
33.9,24.3,28.7,23.6,52.9,6.54,855.1,Loam,Kharif,soybean
45.2,17.1,20.8,29.6,74.9,6.29,412.0,Red Soil,Kharif,millets
100.0,33.4,18.7,25.8,71.6,7.73,637.1,Clay Loam,Rabi,wheat
97.8,47.8,41.4,19.2,50.8,6.08,837.7,Sandy Loam,Kharif,potato
76.9,37.6,28.6,12.8,54.6,6.4,431.9,Loam,Rabi,mustard
30.3,10.3,23.0,24.5,59.1,6.69,810.9,Clay Loam,Kharif,soybean
87.2,35.3,24.0,32.1,69.0,7.85,969.4,Alluvial,Kharif,cotton
42.0,14.9,31.2,14.2,56.1,6.83,546.9,Loam,Rabi,mustard
46.7,12.6,24.2,31.1,81.7,6.28,563.7,Red Soil,Kharif,millets
93.5,12.9,12.7,17.2,69.4,6.44,439.5,Clay Loam,Rabi,wheat
168.9,54.5,65.2,30.7,90.6,7.03,1693.5,Clay Loam,Kharif,sugarcane
47.7,55.3,14.9,19.6,61.9,6.88,696.6,Black Soil,Kharif,cotton
31.5,17.2,33.5,30.4,51.1,7.15,565.6,Black Soil,Rabi,millets
76.2,26.2,10.5,19.0,95.0,6.61,394.3,Clay Loam,Rabi,wheat
10.0,10.5,5.0,24.0,76.7,6.47,294.0,Loam,Rabi,chickpea
84.7,45.7,38.6,29.7,95.0,6.34,1781.3,Clay,Kharif,rice
147.3,65.7,46.7,33.7,78.2,6.92,1382.3,Clay Loam,Kharif,sugarcane
95.5,64.6,44.8,12.7,78.9,6.1,656.5,Loam,Rabi,potato
84.3,15.4,45.9,27.7,37.1,7.63,1154.0,Sandy Loam,Kharif,cotton
20.1,8.8,29.8,27.9,73.5,6.08,752.6,Sandy Loam,Kharif,groundnut
127.1,70.6,48.8,31.7,66.0,6.95,1551.1,Clay Loam,Rabi,sugarcane
29.5,19.5,14.4,20.5,73.8,7.38,384.5,Black Soil,Rabi,chickpea
60.9,52.1,44.0,27.9,76.1,6.85,893.8,Loam,Kharif,maize
89.4,44.0,34.0,34.6,57.7,6.47,1469.5,Clay Loam,Kharif,rice
45.4,41.9,23.2,16.4,81.7,7.13,394.4,Loam,Rabi,mustard
145.6,61.7,47.1,26.3,76.1,6.28,1508.1,Alluvial,Kharif,rice
64.9,23.6,9.6,28.7,54.0,6.7,668.0,Sandy Loam,Kharif,groundnut
27.6,26.2,5.0,34.8,57.0,7.12,453.4,Loam,Kharif,millets
66.2,39.0,34.9,26.5,67.7,5.91,749.8,Loam,Rabi,maize
47.0,13.4,6.2,26.0,61.9,5.5,689.5,Black Soil,Kharif,soybean
54.3,12.2,18.5,18.7,30.1,7.55,558.5,Loam,Zaid,chickpea
57.8,7.7,15.2,21.6,74.7,6.9,979.2,Black Soil,Kharif,soybean
125.7,62.7,37.2,14.2,62.4,6.15,677.8,Loam,Rabi,potato
77.8,18.2,44.5,30.3,85.4,7.01,1523.9,Clay,Kharif,rice
94.4,20.7,18.8,30.6,50.6,7.63,759.0,Loam,Kharif,cotton
82.5,43.4,28.9,18.1,78.0,6.36,450.9,Alluvial,Rabi,wheat
26.9,29.3,16.9,26.3,47.4,6.23,700.1,Loam,Kharif,soybean
113.2,65.0,55.5,19.5,38.6,5.84,454.8,Red Soil,Rabi,potato
98.0,60.8,48.6,23.5,69.8,6.2,480.8,Loam,Rabi,potato
148.5,62.1,39.3,28.3,64.2,6.4,1728.6,Loam,Rabi,sugarcane
43.4,22.8,13.7,26.4,54.7,7.18,554.6,Alluvial,Rabi,mustard
99.8,27.4,30.0,24.2,64.5,6.52,498.1,Clay Loam,Rabi,maize
171.4,59.1,50.4,35.3,64.9,7.02,1472.1,Alluvial,Kharif,sugarcane
112.4,46.8,40.1,26.4,60.5,6.46,1569.6,Clay Loam,Kharif,sugarcane
112.7,30.0,29.9,33.7,64.1,7.27,1618.2,Alluvial,Kharif,rice
36.2,22.0,24.0,30.9,43.5,7.14,526.8,Sandy Loam,Kharif,millets
48.5,46.3,31.2,23.9,62.0,6.66,1020.6,Loam,Rabi,maize
72.1,46.4,22.3,30.6,71.8,6.89,900.9,Black Soil,Kharif,cotton
116.4,5.0,26.3,17.6,91.9,6.6,279.3,Loam,Zaid,mustard
74.1,53.3,35.6,23.5,68.9,6.77,620.9,Loam,Rabi,tomato
69.0,27.3,39.6,30.2,66.2,6.13,637.2,Alluvial,Kharif,maize
48.0,18.3,28.9,27.8,95.0,5.82,616.3,Loam,Kharif,groundnut
34.4,22.5,14.5,22.1,47.4,6.94,400.1,Loam,Rabi,chickpea
119.9,71.3,31.4,23.4,83.2,6.12,702.7,Red Soil,Zaid,maize
82.5,43.3,20.3,16.0,49.8,6.46,637.5,Alluvial,Zaid,mustard
86.3,40.9,46.9,26.4,31.7,6.24,1475.7,Alluvial,Kharif,rice
61.8,25.6,20.2,31.2,95.0,6.65,881.5,Sandy Loam,Kharif,groundnut
76.4,30.7,32.4,33.2,50.4,6.62,1167.4,Clay Loam,Kharif,cotton
42.6,11.2,32.6,27.2,76.7,6.71,785.2,Red Soil,Kharif,groundnut
55.2,53.1,14.6,25.5,84.2,6.5,804.2,Clay Loam,Kharif,soybean
100.2,65.5,52.4,19.3,68.4,6.82,934.2,Sandy Loam,Rabi,tomato
73.6,43.3,25.3,28.8,51.5,6.42,769.1,Alluvial,Kharif,maize
112.2,20.7,27.2,16.5,66.1,6.84,492.5,Clay Loam,Rabi,wheat
133.9,47.2,60.8,27.5,65.6,7.05,839.6,Loam,Rabi,tomato
10.0,18.4,29.3,21.7,67.6,6.67,551.1,Sandy Loam,Kharif,chickpea
33.6,32.2,42.6,26.5,40.1,6.68,1149.7,Clay,Kharif,groundnut
79.4,18.3,12.5,11.6,56.6,6.4,167.7,Clay Loam,Rabi,mustard
46.2,28.9,15.5,28.6,79.2,6.77,886.9,Loam,Kharif,soybean
37.7,13.8,8.4,37.2,58.6,5.99,280.7,Red Soil,Kharif,millets
24.1,13.5,16.3,29.5,78.3,6.38,785.7,Clay Loam,Kharif,soybean
27.3,23.5,5.0,29.9,92.8,7.08,992.6,Black Soil,Kharif,soybean
60.7,27.3,17.3,31.8,85.4,7.24,1042.3,Clay Loam,Kharif,cotton
53.2,23.8,26.3,28.0,69.3,7.06,717.1,Clay,Kharif,cotton
156.2,54.7,45.3,28.7,62.9,7.02,1562.4,Alluvial,Rabi,sugarcane
100.8,23.8,40.2,24.0,60.0,5.92,1751.9,Clay Loam,Kharif,rice
158.0,60.0,39.5,23.4,68.9,6.49,1832.3,Clay,Kharif,rice
84.1,6.9,47.1,26.7,86.4,6.44,546.2,Red Soil,Rabi,maize
75.3,43.6,18.1,15.3,59.7,6.56,413.2,Loam,Rabi,wheat
78.4,38.7,41.0,31.9,62.0,6.39,1677.5,Clay,Kharif,rice
159.6,45.2,44.2,18.1,47.5,6.01,464.2,Loam,Rabi,potato
126.9,35.5,39.9,20.8,80.5,6.15,494.2,Sandy Loam,Rabi,potato
52.0,5.0,18.7,34.8,55.9,6.79,625.2,Black Soil,Kharif,soybean
29.0,29.4,30.4,26.3,44.5,7.51,989.0,Loam,Zaid,soybean
34.6,24.8,6.8,34.9,50.5,6.34,399.1,Loam,Kharif,millets
110.4,58.5,47.6,27.9,83.8,6.43,551.6,Alluvial,Kharif,tomato
112.0,70.3,25.8,22.7,55.4,6.6,634.5,Alluvial,Zaid,tomato
25.3,19.5,13.5,28.3,74.2,6.21,388.1,Alluvial,Kharif,millets
116.7,63.0,39.7,21.2,50.6,7.03,606.8,Sandy Loam,Rabi,tomato
68.5,5.0,16.6,17.9,95.0,7.44,485.8,Loam,Rabi,chickpea
123.1,38.7,31.0,27.1,74.3,6.24,1770.9,Clay Loam,Kharif,rice
62.8,48.6,5.0,24.9,60.4,7.31,901.0,Loam,Kharif,cotton
142.7,47.5,41.8,17.0,47.9,6.07,542.8,Sandy Loam,Zaid,potato
86.9,44.6,34.7,28.3,71.0,6.39,1545.9,Clay Loam,Kharif,rice
63.8,18.1,26.2,27.8,66.8,6.42,277.4,Red Soil,Kharif,millets
115.9,60.6,47.2,16.1,71.0,6.04,333.6,Loam,Rabi,potato
48.1,39.8,11.2,25.6,60.8,6.75,960.9,Clay Loam,Kharif,soybean
86.8,36.0,26.0,17.2,43.9,7.51,706.8,Alluvial,Rabi,wheat
66.0,53.1,17.4,16.7,44.3,7.87,640.6,Loam,Rabi,mustard
56.2,9.2,40.5,30.6,95.0,6.22,685.8,Clay Loam,Kharif,soybean
71.5,24.1,17.8,24.3,53.1,6.64,358.4,Alluvial,Rabi,wheat
151.4,79.5,58.3,29.9,73.9,7.24,1511.9,Alluvial,Rabi,sugarcane
10.0,38.7,5.0,22.5,64.2,7.31,674.0,Sandy Loam,Rabi,chickpea
52.5,17.2,5.0,28.6,72.6,6.95,573.7,Black Soil,Kharif,soybean
91.2,43.2,17.9,20.1,74.2,7.14,549.2,Loam,Rabi,wheat
160.6,61.9,61.6,33.9,58.3,6.96,1761.8,Alluvial,Kharif,sugarcane
59.2,34.2,26.0,17.3,75.4,6.2,432.5,Loam,Rabi,mustard
62.2,35.9,28.9,29.3,52.7,7.48,727.4,Clay Loam,Kharif,cotton
21.7,10.6,5.0,23.4,45.5,6.61,597.0,Sandy Loam,Rabi,chickpea
39.7,16.8,24.2,26.5,90.6,6.33,588.6,Black Soil,Kharif,soybean
92.3,30.8,28.4,29.4,88.2,7.23,484.2,Alluvial,Rabi,mustard
66.7,30.9,27.6,27.1,61.3,6.4,627.3,Loam,Rabi,groundnut
26.4,21.8,8.5,20.4,54.0,6.41,576.9,Alluvial,Kharif,mustard
72.2,53.0,26.5,28.2,62.3,7.86,782.5,Loam,Rabi,cotton
59.6,29.9,20.6,20.2,63.8,7.11,444.0,Alluvial,Rabi,wheat
100.7,45.8,30.8,25.6,77.3,6.63,827.7,Clay Loam,Rabi,maize
72.9,32.3,13.4,32.1,63.2,6.31,662.4,Clay Loam,Kharif,soybean
85.1,16.5,19.2,18.9,87.1,7.04,319.2,Black Soil,Rabi,chickpea
111.1,53.7,37.0,27.5,84.7,6.55,735.9,Sandy Loam,Kharif,tomato
86.8,36.0,35.6,19.6,57.3,5.83,693.2,Loam,Rabi,potato
107.8,63.5,38.2,27.4,67.6,6.95,260.9,Sandy Loam,Zaid,tomato
114.4,45.5,34.7,28.1,58.9,6.62,583.9,Alluvial,Kharif,maize
69.3,34.3,19.6,27.4,78.0,6.35,645.6,Clay Loam,Zaid,maize
108.1,50.7,35.1,24.1,58.5,6.54,805.4,Sandy Loam,Kharif,maize
19.2,35.4,14.9,27.1,65.7,6.96,472.2,Sandy Loam,Kharif,groundnut
21.4,23.2,5.4,27.5,68.7,6.71,922.3,Clay Loam,Kharif,soybean
138.1,50.2,56.6,27.0,61.1,6.97,1669.3,Clay Loam,Rabi,sugarcane
79.4,65.7,35.3,24.9,71.6,6.49,1743.1,Alluvial,Kharif,rice
43.7,5.0,17.4,18.3,74.1,7.35,313.2,Black Soil,Rabi,chickpea
14.0,5.0,11.1,24.9,31.8,6.51,483.6,Sandy Loam,Rabi,chickpea
99.1,63.9,44.0,27.7,86.5,7.3,1910.2,Clay Loam,Kharif,rice
46.9,21.4,11.0,31.6,44.7,6.1,604.1,Red Soil,Kharif,millets
40.8,11.9,27.0,23.1,50.1,6.56,236.8,Sandy Loam,Rabi,chickpea
67.6,28.9,11.0,28.7,67.8,6.4,855.7,Red Soil,Rabi,groundnut
84.3,20.3,20.0,30.9,44.7,6.71,249.6,Sandy Loam,Kharif,millets
159.6,58.8,40.9,25.1,55.2,6.37,407.8,Sandy Loam,Rabi,potato
41.4,34.9,13.9,35.0,86.9,6.9,370.5,Sandy Loam,Kharif,millets
108.3,77.5,51.2,29.8,55.7,6.78,1631.5,Clay Loam,Kharif,sugarcane
46.3,35.0,26.9,31.4,73.7,7.11,814.4,Red Soil,Kharif,groundnut
159.0,69.6,68.2,25.6,72.2,6.05,1570.2,Black Soil,Zaid,sugarcane
98.8,46.2,50.5,22.9,79.8,6.61,852.3,Sandy Loam,Zaid,tomato
66.4,40.1,29.2,20.1,62.8,6.72,828.3,Clay Loam,Rabi,wheat
100.4,9.6,17.1,17.7,69.8,6.14,360.8,Alluvial,Rabi,mustard
128.3,34.6,32.0,36.1,85.1,6.51,1671.2,Clay Loam,Kharif,rice
118.1,41.2,32.4,27.7,95.0,6.44,1772.5,Clay Loam,Kharif,rice
89.3,61.3,40.7,17.2,68.6,7.42,481.0,Clay Loam,Rabi,wheat
44.3,35.7,26.1,24.9,47.6,5.92,573.3,Loam,Kharif,groundnut
27.7,41.3,32.7,15.7,63.7,6.71,293.5,Loam,Rabi,mustard
60.1,31.2,10.5,21.1,56.1,6.31,483.4,Sandy Loam,Rabi,chickpea
26.8,35.5,24.1,27.8,60.4,7.33,754.0,Loam,Kharif,groundnut
60.4,29.3,32.8,27.0,51.2,7.38,676.9,Sandy Loam,Rabi,chickpea
50.9,30.0,5.0,29.9,68.9,6.51,654.7,Sandy Loam,Kharif,groundnut
74.1,36.0,25.7,26.4,47.7,6.8,789.7,Sandy Loam,Kharif,groundnut
123.4,41.4,44.6,28.0,62.6,6.59,457.2,Sandy Loam,Zaid,tomato
65.8,8.3,5.0,21.4,55.8,6.82,891.3,Sandy Loam,Rabi,mustard
108.8,82.6,52.1,26.2,91.4,6.59,1885.9,Alluvial,Rabi,sugarcane
93.4,36.4,29.4,29.6,83.5,7.12,290.1,Alluvial,Rabi,wheat
24.2,8.4,5.4,16.4,49.4,7.12,564.3,Sandy Loam,Rabi,chickpea
78.1,21.4,28.7,28.7,89.7,6.53,693.0,Sandy Loam,Kharif,maize
65.9,35.7,28.5,19.3,52.6,7.09,419.8,Sandy Loam,Rabi,mustard
39.1,5.6,21.3,25.8,53.1,6.8,845.2,Clay Loam,Kharif,soybean
71.1,29.9,34.9,21.1,56.6,7.77,528.8,Black Soil,Rabi,chickpea
109.3,42.9,29.2,30.9,57.7,7.35,920.7,Clay Loam,Kharif,cotton
34.6,25.5,13.9,36.0,70.1,6.96,550.4,Sandy Loam,Kharif,millets
10.0,24.1,5.0,27.8,75.7,7.69,823.6,Loam,Rabi,chickpea
110.2,27.1,22.3,25.4,77.3,6.51,961.0,Red Soil,Kharif,maize
54.6,34.8,35.7,21.9,94.6,6.76,722.3,Red Soil,Rabi,wheat
103.2,46.7,46.1,20.1,80.1,5.83,602.3,Loam,Kharif,tomato
100.8,21.2,28.8,30.9,60.3,7.85,548.4,Clay Loam,Kharif,soybean
107.2,42.4,27.7,21.1,38.2,7.54,704.4,Loam,Kharif,cotton
110.9,52.3,62.0,22.6,51.6,5.66,534.7,Loam,Rabi,potato
102.0,39.6,31.9,24.5,66.1,6.26,803.9,Clay Loam,Kharif,maize
62.1,18.4,28.0,14.3,54.0,6.82,574.1,Loam,Rabi,chickpea
131.1,59.6,48.4,22.3,75.2,5.66,521.3,Red Soil,Rabi,potato
147.2,43.4,44.2,22.3,60.5,6.35,876.3,Sandy Loam,Zaid,tomato
121.4,34.0,35.4,18.4,88.3,6.53,665.2,Sandy Loam,Rabi,potato
45.9,13.7,12.8,17.6,84.0,7.92,535.2,Clay Loam,Rabi,chickpea
64.6,45.7,30.5,22.3,63.2,6.51,423.9,Clay Loam,Rabi,wheat
92.9,48.2,36.9,18.9,70.9,6.78,480.2,Clay Loam,Rabi,wheat
67.2,33.2,15.1,14.9,68.1,6.55,189.2,Loam,Rabi,mustard
106.0,38.5,53.1,24.7,81.2,6.68,1118.8,Red Soil,Zaid,maize
93.9,52.2,30.4,23.1,77.7,6.42,700.0,Alluvial,Zaid,maize
40.1,21.5,21.3,28.5,76.8,6.65,651.8,Clay Loam,Kharif,soybean
35.1,29.1,28.8,32.0,38.4,7.2,958.5,Loam,Kharif,cotton
29.1,22.7,24.3,37.0,74.4,6.65,340.1,Red Soil,Kharif,millets
97.4,9.2,25.2,26.1,76.8,6.62,577.4,Loam,Rabi,maize
159.7,55.8,71.0,32.1,52.4,6.37,1764.1,Alluvial,Zaid,sugarcane
136.1,65.3,45.8,31.6,59.5,7.21,1435.6,Clay Loam,Kharif,sugarcane
93.0,33.9,24.7,26.4,55.8,6.66,758.9,Loam,Kharif,maize
33.3,25.4,18.2,23.8,76.3,6.3,634.1,Red Soil,Kharif,groundnut
61.2,22.5,32.7,29.3,56.9,6.67,518.8,Red Soil,Rabi,groundnut
43.3,20.2,22.5,24.0,61.8,7.13,916.0,Clay Loam,Kharif,soybean
89.7,11.5,37.3,26.0,89.7,6.78,719.4,Loam,Kharif,groundnut
137.7,54.2,26.8,15.3,66.8,6.09,206.1,Loam,Rabi,potato
84.9,13.4,35.2,22.2,43.0,6.9,735.5,Clay Loam,Rabi,wheat
48.9,31.7,36.7,32.5,67.6,6.07,920.5,Sandy Loam,Kharif,groundnut
70.6,44.5,37.8,25.3,92.6,7.04,1658.1,Alluvial,Kharif,rice
151.8,52.4,26.7,21.2,81.4,6.57,577.7,Sandy Loam,Kharif,tomato
90.1,48.1,25.0,21.2,75.3,6.92,823.6,Loam,Rabi,maize
88.8,43.5,24.0,23.1,76.4,6.11,637.5,Alluvial,Rabi,maize
44.4,37.5,9.5,23.8,67.7,7.12,598.2,Red Soil,Rabi,groundnut
152.1,98.0,63.7,27.1,62.8,6.43,1485.7,Loam,Rabi,sugarcane
42.7,5.0,20.1,24.8,73.2,6.5,424.2,Loam,Kharif,millets
87.8,29.6,36.9,25.1,76.6,5.82,584.6,Sandy Loam,Rabi,maize
138.6,50.9,42.1,13.8,52.0,5.86,465.0,Sandy Loam,Rabi,potato
83.8,59.9,55.8,25.9,74.1,6.73,733.6,Loam,Kharif,tomato
17.4,27.7,8.1,29.0,80.0,7.14,225.1,Black Soil,Rabi,chickpea
60.4,20.1,27.7,24.6,34.8,6.85,511.2,Loam,Rabi,mustard
101.8,53.7,29.7,38.6,37.5,6.55,1244.5,Black Soil,Kharif,cotton
86.9,46.3,24.5,30.8,65.6,6.65,1703.6,Clay,Kharif,rice
65.2,25.6,17.8,25.4,61.8,6.23,844.0,Red Soil,Kharif,groundnut
79.0,15.4,18.3,37.7,69.6,6.75,456.3,Red Soil,Kharif,millets
77.1,66.4,45.2,30.8,45.0,6.4,1671.9,Loam,Kharif,rice
96.2,39.1,26.8,33.4,56.1,6.49,692.4,Sandy Loam,Kharif,maize
39.5,5.0,10.4,16.0,80.1,6.83,348.1,Sandy Loam,Rabi,chickpea
75.9,48.1,42.6,17.0,48.7,6.73,698.3,Clay Loam,Rabi,wheat
87.1,32.6,29.0,17.6,60.0,6.63,560.8,Loam,Rabi,wheat
58.6,24.6,14.0,18.8,55.0,6.6,486.4,Sandy Loam,Zaid,mustard
130.7,37.2,44.6,24.2,36.2,6.49,495.5,Alluvial,Zaid,tomato
97.3,37.2,33.2,24.2,25.2,6.94,503.5,Loam,Rabi,wheat
76.0,24.2,10.8,37.3,79.2,6.45,659.0,Red Soil,Rabi,millets
139.5,64.3,42.1,24.4,71.2,5.79,726.9,Loam,Rabi,potato
76.8,14.8,31.5,30.6,82.9,6.88,612.5,Loam,Kharif,millets
62.3,54.1,21.0,21.3,42.1,7.03,632.2,Sandy Loam,Rabi,maize
122.7,39.4,13.7,17.6,73.5,7.13,826.7,Loam,Zaid,wheat
21.3,14.2,5.0,16.7,53.2,6.9,472.6,Black Soil,Rabi,chickpea
120.5,64.5,46.0,27.0,67.6,7.23,1999.2,Loam,Kharif,sugarcane
64.0,9.0,17.2,23.1,68.7,7.01,491.0,Black Soil,Rabi,chickpea
132.0,59.9,41.8,24.6,65.4,6.31,431.7,Alluvial,Zaid,tomato
67.3,28.4,11.1,30.6,71.0,6.7,618.3,Sandy Loam,Kharif,millets
33.7,10.5,13.4,20.2,68.7,6.48,283.6,Black Soil,Rabi,chickpea
146.4,77.1,64.3,24.6,73.6,6.52,1617.9,Clay Loam,Rabi,sugarcane
66.4,20.5,13.2,19.7,56.6,6.87,437.6,Alluvial,Rabi,mustard
67.6,5.0,21.3,23.3,45.7,7.37,596.1,Alluvial,Rabi,mustard
63.9,37.9,18.4,24.6,63.2,6.74,362.4,Red Soil,Kharif,groundnut
30.0,17.0,5.0,18.6,95.0,6.79,496.2,Loam,Rabi,chickpea
101.9,27.4,25.6,29.6,53.2,6.85,935.9,Sandy Loam,Kharif,maize
101.7,52.3,26.3,27.9,52.4,7.8,812.6,Black Soil,Kharif,cotton
11.7,9.9,5.0,33.6,78.7,6.61,347.2,Red Soil,Rabi,millets
122.6,51.2,51.8,27.2,78.7,6.83,1695.2,Clay Loam,Kharif,rice
123.9,44.4,48.1,21.5,89.1,6.83,729.7,Sandy Loam,Zaid,maize
10.0,13.3,28.4,29.6,70.7,7.18,408.5,Sandy Loam,Kharif,millets
13.2,5.0,26.9,36.1,65.9,6.51,563.8,Alluvial,Kharif,millets
14.8,26.0,11.1,22.1,44.3,6.45,311.4,Black Soil,Rabi,chickpea
86.9,47.1,32.6,24.2,68.1,6.48,917.4,Sandy Loam,Kharif,maize
60.3,45.6,24.9,30.3,68.1,6.46,712.3,Alluvial,Kharif,maize
100.3,54.6,39.7,21.2,70.2,5.88,597.8,Sandy Loam,Rabi,potato
11.2,38.6,12.6,20.4,65.3,6.96,580.8,Clay,Rabi,chickpea
65.0,11.6,5.0,24.5,51.3,6.18,342.1,Sandy Loam,Rabi,chickpea
103.6,59.2,33.7,17.4,71.4,6.8,898.2,Sandy Loam,Rabi,potato
89.9,37.7,21.7,19.3,59.9,7.03,804.4,Clay Loam,Rabi,wheat
71.9,17.8,9.1,24.7,90.6,6.6,845.1,Black Soil,Kharif,cotton
96.6,49.4,45.1,20.3,73.9,5.92,826.4,Loam,Rabi,potato
100.2,63.3,42.4,26.7,88.9,6.81,1748.2,Clay,Kharif,rice
145.1,52.2,40.4,33.8,71.1,7.35,1629.8,Alluvial,Kharif,sugarcane
74.4,33.3,25.7,25.9,72.3,6.86,532.3,Red Soil,Zaid,maize
39.9,18.3,5.0,38.1,58.7,6.02,269.8,Loam,Kharif,millets
136.0,47.9,43.5,21.6,46.6,5.72,496.6,Loam,Rabi,potato
113.2,39.1,29.6,22.0,73.4,6.25,1035.7,Alluvial,Kharif,maize
86.2,31.9,24.2,29.4,61.2,7.08,728.7,Black Soil,Kharif,cotton
82.3,43.6,47.9,28.5,56.9,6.22,620.0,Loam,Zaid,tomato
144.3,48.3,54.0,17.2,50.6,5.94,481.6,Loam,Rabi,potato
98.4,49.0,28.3,24.3,40.1,7.05,786.8,Loam,Zaid,wheat
53.5,30.1,7.0,36.5,48.4,7.53,488.6,Loam,Kharif,millets
82.3,53.0,22.0,27.9,40.9,6.31,833.8,Sandy Loam,Zaid,maize
42.7,34.2,9.4,34.1,56.1,6.67,605.6,Alluvial,Kharif,millets
38.7,34.0,5.0,23.5,76.7,7.66,513.4,Loam,Kharif,chickpea
33.5,22.3,7.3,29.5,37.0,6.62,659.1,Sandy Loam,Kharif,millets
21.2,42.1,9.7,31.8,49.5,6.11,792.5,Loam,Kharif,groundnut
65.8,17.8,21.3,25.2,54.9,6.76,387.9,Loam,Rabi,mustard
143.7,66.8,30.7,14.3,71.9,6.24,459.6,Loam,Rabi,potato
117.0,50.2,32.4,31.3,76.9,6.57,1844.6,Clay,Kharif,rice
43.7,15.4,28.4,25.4,67.8,6.08,937.6,Red Soil,Kharif,groundnut
41.4,42.3,41.4,32.3,72.7,7.42,722.1,Clay Loam,Kharif,cotton
139.7,54.0,54.8,23.2,70.5,6.38,592.4,Alluvial,Kharif,tomato
96.5,34.0,31.9,21.2,90.5,6.17,831.3,Sandy Loam,Zaid,maize
123.9,63.4,63.8,23.4,43.6,7.2,1683.8,Loam,Rabi,sugarcane
10.0,21.5,16.1,17.1,66.7,7.13,369.1,Sandy Loam,Kharif,chickpea
46.7,19.8,5.0,24.5,66.6,6.29,799.2,Loam,Kharif,soybean
47.6,15.2,25.4,20.6,47.2,6.93,538.6,Black Soil,Rabi,chickpea
49.6,31.3,5.0,33.4,58.8,6.48,268.6,Loam,Kharif,millets
66.2,37.8,26.4,29.1,64.8,6.62,626.1,Red Soil,Rabi,maize
119.3,48.7,57.0,26.5,69.8,6.34,1791.0,Clay Loam,Kharif,sugarcane
51.4,37.7,15.7,27.3,79.4,6.3,860.3,Clay Loam,Kharif,soybean
93.5,30.7,45.2,23.1,85.9,6.23,865.6,Sandy Loam,Zaid,maize
42.9,48.2,36.2,24.5,42.0,6.61,674.2,Red Soil,Rabi,maize
29.9,21.6,9.7,18.6,32.8,6.82,278.3,Sandy Loam,Rabi,mustard
77.4,19.7,27.5,26.6,74.3,7.01,942.8,Loam,Zaid,cotton
71.9,18.0,19.1,22.5,54.5,7.22,594.2,Sandy Loam,Kharif,soybean
80.1,29.5,15.2,20.6,64.3,6.13,243.8,Sandy Loam,Rabi,mustard
60.7,26.2,14.7,21.9,55.1,6.94,555.9,Sandy Loam,Rabi,chickpea
67.1,46.9,21.7,32.2,86.5,7.06,826.8,Clay Loam,Kharif,cotton
52.0,26.0,30.2,29.3,85.8,6.77,800.4,Clay Loam,Kharif,soybean
155.6,84.9,39.7,36.6,56.0,6.51,1574.0,Loam,Rabi,sugarcane
82.1,38.1,35.5,25.2,75.4,7.39,779.9,Alluvial,Rabi,maize
55.1,16.9,15.2,32.6,78.2,6.27,286.4,Red Soil,Kharif,millets
29.6,46.3,9.5,27.3,75.8,6.49,545.1,Loam,Rabi,chickpea
43.7,34.4,11.0,19.7,46.4,7.21,613.8,Black Soil,Rabi,chickpea
75.4,21.5,38.4,27.7,90.4,6.46,989.5,Clay Loam,Kharif,cotton
160.6,60.2,45.3,17.4,64.8,6.03,733.7,Sandy Loam,Rabi,potato
99.2,64.3,45.4,22.7,53.4,6.6,646.0,Sandy Loam,Zaid,tomato
50.5,29.6,12.8,19.4,59.5,6.46,561.5,Sandy Loam,Rabi,mustard
122.9,58.2,45.2,21.8,85.6,6.8,601.8,Alluvial,Rabi,tomato
109.3,33.5,16.8,22.8,56.5,6.46,690.6,Clay Loam,Rabi,wheat
42.0,11.3,13.7,17.8,67.8,6.99,413.6,Black Soil,Rabi,chickpea
79.2,59.4,37.7,24.7,80.7,6.8,840.5,Loam,Kharif,maize
51.0,40.7,12.1,26.0,58.8,6.58,935.5,Loam,Kharif,soybean
21.6,36.8,5.0,27.2,76.1,6.77,711.0,Sandy Loam,Zaid,millets
120.6,59.3,46.5,34.2,49.4,7.04,1505.1,Alluvial,Kharif,sugarcane
99.5,59.6,30.0,16.9,64.2,6.54,676.1,Clay Loam,Rabi,wheat
164.2,65.7,50.1,30.4,59.4,7.7,1811.4,Loam,Kharif,sugarcane
83.9,10.1,5.0,30.8,65.0,6.78,591.5,Sandy Loam,Kharif,groundnut
73.0,52.2,20.2,29.3,49.9,6.49,725.2,Black Soil,Kharif,cotton
55.8,10.7,17.4,30.0,42.7,6.64,905.7,Clay Loam,Kharif,soybean
85.4,38.6,32.1,21.8,65.7,6.76,607.2,Clay Loam,Rabi,wheat
80.0,74.5,50.0,19.8,85.5,6.41,445.2,Loam,Rabi,potato
47.0,41.9,5.0,21.0,82.8,7.01,984.8,Black Soil,Kharif,soybean
87.6,33.5,38.2,10.2,42.6,7.03,568.6,Loam,Rabi,wheat
173.4,49.4,53.0,29.6,57.4,6.5,1585.6,Loam,Kharif,sugarcane
97.1,55.5,29.4,27.3,56.1,6.69,608.8,Sandy Loam,Rabi,maize
115.7,33.7,38.7,24.1,52.5,6.8,571.6,Alluvial,Rabi,wheat
77.7,25.5,49.3,23.0,44.9,6.64,810.0,Loam,Zaid,maize
36.8,27.6,16.9,29.5,54.7,6.36,839.0,Loam,Kharif,groundnut
102.5,58.8,44.4,23.0,81.4,6.25,929.4,Sandy Loam,Zaid,tomato
56.4,5.1,5.0,23.7,64.1,6.34,256.2,Sandy Loam,Rabi,chickpea
111.9,70.5,58.7,31.0,54.6,7.22,1561.7,Loam,Kharif,sugarcane
91.9,31.7,25.5,19.8,58.2,6.65,665.3,Clay Loam,Rabi,wheat
147.3,64.6,50.4,26.7,75.1,6.82,1509.2,Alluvial,Rabi,sugarcane
111.2,23.3,31.0,21.0,84.0,6.24,466.2,Alluvial,Rabi,wheat
106.2,44.5,34.3,20.7,68.9,6.67,572.9,Loam,Rabi,wheat
76.2,14.5,14.7,26.4,58.1,6.32,721.1,Loam,Kharif,cotton
67.3,17.4,18.3,22.1,54.8,6.22,745.1,Black Soil,Rabi,maize
37.2,31.3,5.0,24.6,53.2,6.52,561.1,Loam,Rabi,chickpea
55.8,40.4,34.8,28.9,64.4,6.86,700.0,Sandy Loam,Kharif,groundnut
11.7,11.2,18.2,22.9,53.8,7.74,455.4,Loam,Rabi,chickpea
83.1,31.4,22.5,23.9,67.9,6.6,946.9,Alluvial,Kharif,soybean
10.0,5.0,6.0,19.9,44.6,7.07,605.1,Black Soil,Rabi,chickpea
84.4,50.5,33.8,30.8,76.7,6.31,1636.2,Alluvial,Kharif,rice
43.2,25.9,13.8,15.8,61.3,7.31,341.3,Loam,Rabi,mustard
94.8,65.8,49.7,28.3,65.4,5.86,568.4,Sandy Loam,Rabi,potato
65.3,45.1,24.5,20.9,61.5,6.15,513.2,Loam,Rabi,wheat
38.1,18.0,21.9,28.0,83.3,6.06,366.6,Loam,Kharif,millets
78.8,36.0,20.0,16.8,75.8,6.6,548.6,Clay Loam,Rabi,wheat
133.9,53.6,22.4,30.2,69.5,7.62,727.1,Loam,Kharif,tomato
57.1,22.0,20.0,14.9,62.7,7.52,385.6,Alluvial,Rabi,mustard
146.4,76.7,64.0,27.3,40.9,6.83,1633.1,Alluvial,Zaid,sugarcane
138.1,62.3,51.3,30.6,90.9,7.04,1593.9,Loam,Zaid,sugarcane
78.5,5.0,32.3,30.9,56.8,6.66,505.2,Loam,Kharif,millets
60.8,13.1,12.3,22.5,70.2,6.46,585.0,Loam,Rabi,chickpea
35.1,10.9,50.4,28.0,59.4,6.39,671.1,Loam,Kharif,groundnut
84.3,7.4,15.4,35.5,65.0,6.68,907.0,Sandy Loam,Kharif,millets
30.4,10.2,25.5,22.8,80.9,6.86,670.7,Loam,Rabi,groundnut
127.8,29.8,36.3,23.4,79.3,6.24,770.7,Loam,Rabi,tomato
94.3,21.3,28.7,23.5,68.1,7.08,639.1,Sandy Loam,Zaid,maize
55.4,54.8,54.3,20.8,72.9,6.58,1567.6,Clay,Kharif,rice
69.7,27.7,23.3,36.1,49.8,5.93,871.8,Loam,Rabi,maize
77.9,26.2,37.0,16.3,64.7,6.63,420.7,Loam,Rabi,wheat
72.7,22.0,5.0,28.1,63.1,6.13,674.0,Sandy Loam,Kharif,groundnut
115.9,64.7,57.7,21.0,79.8,6.81,574.8,Sandy Loam,Rabi,tomato
54.0,26.5,19.3,22.2,44.1,6.97,302.1,Sandy Loam,Rabi,mustard
118.2,47.9,38.4,26.2,54.8,6.72,1281.3,Clay Loam,Kharif,rice
61.2,37.3,9.5,27.4,71.3,5.68,678.3,Sandy Loam,Kharif,soybean
135.3,43.2,35.1,26.2,83.0,6.9,735.0,Sandy Loam,Zaid,tomato
130.5,43.7,31.3,24.7,76.2,6.22,386.0,Sandy Loam,Rabi,potato
127.1,41.1,53.3,20.0,62.8,5.64,429.0,Sandy Loam,Zaid,potato
65.5,27.3,16.7,33.4,80.8,6.58,382.2,Red Soil,Kharif,millets
87.6,53.3,39.7,27.3,85.0,6.66,861.1,Red Soil,Kharif,maize
81.4,27.7,23.6,26.6,59.8,6.8,809.7,Clay Loam,Kharif,cotton
95.0,20.9,32.4,30.6,61.6,7.42,876.6,Clay,Kharif,cotton
61.7,26.1,26.4,27.5,52.6,6.21,904.2,Alluvial,Zaid,maize
30.3,19.3,5.0,21.4,78.7,7.16,456.2,Sandy Loam,Rabi,chickpea
60.0,35.8,21.7,25.3,67.6,6.92,936.2,Black Soil,Rabi,soybean
107.5,48.4,11.8,11.4,63.9,5.65,698.0,Sandy Loam,Rabi,potato
116.1,37.9,32.0,19.1,55.6,6.29,623.8,Clay,Kharif,tomato
83.5,36.8,44.9,29.4,54.8,5.8,1692.0,Clay,Kharif,rice
84.0,15.5,22.7,29.0,76.5,7.3,793.1,Loam,Kharif,cotton
143.7,31.6,32.8,15.3,56.4,5.08,623.6,Sandy Loam,Rabi,potato
24.9,28.3,5.0,25.2,78.3,6.76,523.6,Loam,Kharif,millets
99.1,78.3,45.1,15.0,67.3,5.78,770.5,Sandy Loam,Rabi,potato
43.7,5.0,7.7,23.3,51.6,6.36,494.2,Red Soil,Zaid,groundnut
107.1,36.1,29.9,29.5,54.9,6.48,1803.5,Clay,Kharif,rice
85.1,47.5,51.1,19.3,47.4,6.76,636.7,Alluvial,Rabi,wheat
31.0,10.5,11.2,27.6,33.2,7.5,654.9,Black Soil,Rabi,chickpea
42.0,17.6,17.6,31.9,59.7,6.26,705.7,Clay Loam,Kharif,soybean
104.7,54.0,31.5,26.6,56.7,6.19,1802.8,Clay,Kharif,rice
81.3,31.3,37.1,24.9,54.8,7.19,645.1,Alluvial,Rabi,wheat
50.6,29.7,7.2,19.3,56.1,6.8,271.7,Loam,Rabi,mustard
31.3,18.6,5.9,30.0,41.2,6.61,882.2,Sandy Loam,Kharif,groundnut
30.5,15.3,19.0,30.7,53.1,6.76,675.6,Red Soil,Kharif,millets
117.4,62.4,39.3,19.4,72.9,5.41,406.7,Sandy Loam,Rabi,potato
47.5,19.8,5.0,38.1,80.5,6.32,371.5,Red Soil,Kharif,millets
78.7,35.7,30.7,22.4,63.4,6.6,792.4,Red Soil,Rabi,maize
46.9,34.8,27.2,20.5,53.0,6.32,100.0,Sandy Loam,Rabi,mustard
28.9,30.5,7.5,19.5,61.8,6.51,469.6,Black Soil,Rabi,chickpea
44.4,18.7,19.7,19.8,95.0,6.3,667.7,Loam,Rabi,chickpea
70.9,44.8,35.9,33.4,89.6,5.87,1848.9,Clay,Kharif,rice
36.2,35.5,24.3,29.9,86.4,6.3,876.0,Sandy Loam,Kharif,soybean
20.3,29.8,5.0,26.6,51.3,6.82,487.9,Black Soil,Kharif,chickpea
141.9,57.5,32.2,15.4,72.8,4.97,669.3,Loam,Rabi,potato
162.5,71.3,44.1,30.5,77.3,6.5,1739.8,Loam,Zaid,sugarcane
66.6,41.1,36.2,27.0,67.4,6.6,1038.6,Red Soil,Rabi,maize
142.6,42.6,40.5,16.1,72.6,5.99,478.6,Sandy Loam,Rabi,potato
77.7,53.0,17.4,24.8,82.6,5.82,1714.7,Alluvial,Kharif,rice
85.8,61.7,19.0,12.7,80.3,7.62,401.6,Sandy Loam,Rabi,mustard
150.8,63.8,40.1,29.0,69.3,6.93,1406.9,Clay Loam,Rabi,sugarcane
141.2,63.7,41.6,30.7,48.2,6.27,1484.0,Red Soil,Rabi,sugarcane
50.1,12.2,8.0,31.7,57.6,7.01,695.6,Clay Loam,Zaid,soybean
66.2,29.4,14.5,22.0,69.2,6.42,404.5,Sandy Loam,Kharif,mustard
86.7,62.2,42.9,20.4,60.3,6.19,503.0,Sandy Loam,Rabi,potato
48.2,37.7,19.7,24.6,77.5,7.42,583.9,Alluvial,Rabi,wheat
35.2,39.6,24.6,36.0,60.8,6.96,477.3,Red Soil,Kharif,millets
152.9,52.4,50.0,30.5,56.0,6.94,1876.3,Loam,Rabi,sugarcane
20.2,15.3,21.7,35.9,63.1,6.5,515.3,Red Soil,Kharif,millets
35.5,17.2,10.4,27.9,50.6,6.24,691.0,Loam,Kharif,soybean
40.0,15.9,17.8,29.9,58.4,6.61,235.7,Sandy Loam,Kharif,millets
72.5,8.6,5.0,27.3,94.7,6.81,830.8,Alluvial,Kharif,soybean
60.9,20.2,31.9,22.5,82.9,7.27,443.7,Clay Loam,Rabi,wheat
103.3,54.4,20.2,14.9,62.4,6.98,365.1,Loam,Rabi,wheat
61.8,18.7,6.2,23.6,69.6,6.77,773.8,Black Soil,Kharif,soybean
24.6,5.0,5.0,30.1,66.2,6.87,454.2,Sandy Loam,Kharif,millets
99.5,51.3,43.5,18.8,75.7,6.53,323.8,Alluvial,Rabi,wheat
43.7,5.0,26.5,24.2,81.2,6.26,618.4,Sandy Loam,Kharif,groundnut
38.7,36.8,31.7,31.6,57.5,6.04,1714.2,Alluvial,Kharif,rice
114.6,63.0,58.5,31.9,78.7,7.09,1541.1,Loam,Zaid,sugarcane
35.5,37.1,22.0,33.3,79.2,7.08,1079.5,Black Soil,Kharif,cotton
32.8,5.0,22.1,18.3,70.7,6.9,523.4,Loam,Rabi,mustard
85.2,33.0,54.8,32.8,70.8,6.17,1614.2,Alluvial,Kharif,rice
63.9,40.7,28.5,21.9,55.4,6.5,644.0,Loam,Rabi,wheat
51.3,31.6,16.0,32.9,49.1,7.03,494.9,Loam,Kharif,millets
73.6,20.3,52.4,24.3,87.5,7.03,1022.5,Black Soil,Kharif,cotton
90.1,44.6,23.8,25.3,71.5,7.25,861.1,Clay Loam,Kharif,cotton
90.7,41.1,27.2,21.3,58.7,6.32,419.9,Loam,Rabi,wheat
55.7,19.9,14.2,15.6,40.8,7.11,466.1,Loam,Rabi,mustard
93.4,49.7,28.5,23.4,60.1,6.13,1564.4,Alluvial,Kharif,rice
106.2,36.3,16.3,19.2,44.7,7.89,405.7,Loam,Rabi,wheat
90.0,38.3,29.4,22.4,55.8,6.63,437.6,Alluvial,Kharif,maize
57.5,26.2,13.3,32.8,54.5,6.5,827.0,Red Soil,Kharif,groundnut
88.8,30.3,20.0,29.2,60.4,7.15,702.2,Loam,Kharif,cotton
54.4,37.5,32.3,23.0,72.5,7.14,824.9,Sandy Loam,Kharif,cotton
10.0,18.1,18.0,25.7,37.4,6.86,680.9,Sandy Loam,Rabi,chickpea
103.1,26.8,33.5,16.9,77.1,7.06,690.4,Loam,Rabi,wheat
124.9,81.1,51.6,30.9,75.8,6.25,1599.6,Loam,Kharif,sugarcane
128.9,82.1,64.9,22.1,81.0,5.27,577.2,Sandy Loam,Kharif,potato
124.5,59.3,27.6,23.6,51.6,6.21,473.3,Sandy Loam,Kharif,tomato
93.8,44.9,27.4,19.8,28.5,6.74,583.1,Clay Loam,Rabi,wheat
118.9,55.8,21.8,27.6,81.3,6.36,456.2,Sandy Loam,Zaid,tomato
106.5,38.7,37.2,23.8,54.4,6.49,547.0,Alluvial,Zaid,tomato
80.6,27.1,18.7,19.7,92.0,7.44,121.2,Alluvial,Rabi,mustard
110.6,58.7,50.3,30.1,55.3,6.79,1595.2,Clay Loam,Kharif,rice
42.0,31.6,14.0,16.6,65.4,7.06,427.4,Clay Loam,Rabi,wheat
24.2,25.4,22.4,26.9,69.9,6.28,936.5,Clay Loam,Rabi,soybean
10.0,33.3,17.7,14.5,50.5,6.4,540.3,Clay,Rabi,mustard
80.4,26.7,40.6,34.5,72.6,6.26,893.2,Alluvial,Rabi,maize
56.3,11.4,7.5,30.2,55.7,6.36,429.5,Sandy Loam,Kharif,millets
130.6,79.3,45.7,27.2,83.0,6.55,1531.0,Loam,Zaid,sugarcane
74.1,33.1,37.9,28.4,67.6,5.77,723.5,Sandy Loam,Rabi,maize
34.9,52.7,25.2,27.6,54.1,6.47,1010.2,Loam,Kharif,soybean
93.6,43.7,41.8,23.0,73.2,6.28,658.5,Clay Loam,Kharif,wheat
81.4,20.6,15.8,25.0,63.4,5.97,425.4,Clay Loam,Rabi,chickpea
107.6,80.2,27.9,15.0,57.4,5.03,524.0,Sandy Loam,Rabi,potato
129.9,51.1,35.9,16.9,42.4,6.36,484.2,Sandy Loam,Rabi,potato
105.5,41.5,13.3,17.8,71.2,6.69,807.1,Loam,Rabi,wheat
88.4,53.5,38.6,16.1,62.7,6.06,798.5,Sandy Loam,Kharif,tomato
132.7,35.3,66.2,21.0,56.4,5.99,460.5,Sandy Loam,Rabi,potato
109.6,27.1,40.6,20.4,68.2,6.48,566.1,Alluvial,Kharif,tomato
44.5,67.9,42.2,27.0,94.7,6.09,964.2,Loam,Kharif,maize
11.8,12.7,24.9,25.9,79.9,6.29,775.9,Loam,Kharif,groundnut
38.6,22.1,17.1,28.5,49.4,7.42,689.9,Clay Loam,Kharif,soybean
139.5,43.0,58.7,27.6,74.2,6.92,627.9,Loam,Zaid,tomato
127.0,42.3,19.1,16.4,54.3,6.12,706.1,Loam,Rabi,potato
30.7,32.0,19.9,18.3,60.9,7.11,301.5,Alluvial,Rabi,mustard
89.6,45.8,29.7,26.9,81.6,6.6,1878.5,Clay,Kharif,rice
32.4,11.3,5.0,17.3,86.6,7.28,428.0,Black Soil,Rabi,chickpea
127.5,29.9,41.6,17.3,70.5,6.14,827.5,Alluvial,Zaid,tomato
121.4,49.1,40.1,15.3,61.2,6.24,389.0,Sandy Loam,Rabi,potato
67.9,5.0,13.2,26.3,23.5,6.74,723.5,Black Soil,Kharif,soybean
90.0,42.0,43.5,26.8,73.4,6.94,692.3,Loam,Rabi,wheat
137.8,48.3,41.7,24.0,85.7,6.79,605.8,Sandy Loam,Kharif,tomato
61.1,28.0,34.6,20.5,69.4,6.78,688.4,Loam,Rabi,wheat
66.7,20.1,9.6,30.1,74.4,7.27,756.1,Loam,Kharif,soybean
99.0,43.9,32.5,27.0,62.9,5.88,1789.8,Red Soil,Kharif,rice
27.3,33.4,5.0,21.3,61.7,6.1,409.1,Black Soil,Rabi,chickpea
63.6,37.8,26.2,17.0,68.9,6.82,447.5,Clay Loam,Rabi,wheat
11.4,23.1,27.1,21.5,53.9,7.32,865.4,Sandy Loam,Kharif,soybean
112.4,38.9,25.3,16.1,59.6,7.37,758.2,Alluvial,Rabi,wheat
83.4,45.7,28.2,21.7,89.4,6.15,941.9,Sandy Loam,Rabi,maize
74.5,25.4,25.0,24.0,85.0,6.19,1105.2,Clay Loam,Rabi,cotton
113.6,60.4,50.8,19.7,82.9,5.99,331.9,Sandy Loam,Rabi,tomato
104.4,42.5,37.7,28.6,67.9,7.05,940.1,Black Soil,Kharif,cotton
26.3,29.6,15.5,19.1,65.3,6.73,409.1,Sandy Loam,Rabi,mustard
163.8,67.5,60.5,35.8,54.3,6.36,1295.4,Loam,Rabi,sugarcane
86.2,57.9,38.0,26.1,50.9,6.3,671.0,Sandy Loam,Zaid,tomato
42.0,9.4,5.0,28.1,45.4,6.31,600.0,Loam,Kharif,groundnut
104.6,26.3,24.2,22.8,40.1,6.92,337.2,Sandy Loam,Rabi,mustard
65.1,71.3,41.1,16.0,54.6,5.41,471.3,Sandy Loam,Rabi,potato
53.3,34.7,32.9,22.6,70.0,6.87,491.5,Alluvial,Zaid,mustard
162.4,64.0,41.9,28.4,46.2,7.06,1583.5,Clay Loam,Zaid,sugarcane
11.0,22.6,21.3,33.1,73.4,7.03,619.1,Clay Loam,Kharif,millets
102.8,37.2,32.5,16.3,69.6,7.07,614.1,Alluvial,Rabi,wheat
31.7,13.5,16.3,21.3,49.5,7.65,691.8,Black Soil,Rabi,chickpea
22.5,22.0,5.0,25.4,70.9,6.32,602.0,Red Soil,Zaid,groundnut
93.1,66.2,37.3,26.1,64.2,6.26,1023.4,Sandy Loam,Zaid,tomato
138.8,69.8,40.7,16.0,71.4,5.66,519.2,Sandy Loam,Rabi,potato
78.0,24.5,26.4,27.7,77.2,6.91,822.7,Sandy Loam,Kharif,groundnut
58.2,22.9,22.1,28.0,73.5,6.2,600.8,Clay Loam,Kharif,soybean
38.9,20.7,10.8,37.4,62.0,6.93,141.0,Sandy Loam,Rabi,millets
43.8,8.9,5.0,15.6,82.3,6.61,271.1,Black Soil,Rabi,chickpea
153.2,68.7,43.6,29.9,65.6,6.6,1961.7,Loam,Zaid,sugarcane
142.1,52.6,43.6,22.7,72.3,6.04,632.4,Loam,Rabi,potato
35.6,58.0,13.8,18.5,49.2,7.33,769.0,Alluvial,Rabi,wheat
21.8,5.0,10.6,28.2,47.2,7.73,573.4,Clay Loam,Kharif,soybean
29.1,33.4,5.0,35.2,67.9,6.04,413.3,Red Soil,Rabi,millets
81.1,5.0,5.0,30.5,75.3,7.33,809.4,Black Soil,Kharif,soybean
38.5,5.0,27.0,31.4,80.8,6.1,592.2,Loam,Kharif,soybean
104.0,51.8,38.3,20.3,76.6,5.99,361.9,Sandy Loam,Rabi,potato
26.0,23.6,16.9,34.3,56.0,6.06,564.5,Loam,Kharif,millets
59.1,18.2,14.8,12.3,80.5,6.52,302.7,Loam,Rabi,mustard
21.6,20.9,37.0,25.0,94.3,6.31,779.1,Alluvial,Rabi,chickpea
86.9,45.6,21.0,24.8,87.1,8.1,974.5,Loam,Kharif,cotton
78.3,10.3,26.3,22.1,34.0,6.93,535.6,Alluvial,Rabi,mustard
10.0,5.0,13.9,31.0,86.6,6.59,1002.0,Black Soil,Kharif,soybean
69.6,32.6,47.1,27.3,40.8,7.09,1813.2,Clay,Kharif,rice
11.9,23.8,24.4,21.4,79.3,7.4,534.7,Sandy Loam,Rabi,chickpea
30.2,16.2,9.9,30.3,84.8,7.23,492.7,Black Soil,Rabi,chickpea
57.5,30.4,9.9,26.4,62.3,6.4,733.9,Sandy Loam,Kharif,groundnut
194.1,32.7,52.1,27.5,48.9,6.82,1697.7,Loam,Rabi,sugarcane
25.5,19.9,25.3,25.4,34.9,6.96,964.4,Loam,Kharif,soybean
44.7,23.0,24.3,29.5,66.9,7.26,327.7,Red Soil,Kharif,millets
76.9,53.5,45.4,24.8,48.3,6.86,606.0,Sandy Loam,Kharif,tomato
76.6,49.9,66.3,26.0,44.6,6.35,521.0,Sandy Loam,Rabi,maize
70.4,70.6,37.0,24.1,72.5,6.81,736.1,Clay,Rabi,wheat
65.9,33.4,26.3,29.8,60.5,6.77,830.1,Alluvial,Kharif,maize
68.3,5.7,27.7,29.3,44.8,6.38,1039.4,Red Soil,Kharif,millets
93.7,44.7,43.4,27.8,59.7,7.08,1511.3,Clay Loam,Kharif,rice
71.3,30.0,17.4,35.2,89.5,7.56,845.4,Loam,Zaid,cotton
97.9,28.8,35.3,25.0,58.3,6.52,852.2,Red Soil,Kharif,maize
70.0,26.5,12.1,23.5,71.4,6.71,555.3,Sandy Loam,Zaid,groundnut
40.1,20.7,6.0,31.1,59.0,6.76,399.8,Alluvial,Kharif,millets
119.2,63.8,42.4,32.0,54.5,6.33,1332.1,Loam,Rabi,sugarcane
50.1,5.0,21.1,21.9,89.5,6.93,668.6,Loam,Kharif,soybean
109.8,48.4,63.8,23.4,71.2,5.84,360.4,Sandy Loam,Rabi,potato
62.0,25.9,23.0,17.7,62.4,6.63,599.0,Sandy Loam,Rabi,mustard
57.2,15.6,6.9,31.0,66.7,7.23,242.5,Red Soil,Kharif,millets
93.3,45.2,26.7,27.7,95.0,5.96,806.4,Sandy Loam,Rabi,maize
51.0,27.6,30.1,28.6,78.2,7.01,670.4,Red Soil,Rabi,millets
123.8,47.0,33.2,31.0,70.9,7.08,1546.5,Alluvial,Kharif,rice
36.6,20.4,7.5,27.1,44.9,7.27,683.6,Red Soil,Rabi,groundnut
85.2,58.4,36.2,29.0,53.5,7.24,720.7,Loam,Kharif,cotton
57.4,35.1,18.0,16.8,62.1,7.14,365.0,Alluvial,Rabi,mustard
68.7,25.5,12.2,21.4,34.5,7.04,185.7,Alluvial,Rabi,mustard
29.0,35.8,10.4,16.0,47.7,7.2,617.1,Black Soil,Rabi,chickpea
77.6,35.1,19.0,31.8,66.8,6.32,638.7,Red Soil,Kharif,groundnut
153.3,70.9,51.6,30.3,73.8,6.94,1461.5,Clay Loam,Zaid,sugarcane
27.3,24.3,19.0,32.5,79.3,7.06,621.8,Red Soil,Kharif,soybean
103.1,46.7,24.0,19.0,46.1,7.49,396.1,Loam,Kharif,wheat
119.8,69.1,52.4,18.0,40.7,5.99,731.3,Sandy Loam,Rabi,potato
83.6,24.8,23.8,31.4,53.8,6.82,913.4,Loam,Kharif,cotton
32.0,25.7,22.1,32.2,39.1,6.69,700.8,Sandy Loam,Zaid,millets
55.1,5.0,21.5,32.7,66.7,6.64,462.9,Clay Loam,Kharif,millets
18.7,39.6,24.0,28.3,44.6,6.68,480.0,Red Soil,Rabi,groundnut
50.2,5.0,27.1,31.1,60.8,6.01,579.4,Sandy Loam,Kharif,groundnut
96.0,42.2,45.3,19.5,50.2,6.52,403.6,Alluvial,Rabi,tomato
69.0,10.8,15.6,29.0,61.5,7.32,755.0,Clay Loam,Kharif,cotton
149.2,56.0,50.1,27.3,95.0,6.74,1829.5,Loam,Zaid,sugarcane
39.2,15.7,32.9,27.9,70.3,6.69,834.8,Loam,Kharif,groundnut
42.5,21.7,27.5,18.4,80.4,6.67,1824.2,Alluvial,Kharif,rice
62.2,18.2,20.5,32.3,41.8,7.01,951.5,Clay Loam,Kharif,cotton
45.0,26.8,18.8,20.1,51.2,6.96,523.9,Sandy Loam,Rabi,chickpea
54.1,5.0,5.0,18.8,55.6,6.82,257.1,Loam,Rabi,chickpea
74.8,36.6,30.3,28.9,81.5,5.48,625.1,Sandy Loam,Kharif,groundnut
141.4,47.6,37.7,25.0,60.0,5.85,785.2,Loam,Zaid,tomato
99.8,46.6,33.0,28.2,56.2,6.61,886.2,Red Soil,Kharif,maize
60.1,29.0,24.1,25.4,49.2,6.91,873.1,Clay Loam,Kharif,soybean
10.0,17.3,5.0,22.8,61.2,6.7,333.0,Loam,Rabi,chickpea
75.7,44.7,22.1,23.7,43.9,6.74,868.3,Sandy Loam,Zaid,maize
21.6,26.6,5.0,22.7,59.8,7.0,561.3,Loam,Kharif,soybean
70.8,34.2,8.9,24.5,62.7,7.0,581.2,Alluvial,Rabi,wheat
65.5,40.6,34.0,27.6,78.8,6.63,1800.6,Clay Loam,Kharif,rice
123.2,47.2,32.8,28.4,73.0,5.57,1649.3,Black Soil,Kharif,rice
128.7,38.2,28.9,28.5,85.9,6.62,1033.9,Clay Loam,Kharif,maize
112.3,65.4,46.4,20.3,79.0,6.37,509.1,Sandy Loam,Rabi,potato
151.3,53.5,58.3,28.7,80.6,6.62,1699.0,Clay Loam,Kharif,sugarcane
40.7,16.2,7.1,25.5,80.2,6.2,1004.5,Clay Loam,Kharif,soybean
63.7,16.5,42.2,18.9,68.7,6.32,1111.4,Loam,Rabi,maize
33.7,29.3,27.2,27.1,65.1,6.54,724.3,Alluvial,Rabi,mustard
141.4,80.7,60.3,29.6,59.4,6.47,1737.3,Alluvial,Zaid,sugarcane
82.7,5.0,5.0,25.3,64.2,6.9,530.1,Black Soil,Kharif,soybean
33.7,10.1,5.0,19.9,62.8,6.16,639.6,Loam,Rabi,chickpea
100.9,30.1,39.4,24.8,50.7,6.31,1885.0,Clay,Zaid,rice
80.9,47.8,46.9,22.5,75.8,5.94,526.4,Alluvial,Kharif,tomato
98.6,38.7,38.3,21.9,68.6,5.89,525.2,Alluvial,Rabi,wheat
119.9,36.3,44.7,20.8,69.0,5.82,988.0,Sandy Loam,Rabi,potato
10.7,11.9,5.0,36.3,57.6,6.06,291.2,Sandy Loam,Kharif,millets
114.9,34.3,41.5,21.5,55.2,5.76,621.2,Sandy Loam,Zaid,potato
65.0,11.0,17.1,31.5,58.9,6.4,296.6,Sandy Loam,Kharif,millets
56.2,25.2,5.0,27.2,51.1,6.45,923.9,Loam,Zaid,groundnut
137.1,18.3,44.3,27.2,91.6,6.34,493.2,Clay Loam,Kharif,tomato
84.6,37.6,32.9,25.4,62.5,7.1,847.5,Alluvial,Rabi,maize
59.2,53.5,44.2,31.6,69.2,7.43,872.9,Black Soil,Kharif,cotton
50.8,41.7,12.2,24.7,77.6,6.56,662.0,Loam,Rabi,mustard
83.4,41.4,32.7,32.7,74.1,6.32,1906.7,Clay,Zaid,rice
21.0,19.5,15.8,21.4,73.6,6.92,384.8,Red Soil,Rabi,mustard
175.2,73.7,56.5,32.0,77.1,6.68,1811.2,Loam,Rabi,sugarcane
62.3,29.8,20.4,23.2,68.2,6.99,724.4,Red Soil,Rabi,groundnut
33.5,15.2,28.9,24.8,78.4,6.27,903.0,Loam,Kharif,soybean
149.2,82.0,49.9,31.9,78.0,6.71,1475.8,Clay Loam,Rabi,sugarcane
64.2,48.8,41.5,25.3,62.7,6.9,1101.7,Black Soil,Kharif,cotton
75.5,36.9,37.4,20.1,50.2,6.37,1708.6,Clay Loam,Kharif,rice
56.7,25.1,25.2,30.1,64.1,6.57,842.1,Red Soil,Rabi,groundnut
112.7,44.4,42.2,30.3,62.8,6.72,1684.6,Clay,Kharif,rice
118.0,58.3,42.8,30.4,81.8,6.64,1927.7,Clay Loam,Kharif,rice
25.8,34.4,5.0,17.6,95.0,6.76,197.4,Sandy Loam,Kharif,chickpea
91.8,33.7,41.3,33.2,79.4,7.34,757.2,Clay Loam,Kharif,cotton
49.0,58.8,10.9,25.5,73.6,6.66,843.8,Clay Loam,Zaid,maize
50.9,53.6,30.1,14.0,59.0,6.95,556.8,Loam,Rabi,wheat
29.5,5.0,6.0,18.0,81.3,6.61,472.5,Black Soil,Rabi,chickpea
59.7,40.3,38.6,27.6,75.5,7.55,910.3,Black Soil,Kharif,cotton
88.3,26.7,29.3,18.8,65.5,7.44,799.2,Clay Loam,Rabi,wheat
104.0,43.5,58.7,27.1,74.9,6.34,696.9,Alluvial,Kharif,tomato
49.2,23.7,23.3,28.4,68.8,7.08,769.6,Black Soil,Kharif,soybean
58.0,5.0,6.5,30.1,60.0,6.85,385.1,Red Soil,Kharif,millets
49.2,5.0,5.0,34.1,65.1,6.42,607.0,Red Soil,Kharif,groundnut
55.7,30.6,31.6,27.6,84.8,7.15,920.4,Black Soil,Kharif,cotton
117.1,70.7,59.6,15.7,67.2,5.66,654.7,Sandy Loam,Rabi,potato
10.0,29.4,5.4,29.2,76.1,6.88,250.6,Sandy Loam,Kharif,millets
22.3,7.1,19.2,16.3,81.8,6.92,388.3,Clay,Rabi,chickpea
72.9,41.9,25.2,30.5,59.9,6.85,1108.0,Clay Loam,Kharif,cotton
96.9,36.3,43.8,28.4,57.3,6.28,1113.4,Alluvial,Zaid,maize
118.0,54.5,32.3,34.1,69.7,6.87,1625.7,Red Soil,Kharif,rice
66.9,25.8,24.1,27.6,60.5,7.22,1157.6,Clay Loam,Kharif,cotton
34.8,15.7,10.8,37.3,74.4,7.07,536.2,Black Soil,Kharif,soybean
112.0,66.7,29.2,23.2,77.1,6.46,692.1,Sandy Loam,Rabi,potato
98.5,54.2,13.1,22.7,73.6,7.03,481.7,Sandy Loam,Rabi,maize
51.6,39.0,5.0,27.0,87.1,7.3,397.8,Loam,Kharif,millets
21.2,19.0,5.0,22.8,51.7,7.17,513.8,Black Soil,Rabi,chickpea
99.7,58.4,42.3,19.7,74.3,6.48,818.7,Loam,Zaid,tomato
116.1,42.5,36.0,19.9,75.9,5.57,765.6,Sandy Loam,Rabi,potato
93.1,41.5,17.0,24.8,60.3,6.56,978.4,Alluvial,Kharif,maize
104.1,40.0,13.4,22.8,61.7,7.01,741.3,Black Soil,Kharif,cotton
52.6,24.0,24.2,22.6,78.9,6.62,869.8,Clay Loam,Kharif,soybean
98.8,35.5,34.6,28.1,44.5,6.57,797.1,Red Soil,Kharif,groundnut
77.5,5.0,5.0,21.6,55.7,6.93,678.4,Loam,Kharif,groundnut
90.8,35.6,30.7,31.9,67.1,7.48,1117.6,Clay Loam,Kharif,cotton
59.1,56.4,29.1,22.7,66.9,7.38,523.3,Alluvial,Rabi,wheat
112.8,34.3,23.0,14.2,43.7,5.89,550.3,Loam,Zaid,wheat
104.0,32.8,40.9,24.6,78.9,6.99,661.7,Alluvial,Kharif,tomato
63.5,38.9,32.8,30.8,72.7,7.87,978.4,Black Soil,Kharif,cotton
17.9,11.9,35.1,28.4,58.1,7.3,813.9,Loam,Kharif,cotton
137.3,48.4,32.4,26.7,55.1,5.41,1626.0,Alluvial,Zaid,rice
132.9,53.8,44.4,18.1,55.3,6.26,373.5,Sandy Loam,Kharif,potato
10.0,11.0,17.4,31.6,71.6,7.64,515.3,Red Soil,Kharif,millets
110.5,27.1,31.9,20.2,55.0,6.46,724.1,Loam,Rabi,potato
32.6,5.0,20.5,23.3,71.4,6.81,334.0,Loam,Rabi,chickpea
76.0,36.1,22.4,20.4,57.9,6.16,287.1,Clay Loam,Rabi,wheat
150.3,71.4,63.7,29.2,77.8,6.68,1760.3,Loam,Rabi,sugarcane
68.8,13.6,8.7,36.6,52.8,6.54,554.1,Sandy Loam,Kharif,groundnut
56.7,5.0,9.9,27.1,27.5,6.72,730.6,Loam,Kharif,groundnut
61.3,27.5,9.5,29.2,65.3,7.21,554.0,Sandy Loam,Kharif,millets
38.9,33.3,10.9,35.8,62.1,7.03,529.6,Sandy Loam,Kharif,millets
38.2,28.5,28.7,24.3,79.7,6.3,819.5,Loam,Kharif,groundnut
108.2,77.9,51.4,29.0,73.6,7.37,1554.6,Loam,Kharif,sugarcane
57.0,43.3,15.5,26.9,54.7,6.53,454.1,Loam,Kharif,soybean
30.2,37.0,21.0,27.2,55.9,5.92,690.2,Sandy Loam,Kharif,groundnut
107.8,33.5,49.5,30.5,75.4,7.44,948.1,Clay Loam,Kharif,cotton
24.0,30.8,5.0,34.5,73.4,6.87,363.2,Sandy Loam,Kharif,millets
102.6,48.0,26.6,24.9,75.0,6.58,1471.9,Clay Loam,Rabi,rice
29.9,24.4,6.5,20.1,52.5,6.71,442.9,Loam,Kharif,chickpea
57.7,55.5,46.4,22.8,60.1,6.81,1762.1,Clay Loam,Kharif,rice
34.9,15.4,5.0,23.6,51.8,6.42,623.4,Black Soil,Rabi,chickpea
85.9,25.4,37.6,33.6,60.2,5.77,1653.5,Clay Loam,Kharif,rice
111.9,60.1,49.5,23.4,51.3,7.29,852.2,Alluvial,Zaid,tomato
127.4,21.7,29.9,32.3,57.9,6.88,1892.7,Clay Loam,Rabi,rice
35.6,12.1,16.4,31.3,95.0,6.41,622.8,Loam,Rabi,millets
68.1,21.2,8.5,29.0,86.3,7.2,682.0,Loam,Kharif,cotton
137.8,59.3,57.9,21.2,49.4,5.86,272.6,Loam,Rabi,potato
88.7,28.5,24.5,29.8,75.5,6.85,1024.2,Black Soil,Kharif,cotton
10.0,11.1,21.7,20.7,65.1,7.5,553.6,Black Soil,Kharif,chickpea
144.7,71.3,45.0,27.6,66.6,6.76,1478.2,Loam,Kharif,sugarcane
137.4,34.2,50.6,22.2,89.3,6.4,598.2,Alluvial,Kharif,tomato
51.9,5.0,17.5,32.5,37.1,6.78,795.3,Black Soil,Kharif,soybean
158.9,62.8,49.0,24.5,43.4,6.16,661.3,Sandy Loam,Zaid,potato
50.2,12.4,26.7,25.2,90.2,6.92,892.6,Red Soil,Zaid,groundnut
156.2,43.0,49.2,31.1,45.2,6.63,1652.8,Clay Loam,Rabi,sugarcane
156.0,60.8,57.7,11.6,71.8,5.57,610.2,Sandy Loam,Rabi,potato
105.6,43.9,8.2,33.0,56.8,5.69,760.9,Alluvial,Zaid,maize
55.2,24.5,30.6,32.8,61.8,6.66,660.2,Sandy Loam,Kharif,groundnut
16.3,28.8,8.6,17.4,59.3,6.7,669.0,Sandy Loam,Kharif,groundnut
74.7,7.2,14.7,23.6,74.0,7.18,774.1,Alluvial,Rabi,wheat
52.3,25.1,42.2,21.7,52.4,6.99,276.6,Loam,Rabi,mustard
112.7,40.5,44.9,23.4,38.3,6.34,598.7,Sandy Loam,Rabi,potato
87.8,48.8,29.6,28.4,83.4,8.03,985.6,Black Soil,Kharif,cotton
94.7,26.1,29.6,13.7,95.0,6.61,512.9,Clay Loam,Zaid,wheat
92.3,59.3,43.4,29.1,54.1,6.5,2006.5,Clay Loam,Kharif,rice
129.7,68.8,59.8,30.4,69.7,7.16,1716.3,Clay Loam,Zaid,sugarcane
156.7,69.1,36.1,33.2,80.1,6.88,1794.7,Clay Loam,Rabi,sugarcane
36.8,13.2,5.0,27.2,59.4,7.29,554.4,Sandy Loam,Kharif,millets
96.1,58.3,19.9,12.6,55.4,6.39,251.3,Loam,Rabi,mustard
154.5,58.0,58.8,33.4,84.6,6.84,1770.5,Clay Loam,Rabi,sugarcane
101.1,39.0,15.9,33.6,95.0,7.41,1764.1,Clay Loam,Kharif,rice
27.0,22.1,9.3,19.9,45.6,6.86,214.0,Sandy Loam,Rabi,chickpea
99.1,64.2,43.1,13.5,55.1,5.69,281.1,Sandy Loam,Rabi,potato
10.0,25.1,14.7,17.9,58.7,7.41,325.8,Alluvial,Rabi,mustard
72.6,65.0,55.5,23.5,64.8,7.21,529.5,Loam,Rabi,tomato
46.3,24.1,23.4,28.9,61.0,6.0,412.6,Sandy Loam,Kharif,groundnut
122.5,40.0,59.7,27.3,67.5,7.46,2014.4,Alluvial,Zaid,sugarcane
156.1,67.6,44.5,19.4,75.4,6.35,592.7,Loam,Rabi,potato
118.6,51.8,38.2,12.3,64.8,5.52,936.2,Red Soil,Rabi,potato
90.9,48.3,31.7,31.5,74.4,7.28,1027.7,Black Soil,Kharif,cotton
33.4,27.0,17.8,36.4,57.5,6.7,457.7,Sandy Loam,Zaid,millets
149.4,53.8,52.7,30.4,44.8,7.44,1614.2,Loam,Rabi,sugarcane
56.9,17.0,17.0,24.0,50.0,7.29,473.8,Sandy Loam,Rabi,chickpea
138.1,44.5,48.8,30.0,65.0,6.96,661.2,Black Soil,Rabi,tomato
82.5,36.2,41.7,19.7,68.1,7.38,548.6,Clay Loam,Rabi,wheat
58.1,52.6,10.9,25.2,86.8,6.08,764.0,Clay,Kharif,groundnut
146.8,53.1,49.5,30.1,83.0,6.19,1824.2,Clay Loam,Kharif,sugarcane
85.3,35.9,27.0,20.5,63.6,6.15,549.9,Clay Loam,Zaid,wheat
99.2,51.9,28.4,29.2,67.2,6.2,1447.2,Clay Loam,Kharif,rice
10.0,13.2,5.0,33.0,57.6,6.68,359.9,Loam,Kharif,millets
107.0,34.5,28.8,27.8,75.9,6.53,1244.0,Red Soil,Zaid,maize
67.5,33.0,21.0,24.0,67.8,6.58,400.5,Loam,Kharif,soybean
47.0,21.6,12.3,25.1,95.0,7.29,806.1,Black Soil,Kharif,soybean
65.1,25.4,19.9,31.4,56.6,6.2,1035.0,Sandy Loam,Kharif,groundnut
122.2,64.6,40.3,13.6,54.2,6.24,401.7,Sandy Loam,Rabi,potato
41.5,33.1,9.0,32.9,58.6,6.61,360.5,Red Soil,Kharif,millets
142.4,89.6,65.2,29.0,82.7,6.78,1717.9,Loam,Rabi,sugarcane
47.1,30.4,9.0,30.4,79.2,6.01,127.1,Loam,Kharif,millets
101.5,60.5,19.7,34.5,80.0,6.25,1173.1,Loam,Kharif,maize
95.6,51.5,48.3,24.0,67.8,6.52,502.3,Loam,Zaid,tomato
118.2,45.9,49.0,19.4,63.6,6.92,398.0,Sandy Loam,Rabi,potato
62.3,43.9,41.3,25.2,42.1,6.23,1673.9,Clay,Kharif,rice
41.0,11.2,17.1,29.8,79.5,7.47,1061.7,Loam,Kharif,cotton
49.7,35.0,19.6,30.3,85.9,7.36,625.2,Loam,Kharif,groundnut
125.0,57.3,25.3,25.7,39.3,5.42,1746.0,Alluvial,Kharif,rice
103.2,42.1,12.4,31.0,62.7,7.59,803.3,Black Soil,Kharif,cotton
68.1,45.7,23.4,33.5,70.3,5.91,779.0,Red Soil,Kharif,groundnut
63.6,25.5,18.6,28.1,48.8,7.13,880.1,Clay Loam,Kharif,soybean
118.1,56.7,51.9,18.1,45.9,5.36,647.7,Sandy Loam,Rabi,potato
61.7,58.7,31.0,19.1,43.4,6.2,977.2,Clay Loam,Kharif,wheat
68.9,47.8,28.5,34.5,47.7,7.63,1115.1,Clay Loam,Kharif,cotton
96.2,61.6,53.2,30.3,36.5,7.0,1775.8,Clay Loam,Kharif,rice
63.5,5.0,17.6,19.9,54.8,6.84,607.1,Sandy Loam,Rabi,chickpea
70.7,19.3,14.5,24.8,43.2,7.16,562.3,Loam,Rabi,chickpea
48.8,20.5,27.6,21.3,50.8,6.98,554.0,Sandy Loam,Zaid,mustard
77.7,41.6,34.5,21.7,90.8,6.58,335.5,Clay Loam,Rabi,wheat
95.2,37.3,23.4,15.8,71.4,5.91,613.4,Alluvial,Zaid,wheat
26.1,5.2,19.7,28.8,58.6,6.93,683.7,Loam,Kharif,millets
65.5,16.3,25.9,33.1,74.3,6.81,726.3,Black Soil,Kharif,cotton
122.3,66.5,25.7,31.6,77.9,6.22,561.1,Sandy Loam,Rabi,tomato
91.5,48.3,31.9,22.2,58.4,6.76,942.5,Sandy Loam,Rabi,maize
143.4,52.6,40.7,27.9,48.9,5.8,639.0,Sandy Loam,Rabi,potato
10.0,26.5,7.6,24.0,67.2,7.19,782.0,Loam,Rabi,chickpea
105.5,68.8,61.1,15.8,60.8,6.04,798.2,Sandy Loam,Rabi,potato
95.3,36.0,28.3,30.2,59.7,6.17,1856.4,Clay,Kharif,rice
92.3,31.3,25.2,10.4,72.3,6.65,569.2,Alluvial,Zaid,wheat
88.1,31.1,34.7,16.4,84.8,6.98,541.9,Loam,Rabi,wheat
38.6,12.0,12.1,16.6,77.0,6.46,324.6,Loam,Rabi,chickpea
53.3,28.9,28.8,29.3,95.0,7.13,850.6,Loam,Kharif,cotton
35.7,7.5,18.9,22.1,52.0,6.88,121.3,Black Soil,Rabi,chickpea
87.5,26.9,5.0,25.5,64.6,6.88,440.9,Sandy Loam,Kharif,groundnut
111.3,56.4,56.8,28.3,75.4,6.62,749.9,Alluvial,Kharif,tomato
123.9,82.7,47.0,29.4,36.8,6.16,1449.0,Loam,Kharif,sugarcane
147.5,61.1,46.6,19.5,70.3,6.32,428.2,Loam,Rabi,potato
100.7,40.0,43.2,33.5,53.5,7.01,1321.9,Clay Loam,Kharif,rice
91.5,26.8,33.3,17.0,76.1,6.99,424.1,Sandy Loam,Rabi,mustard
83.3,52.0,21.0,22.6,66.1,7.49,657.8,Alluvial,Rabi,maize
123.2,30.6,17.3,18.3,62.5,6.39,462.8,Alluvial,Rabi,wheat
132.0,65.2,52.9,18.6,55.1,6.02,650.0,Sandy Loam,Rabi,potato
117.4,49.4,19.8,19.3,58.8,6.68,398.7,Red Soil,Rabi,tomato
84.7,54.2,36.3,30.7,82.1,7.08,787.9,Loam,Kharif,cotton
65.4,45.5,24.3,29.6,53.2,7.49,934.2,Loam,Kharif,cotton
71.5,31.2,37.2,23.6,54.1,7.87,851.8,Clay Loam,Kharif,cotton
89.9,45.4,30.8,22.9,63.3,6.67,665.4,Loam,Kharif,groundnut
56.7,13.5,24.1,20.6,59.2,7.43,244.0,Black Soil,Rabi,chickpea
55.2,16.0,6.0,19.8,57.6,6.53,602.8,Alluvial,Rabi,mustard
139.0,65.8,25.9,31.1,89.0,6.76,1880.0,Clay Loam,Kharif,rice
46.6,29.9,12.6,23.2,73.6,6.97,574.0,Sandy Loam,Kharif,millets
113.5,37.0,49.2,37.0,61.5,6.63,1093.6,Black Soil,Kharif,cotton
68.6,5.0,26.1,35.6,48.2,6.79,449.1,Sandy Loam,Kharif,millets
52.9,5.0,5.5,26.2,61.1,7.24,358.2,Sandy Loam,Kharif,chickpea
94.9,37.8,7.1,17.1,50.1,6.92,457.3,Clay Loam,Rabi,wheat
89.7,43.1,51.2,22.1,90.2,6.11,1761.6,Clay Loam,Kharif,rice
39.4,19.1,22.1,30.4,79.5,5.93,213.7,Red Soil,Kharif,millets
87.1,27.2,25.5,27.7,62.9,6.48,732.5,Loam,Kharif,groundnut
58.3,13.6,7.2,20.6,74.7,6.39,370.0,Alluvial,Rabi,mustard
46.4,24.8,12.7,35.6,72.5,6.2,342.3,Loam,Kharif,millets
53.3,19.8,15.3,37.8,72.2,6.5,307.1,Loam,Kharif,millets
60.0,21.2,8.5,10.4,72.0,6.56,504.6,Loam,Rabi,mustard
111.8,39.6,11.3,28.7,65.8,7.36,1077.7,Loam,Kharif,cotton
62.0,44.1,38.4,22.4,61.6,6.1,738.4,Clay,Kharif,maize
124.4,56.0,32.1,28.3,66.8,6.7,375.6,Alluvial,Kharif,tomato
81.5,27.9,34.3,26.9,95.0,7.05,772.5,Clay Loam,Kharif,cotton
19.2,27.0,26.8,26.0,50.8,7.02,493.2,Clay Loam,Rabi,chickpea
153.5,70.5,48.7,30.6,89.6,7.27,1823.4,Clay Loam,Rabi,sugarcane
67.4,15.8,32.9,18.4,54.0,6.95,842.9,Clay Loam,Kharif,soybean
26.1,31.2,17.9,31.7,57.1,6.98,892.6,Clay Loam,Kharif,soybean
89.9,42.6,35.4,18.9,73.4,6.16,764.7,Sandy Loam,Zaid,tomato
59.5,46.3,47.6,22.3,62.0,6.0,735.6,Clay Loam,Rabi,wheat
101.8,42.5,41.4,27.3,69.4,5.82,651.9,Alluvial,Kharif,maize
111.0,20.3,26.9,28.5,79.8,6.48,1620.2,Alluvial,Kharif,rice
116.5,87.6,61.6,29.2,87.1,6.65,1852.1,Loam,Rabi,sugarcane
34.2,22.2,5.0,23.1,65.2,7.04,453.6,Sandy Loam,Rabi,chickpea
45.9,15.1,18.3,33.1,63.7,6.86,829.3,Clay,Zaid,soybean
84.4,50.2,32.2,28.5,70.3,6.46,1422.7,Clay Loam,Kharif,rice
109.9,51.0,35.0,23.8,37.0,6.84,1843.9,Alluvial,Kharif,rice
68.8,23.1,31.1,30.1,73.1,7.26,1004.6,Loam,Kharif,cotton
131.6,66.3,47.3,38.1,72.9,7.03,1627.1,Clay,Rabi,sugarcane
59.3,9.0,19.4,16.3,81.0,6.73,331.1,Black Soil,Rabi,chickpea
34.0,5.0,5.0,30.3,45.6,6.94,475.2,Loam,Kharif,millets
103.0,24.9,29.4,22.9,74.5,6.77,791.4,Clay Loam,Rabi,wheat
114.3,33.2,51.5,26.1,52.0,6.23,1552.0,Alluvial,Rabi,rice
124.7,66.2,63.9,19.6,64.1,5.78,242.8,Loam,Rabi,potato
38.9,31.9,23.7,22.3,83.8,6.57,906.1,Loam,Kharif,soybean
111.0,79.8,51.2,24.8,51.0,6.54,563.4,Alluvial,Rabi,tomato
147.6,44.6,67.4,28.1,61.7,7.01,1790.0,Clay Loam,Rabi,sugarcane
75.9,24.3,38.8,23.6,65.6,6.09,640.2,Loam,Zaid,maize
87.6,17.4,7.3,27.3,60.1,6.63,984.4,Loam,Kharif,soybean
114.6,70.7,43.6,21.4,51.5,5.97,605.9,Loam,Rabi,potato
126.4,60.4,40.7,19.2,73.8,5.82,705.2,Loam,Rabi,potato
115.2,32.2,49.0,30.5,75.5,6.64,1900.2,Clay,Kharif,rice
96.7,37.8,35.0,29.9,93.4,6.4,1523.8,Clay,Kharif,rice
113.1,47.1,25.9,22.5,80.2,5.76,463.5,Loam,Zaid,potato
57.0,34.9,30.2,15.2,43.7,6.99,386.7,Loam,Rabi,mustard
98.5,37.1,49.7,33.7,62.6,6.52,1839.6,Alluvial,Kharif,rice
154.6,46.2,49.3,31.1,80.0,6.34,625.6,Sandy Loam,Rabi,tomato
56.9,40.4,45.4,31.1,82.2,7.67,785.8,Black Soil,Kharif,cotton
36.1,10.8,11.9,35.2,52.7,6.56,631.0,Sandy Loam,Kharif,millets
97.0,45.1,24.6,28.7,58.1,6.23,1735.2,Clay,Kharif,rice
40.1,39.4,12.5,27.9,83.6,7.31,627.2,Clay Loam,Kharif,soybean
60.7,45.6,14.4,16.6,72.0,7.09,716.6,Loam,Zaid,mustard
21.4,34.4,30.1,28.7,84.3,6.96,942.2,Black Soil,Kharif,soybean
60.9,40.4,19.3,29.8,57.6,6.59,949.6,Clay Loam,Kharif,soybean
47.7,15.1,15.3,31.1,50.9,6.54,286.0,Red Soil,Kharif,millets
105.5,50.8,24.4,24.0,83.0,6.25,808.3,Red Soil,Kharif,maize
28.2,26.4,15.4,26.1,66.5,6.37,553.4,Red Soil,Kharif,groundnut
91.0,34.9,14.5,19.7,66.6,7.07,241.3,Loam,Rabi,mustard
172.6,71.1,45.2,29.8,68.7,6.22,1474.9,Clay Loam,Rabi,sugarcane
67.0,31.2,25.2,16.4,65.0,6.72,579.1,Sandy Loam,Rabi,mustard
95.9,42.9,23.7,18.8,69.4,7.23,789.1,Clay Loam,Zaid,wheat
75.8,31.4,29.3,22.1,90.4,6.28,735.4,Clay Loam,Rabi,wheat
65.2,35.7,25.5,23.9,57.6,6.3,580.6,Clay Loam,Rabi,wheat
20.8,5.0,14.8,28.2,65.9,6.2,927.1,Clay Loam,Kharif,soybean
140.8,60.3,38.7,18.5,74.6,5.92,580.3,Black Soil,Rabi,potato
44.2,43.5,41.2,21.8,49.0,6.9,517.4,Clay Loam,Rabi,wheat
30.7,13.8,5.0,23.1,57.6,7.24,489.2,Red Soil,Kharif,millets
40.2,17.5,12.2,19.6,50.7,6.55,256.5,Loam,Rabi,chickpea
10.0,18.4,34.4,22.6,73.8,6.71,100.0,Loam,Rabi,chickpea
52.2,10.8,9.1,27.4,69.1,6.63,699.9,Sandy Loam,Kharif,groundnut
101.6,59.7,55.0,17.2,52.6,6.4,600.0,Sandy Loam,Rabi,potato
138.1,44.6,34.1,27.7,58.8,6.05,815.8,Loam,Rabi,maize
77.8,42.4,14.8,21.6,52.7,6.56,575.2,Sandy Loam,Kharif,groundnut
82.3,10.3,9.0,14.4,90.2,7.02,175.4,Alluvial,Rabi,mustard
169.9,60.8,58.2,29.5,67.5,7.01,1721.7,Red Soil,Rabi,sugarcane
75.6,30.9,33.0,26.7,36.5,6.46,972.2,Loam,Kharif,groundnut
151.1,64.8,54.5,29.5,32.1,6.06,1581.2,Loam,Kharif,sugarcane
19.6,34.0,16.1,21.2,91.5,7.11,578.4,Black Soil,Zaid,chickpea
115.5,67.7,27.0,27.2,43.7,6.42,1747.4,Clay,Kharif,rice
64.5,47.9,41.1,30.5,78.8,6.87,1721.6,Clay,Kharif,rice
47.2,31.3,26.9,23.2,54.8,7.0,836.6,Clay Loam,Kharif,cotton
140.0,53.7,47.7,19.8,77.2,5.8,279.1,Sandy Loam,Rabi,potato
76.1,11.5,23.3,28.8,85.3,6.9,1946.3,Alluvial,Kharif,rice
81.9,59.2,36.3,28.8,69.1,6.68,1718.9,Clay Loam,Kharif,rice
32.2,16.5,5.0,34.4,48.1,7.03,502.8,Clay Loam,Kharif,millets
31.2,19.7,13.2,24.8,86.1,7.35,742.1,Black Soil,Kharif,soybean
40.4,17.4,20.9,16.6,89.5,6.35,380.2,Loam,Rabi,mustard
92.0,39.3,36.1,26.6,74.3,6.79,562.8,Alluvial,Kharif,maize
100.2,42.3,38.0,27.1,35.1,6.23,1902.3,Clay,Kharif,rice
170.0,67.7,69.7,31.0,61.4,7.12,1516.0,Red Soil,Zaid,sugarcane
58.2,17.6,35.1,30.1,72.6,6.64,763.2,Black Soil,Kharif,cotton
163.6,59.9,40.4,33.6,38.3,6.31,1520.3,Clay Loam,Rabi,sugarcane
118.1,61.5,18.6,23.8,66.8,6.27,309.0,Loam,Zaid,tomato
27.9,5.0,22.1,30.0,55.6,6.49,693.7,Clay Loam,Kharif,soybean
47.0,32.3,19.2,29.2,67.0,6.19,667.1,Clay Loam,Kharif,soybean
119.6,41.3,35.1,27.3,53.6,6.36,1851.6,Clay Loam,Kharif,rice
26.4,13.2,8.7,35.2,58.9,7.4,720.2,Red Soil,Kharif,millets
102.6,44.7,46.9,27.2,51.1,6.23,2144.7,Clay,Kharif,rice
41.0,20.7,25.5,25.2,69.6,6.36,613.0,Black Soil,Rabi,chickpea
10.0,42.6,21.7,33.3,68.2,6.41,652.5,Loam,Kharif,millets
109.6,46.5,36.3,24.0,76.8,6.27,891.6,Alluvial,Kharif,maize
60.3,23.7,39.7,27.2,50.5,6.55,678.2,Red Soil,Zaid,groundnut
171.3,69.9,39.0,29.6,87.3,7.24,1464.3,Alluvial,Rabi,sugarcane
37.2,36.7,5.9,28.6,75.8,6.91,470.0,Sandy Loam,Rabi,chickpea
129.7,25.9,41.2,23.2,56.0,6.84,342.8,Alluvial,Kharif,tomato
128.9,48.5,54.6,21.5,26.1,6.57,857.2,Alluvial,Rabi,tomato
59.6,29.6,26.4,26.0,50.1,6.38,863.1,Clay Loam,Rabi,soybean
89.9,46.0,48.9,31.2,41.5,6.71,1723.0,Clay,Kharif,rice
132.4,52.5,59.3,35.3,76.6,6.25,1400.6,Clay Loam,Rabi,sugarcane
34.4,5.0,5.0,19.4,64.8,6.54,545.6,Loam,Rabi,chickpea
89.2,58.6,31.2,22.2,61.7,6.63,418.0,Loam,Zaid,tomato
33.9,26.6,26.2,21.7,76.1,6.4,257.9,Sandy Loam,Rabi,mustard
125.5,60.4,59.9,33.7,73.8,6.74,1531.2,Clay Loam,Kharif,sugarcane
133.6,47.8,40.5,15.2,70.1,6.48,465.2,Loam,Rabi,potato
85.6,55.8,25.2,24.1,90.0,6.7,1125.5,Sandy Loam,Zaid,maize
108.3,59.7,70.9,29.2,43.1,6.8,1961.3,Clay Loam,Rabi,sugarcane
76.2,44.1,14.2,14.6,76.6,6.83,447.5,Clay,Rabi,mustard
26.5,5.0,24.5,28.1,74.2,6.33,779.1,Sandy Loam,Kharif,groundnut
113.3,81.4,58.9,28.0,63.0,6.18,1791.7,Clay,Rabi,sugarcane
60.8,16.6,43.8,17.4,91.2,7.45,506.5,Loam,Rabi,wheat
106.9,34.0,19.9,28.7,81.0,7.33,795.6,Black Soil,Zaid,cotton
119.6,51.7,38.8,22.6,66.2,6.1,369.2,Sandy Loam,Rabi,potato
88.9,65.1,31.5,15.5,85.7,5.99,579.1,Alluvial,Rabi,tomato
85.1,13.8,15.9,21.1,69.2,6.51,435.2,Alluvial,Rabi,mustard
108.2,34.2,15.5,23.0,82.5,7.53,828.9,Red Soil,Zaid,maize
64.4,13.8,10.8,27.2,75.4,6.46,688.3,Loam,Kharif,groundnut
123.3,55.8,56.0,21.6,81.3,6.37,702.8,Sandy Loam,Rabi,tomato
103.1,29.7,21.5,29.1,85.2,6.98,957.1,Clay Loam,Kharif,cotton
34.4,7.2,14.2,32.6,86.8,6.98,825.9,Loam,Kharif,groundnut
98.2,49.9,21.1,23.0,52.8,6.71,775.1,Loam,Kharif,maize
98.7,54.4,38.1,28.1,38.4,6.76,1516.7,Alluvial,Kharif,rice
47.0,47.9,42.2,31.2,51.5,7.85,956.3,Clay Loam,Kharif,cotton
97.1,66.3,57.3,18.5,74.9,5.44,588.1,Sandy Loam,Rabi,potato
37.9,22.7,29.9,23.4,52.3,6.79,794.8,Black Soil,Kharif,soybean
38.7,23.8,20.9,24.3,80.5,6.4,635.5,Loam,Zaid,groundnut
123.2,66.5,30.8,20.6,62.7,6.22,724.1,Sandy Loam,Rabi,potato
83.4,21.2,42.9,28.2,59.8,6.28,1145.5,Sandy Loam,Kharif,maize
104.3,66.5,41.1,27.0,72.3,6.5,605.0,Alluvial,Rabi,tomato
165.2,49.8,53.4,21.1,66.5,6.82,1650.4,Alluvial,Kharif,sugarcane
72.4,36.7,36.6,20.6,66.8,6.66,642.3,Clay Loam,Rabi,wheat
13.3,9.4,19.0,33.3,64.9,7.46,286.2,Red Soil,Kharif,millets
46.8,26.1,6.8,35.1,52.6,6.65,598.5,Loam,Kharif,millets
75.8,48.8,16.5,24.6,53.0,6.04,818.0,Clay Loam,Kharif,soybean
130.1,45.7,37.4,30.0,73.8,6.4,1233.5,Clay,Kharif,rice
84.2,51.4,43.4,22.9,44.6,6.67,618.8,Sandy Loam,Rabi,tomato
33.9,21.1,25.9,14.7,30.2,6.75,412.3,Loam,Rabi,mustard
42.7,9.6,25.8,25.3,43.6,7.21,769.6,Clay Loam,Kharif,soybean
133.5,19.7,59.1,15.2,66.5,6.41,485.3,Sandy Loam,Rabi,potato
106.7,28.5,41.5,24.7,82.0,6.89,1985.8,Alluvial,Kharif,rice
67.8,48.5,7.7,28.7,76.2,6.84,772.0,Black Soil,Rabi,cotton
132.1,55.0,49.1,21.3,43.4,5.84,700.8,Alluvial,Rabi,potato
74.4,52.6,52.0,22.9,51.3,7.02,1718.0,Clay Loam,Kharif,rice
131.1,45.8,39.4,21.3,58.7,5.37,572.2,Loam,Rabi,potato
128.7,50.0,35.7,27.4,81.9,6.42,1673.3,Red Soil,Kharif,rice
103.9,30.9,47.4,29.8,53.3,6.56,348.7,Sandy Loam,Rabi,potato
103.9,41.0,38.5,24.4,56.0,6.02,1674.2,Alluvial,Kharif,rice
59.2,36.7,21.0,21.8,78.1,6.63,530.8,Clay Loam,Kharif,wheat
34.8,36.4,28.1,14.7,67.0,6.73,595.8,Loam,Rabi,mustard
63.2,23.2,37.7,20.5,47.2,6.9,665.0,Loam,Rabi,wheat
122.6,59.6,55.2,32.6,55.4,6.58,1439.3,Clay Loam,Rabi,sugarcane
63.0,18.9,13.5,17.5,66.1,6.92,353.4,Loam,Rabi,mustard
42.9,20.4,12.3,26.1,88.5,6.16,541.1,Red Soil,Kharif,millets
75.0,30.1,29.6,29.7,76.5,6.96,999.0,Loam,Kharif,cotton
63.7,12.5,21.2,31.1,56.5,5.96,414.7,Sandy Loam,Kharif,millets
16.0,27.8,5.0,32.7,59.5,7.13,352.0,Sandy Loam,Kharif,millets
93.3,54.6,36.3,31.9,62.7,6.44,439.4,Loam,Rabi,tomato
114.1,44.3,45.4,21.6,72.2,6.46,661.4,Clay Loam,Rabi,potato
62.8,44.2,22.7,26.5,68.7,6.25,1070.5,Alluvial,Zaid,maize
39.1,24.2,9.8,18.8,61.5,7.16,398.0,Black Soil,Rabi,chickpea
10.0,21.7,38.6,19.4,67.1,6.65,670.7,Clay Loam,Zaid,groundnut
74.8,32.6,47.9,28.2,95.0,5.82,898.4,Red Soil,Rabi,maize
83.5,47.2,38.7,27.3,73.8,5.93,828.3,Sandy Loam,Zaid,maize
145.6,47.0,54.8,31.9,51.3,6.47,1530.2,Loam,Zaid,sugarcane
75.7,38.5,30.5,23.2,58.3,6.81,705.5,Red Soil,Kharif,groundnut
76.7,26.5,18.6,24.5,52.2,7.01,593.9,Clay Loam,Kharif,groundnut
29.3,19.1,14.5,25.1,65.2,6.69,702.8,Loam,Rabi,chickpea
49.8,10.0,5.0,20.4,72.6,7.47,562.9,Loam,Rabi,chickpea
48.6,18.6,30.7,22.0,66.4,6.19,639.2,Loam,Kharif,groundnut
147.4,48.2,61.9,27.1,27.1,6.25,1760.0,Loam,Zaid,sugarcane
44.6,5.0,28.9,36.2,55.3,7.24,598.5,Sandy Loam,Zaid,millets
54.4,21.3,11.6,29.0,95.0,5.61,655.4,Red Soil,Kharif,groundnut
109.3,53.5,34.2,25.6,72.5,6.09,942.4,Alluvial,Rabi,tomato
101.9,37.3,48.7,25.9,63.2,6.28,1675.0,Clay Loam,Kharif,rice
138.9,48.2,44.7,27.4,68.4,6.78,1707.8,Alluvial,Zaid,sugarcane
61.7,31.9,26.8,36.6,90.3,7.33,741.5,Black Soil,Kharif,cotton
161.3,68.1,44.0,13.5,93.4,5.46,265.2,Loam,Rabi,potato
125.0,58.3,51.3,23.9,58.2,5.58,383.3,Sandy Loam,Rabi,potato
98.3,24.2,33.5,30.8,49.0,6.18,1710.8,Clay,Kharif,rice
18.1,19.2,28.0,29.4,69.4,7.29,803.2,Clay Loam,Kharif,soybean
73.2,18.7,17.9,35.4,85.3,7.3,937.3,Clay Loam,Kharif,cotton
160.8,45.8,55.9,33.2,55.7,6.9,1660.8,Alluvial,Kharif,sugarcane
58.8,24.1,18.1,34.3,48.5,6.39,346.1,Loam,Kharif,millets
49.1,6.8,9.9,27.0,56.4,6.68,635.6,Black Soil,Kharif,soybean
65.3,33.3,19.6,25.6,95.0,6.26,832.4,Loam,Kharif,soybean
82.6,29.4,29.1,29.9,95.0,6.35,607.9,Alluvial,Rabi,maize
20.3,5.5,6.0,18.2,45.4,6.6,417.9,Loam,Rabi,chickpea
116.5,62.3,27.1,27.9,64.0,6.44,904.3,Alluvial,Kharif,tomato
66.3,25.3,9.9,26.2,69.8,6.14,615.5,Red Soil,Kharif,groundnut
89.5,54.7,41.2,26.8,49.6,6.2,1801.4,Alluvial,Kharif,rice
151.8,59.7,72.8,24.8,77.2,7.31,1726.1,Loam,Kharif,sugarcane
126.2,66.4,34.8,29.0,65.6,6.15,1860.8,Black Soil,Kharif,rice
59.2,23.0,21.9,12.0,58.9,7.23,469.5,Alluvial,Rabi,mustard
65.9,34.0,16.6,21.8,78.8,6.19,256.0,Alluvial,Rabi,wheat
114.6,49.1,23.5,22.9,38.9,6.57,756.4,Sandy Loam,Rabi,tomato
56.2,42.5,14.5,25.4,66.0,7.34,801.2,Alluvial,Rabi,wheat
115.3,46.5,20.5,27.7,77.3,7.28,1076.2,Loam,Kharif,cotton
24.6,16.7,7.4,23.3,46.7,7.02,273.8,Sandy Loam,Zaid,chickpea
25.1,34.1,10.3,19.1,46.0,6.92,458.6,Sandy Loam,Rabi,chickpea
85.4,15.4,14.2,28.7,69.0,6.49,710.5,Black Soil,Kharif,soybean
149.3,52.0,33.9,15.9,69.6,6.33,256.5,Loam,Rabi,potato
76.6,46.5,16.2,34.1,79.5,6.45,610.0,Red Soil,Kharif,millets
74.2,50.4,50.6,32.0,43.9,6.38,853.1,Sandy Loam,Zaid,maize
41.8,25.5,27.6,29.4,39.1,6.75,929.3,Red Soil,Kharif,cotton
81.2,57.2,24.6,19.8,60.4,6.93,521.6,Alluvial,Rabi,wheat
85.2,48.3,49.5,30.6,58.8,5.96,851.4,Sandy Loam,Zaid,maize
22.6,24.6,18.7,27.9,54.9,6.97,630.1,Loam,Kharif,soybean
111.8,37.0,43.0,26.0,54.9,6.16,699.8,Loam,Zaid,tomato
114.9,52.6,42.4,21.7,45.5,6.55,721.1,Loam,Rabi,tomato
130.6,54.3,50.2,27.2,57.8,6.26,1662.9,Alluvial,Rabi,sugarcane
15.7,47.0,8.1,35.5,59.2,5.68,613.5,Red Soil,Kharif,millets
63.5,46.1,45.8,23.4,52.9,6.84,551.6,Loam,Rabi,wheat
26.7,11.3,20.3,30.9,72.6,6.49,901.1,Loam,Zaid,soybean
35.1,22.5,5.0,36.8,86.7,6.89,763.7,Red Soil,Kharif,millets
39.9,30.7,5.0,29.2,37.1,6.46,758.9,Black Soil,Kharif,soybean
46.9,42.3,20.9,24.2,90.3,6.24,915.9,Red Soil,Kharif,groundnut
33.3,5.0,5.0,22.5,77.9,7.42,358.3,Sandy Loam,Rabi,chickpea
10.0,36.0,7.3,20.6,34.2,6.71,147.8,Black Soil,Rabi,chickpea
33.1,33.7,9.4,26.6,66.9,7.23,847.5,Clay Loam,Kharif,soybean
134.7,56.6,48.1,17.3,72.4,6.12,619.4,Loam,Rabi,potato
36.5,5.0,26.1,25.2,34.9,6.62,837.9,Clay Loam,Kharif,soybean
61.8,13.6,5.6,18.2,53.8,6.9,533.0,Sandy Loam,Rabi,chickpea
10.0,12.8,12.2,33.9,65.4,6.36,403.1,Sandy Loam,Rabi,millets
118.7,35.2,41.2,25.4,48.8,6.79,1659.8,Alluvial,Kharif,sugarcane
176.4,64.1,53.1,28.8,55.4,6.9,1831.9,Loam,Zaid,sugarcane
73.4,21.8,29.3,25.2,56.8,6.08,752.6,Red Soil,Kharif,maize
55.5,36.3,18.6,27.8,62.4,6.46,713.8,Loam,Kharif,groundnut
30.1,35.1,5.0,29.0,52.5,6.98,228.3,Sandy Loam,Kharif,millets
100.9,48.0,50.3,28.6,63.5,6.9,840.0,Alluvial,Kharif,maize
123.5,37.3,37.2,28.8,60.4,7.54,1049.0,Loam,Kharif,cotton
72.7,27.7,24.4,29.1,56.9,7.29,762.5,Sandy Loam,Kharif,groundnut
86.8,47.2,55.0,21.4,56.1,7.15,791.7,Alluvial,Zaid,maize
12.1,18.2,14.7,23.2,74.6,6.76,650.1,Loam,Rabi,chickpea
64.2,43.4,23.1,14.8,73.3,6.78,911.6,Clay,Rabi,wheat
57.1,21.6,22.6,27.6,59.6,6.55,936.5,Red Soil,Kharif,groundnut
113.2,54.4,35.7,18.0,56.5,5.8,583.0,Sandy Loam,Rabi,potato
105.1,62.4,36.6,22.5,37.7,7.46,786.2,Alluvial,Rabi,maize
35.2,20.3,14.4,27.3,62.4,6.85,655.9,Loam,Rabi,millets
114.0,51.5,37.8,26.5,56.0,5.84,1684.3,Clay Loam,Kharif,rice
72.6,17.0,12.5,30.7,78.5,6.91,553.8,Loam,Kharif,groundnut
10.0,18.5,9.3,29.8,59.1,5.73,416.9,Sandy Loam,Kharif,millets
109.6,37.5,37.6,19.8,60.8,6.71,386.8,Clay Loam,Rabi,wheat
116.2,46.1,29.0,20.3,50.5,6.26,374.8,Loam,Zaid,tomato
51.8,8.6,5.0,23.8,67.5,6.78,503.4,Loam,Kharif,groundnut
80.6,25.3,33.0,18.8,93.0,6.02,490.4,Sandy Loam,Rabi,mustard
104.4,25.5,25.4,24.6,38.6,6.68,650.6,Clay Loam,Kharif,soybean
63.5,50.4,35.1,17.2,64.4,6.62,571.2,Clay Loam,Rabi,wheat
70.3,5.7,41.3,17.2,74.0,6.75,585.8,Alluvial,Rabi,wheat
141.1,53.8,47.4,36.3,67.7,7.06,1654.8,Alluvial,Kharif,sugarcane
135.0,61.1,55.3,28.4,82.4,6.66,1732.5,Alluvial,Zaid,sugarcane
46.5,19.9,23.5,25.1,94.2,7.57,1106.8,Loam,Kharif,cotton
145.2,65.3,51.9,37.3,57.0,7.8,1594.4,Alluvial,Zaid,sugarcane
47.1,14.7,11.1,32.5,61.9,6.87,753.7,Clay Loam,Kharif,soybean
123.5,67.9,43.0,23.9,74.9,6.53,681.3,Red Soil,Kharif,maize
105.1,37.1,49.0,10.6,78.2,5.94,668.9,Sandy Loam,Rabi,potato
70.3,26.9,11.0,12.9,62.7,6.81,414.8,Alluvial,Rabi,mustard
32.0,12.2,24.7,26.7,55.2,6.81,860.5,Black Soil,Kharif,soybean
26.6,40.9,22.4,28.5,60.7,7.75,890.8,Loam,Kharif,cotton
49.6,14.2,18.9,30.4,55.9,6.0,780.5,Loam,Kharif,groundnut
122.4,30.1,28.0,33.1,65.8,6.98,1861.2,Alluvial,Kharif,rice
40.4,38.5,7.0,15.1,60.9,7.0,100.0,Black Soil,Rabi,mustard
65.1,19.4,38.2,26.6,77.9,6.82,1072.1,Loam,Zaid,cotton
103.3,75.9,53.3,30.8,41.7,7.19,1734.2,Loam,Kharif,sugarcane
10.0,20.8,35.5,32.5,61.2,6.95,671.0,Loam,Kharif,soybean
112.6,58.0,45.5,32.8,45.8,6.22,1530.0,Clay Loam,Kharif,rice
111.9,38.5,13.0,29.9,54.6,6.06,555.2,Alluvial,Kharif,maize
121.6,46.9,51.1,20.9,50.2,6.34,420.5,Loam,Kharif,potato
66.5,35.3,19.8,25.2,36.4,6.14,865.4,Sandy Loam,Rabi,maize
75.1,19.0,20.7,15.8,75.9,6.71,545.6,Sandy Loam,Rabi,mustard
13.8,19.5,31.5,35.0,77.4,7.13,927.3,Sandy Loam,Kharif,groundnut
103.9,63.3,40.0,30.0,64.8,6.51,1734.6,Clay,Kharif,rice
22.0,8.2,23.5,27.0,43.2,7.5,830.7,Black Soil,Kharif,soybean
142.4,46.2,69.9,27.6,38.1,6.31,1969.2,Loam,Rabi,sugarcane
74.2,57.4,5.4,28.6,72.8,7.12,1027.5,Clay Loam,Kharif,cotton
68.4,57.6,17.3,19.3,64.2,7.5,454.7,Alluvial,Kharif,wheat
120.8,48.8,40.0,23.2,49.4,6.11,933.5,Clay,Zaid,tomato
133.6,67.1,56.6,23.6,89.7,6.37,476.4,Alluvial,Kharif,tomato
110.3,41.0,52.9,16.0,65.7,6.25,483.2,Loam,Rabi,potato
86.9,25.5,39.3,14.0,79.1,6.94,161.5,Sandy Loam,Rabi,mustard
50.3,37.6,43.6,16.8,62.0,5.99,504.1,Loam,Rabi,wheat
123.6,39.8,45.4,24.7,69.4,6.22,1747.4,Alluvial,Kharif,rice
54.8,16.2,17.4,23.2,72.0,6.88,618.2,Sandy Loam,Rabi,chickpea
65.6,19.6,17.5,29.6,46.7,6.46,452.1,Sandy Loam,Kharif,millets
176.7,54.4,48.0,33.1,55.7,6.78,1660.5,Clay Loam,Kharif,sugarcane
69.1,5.0,5.0,30.5,78.5,6.52,477.3,Alluvial,Kharif,millets
97.4,63.1,23.7,19.6,45.3,6.19,787.3,Loam,Rabi,maize
57.4,25.9,24.7,30.3,60.1,7.17,723.4,Black Soil,Zaid,soybean
45.8,23.9,24.5,29.8,62.3,6.96,348.1,Sandy Loam,Kharif,groundnut
68.5,9.1,19.4,28.3,63.1,6.63,870.6,Sandy Loam,Kharif,groundnut
12.5,17.0,5.0,25.8,59.6,6.47,398.5,Sandy Loam,Rabi,chickpea
53.8,35.8,23.0,34.7,73.3,7.05,779.7,Loam,Rabi,cotton
51.0,11.9,26.5,30.6,95.0,7.11,275.7,Black Soil,Kharif,millets
55.3,44.9,30.7,17.7,68.7,6.97,621.9,Black Soil,Rabi,chickpea
91.9,32.6,33.7,20.7,75.0,6.74,787.5,Alluvial,Kharif,maize
133.0,51.2,35.6,21.3,62.9,6.08,558.1,Sandy Loam,Rabi,potato
18.7,18.2,10.4,32.3,71.7,6.16,456.7,Sandy Loam,Rabi,chickpea
37.2,15.5,28.8,24.5,52.2,7.01,529.4,Clay Loam,Kharif,soybean
84.5,23.7,20.4,23.2,74.7,6.05,901.2,Sandy Loam,Kharif,groundnut
134.7,70.4,53.3,27.9,68.2,6.92,716.8,Alluvial,Rabi,tomato
54.5,23.3,7.9,30.8,62.3,6.9,224.4,Red Soil,Kharif,millets
99.5,34.6,33.6,28.6,65.1,7.68,821.8,Black Soil,Kharif,cotton
106.8,65.1,54.5,19.9,52.9,6.18,470.3,Sandy Loam,Rabi,potato
164.0,46.7,40.1,23.1,60.6,5.79,705.0,Loam,Rabi,potato
33.8,20.8,14.8,24.5,55.5,6.92,796.2,Loam,Kharif,soybean
38.6,9.9,5.0,26.3,63.9,6.49,850.0,Black Soil,Kharif,soybean
88.1,51.1,35.6,30.3,66.2,6.38,667.9,Sandy Loam,Zaid,maize
125.6,38.4,33.2,27.5,38.5,6.36,1504.2,Alluvial,Kharif,rice
113.8,58.6,39.2,21.6,81.5,7.04,560.3,Sandy Loam,Kharif,tomato
87.5,47.1,31.3,31.5,61.6,6.35,944.8,Loam,Rabi,maize
72.3,29.8,11.1,26.9,67.2,6.08,518.4,Sandy Loam,Rabi,groundnut
115.6,49.5,36.6,21.5,68.1,5.06,442.4,Sandy Loam,Zaid,potato
47.6,20.5,5.0,32.7,35.9,6.64,310.7,Red Soil,Kharif,millets
96.6,28.5,32.8,19.0,43.9,6.38,934.4,Alluvial,Rabi,wheat
145.0,58.3,49.5,22.4,75.1,7.14,1799.3,Alluvial,Zaid,sugarcane
81.9,48.2,30.8,22.4,56.9,6.17,826.9,Loam,Zaid,maize
84.7,59.7,36.4,20.3,94.8,6.12,563.2,Clay Loam,Rabi,wheat
70.7,63.8,23.4,25.2,73.4,6.83,991.8,Alluvial,Kharif,maize
151.6,75.4,46.5,33.9,68.9,6.92,1910.9,Alluvial,Rabi,sugarcane
115.2,49.2,28.2,18.4,41.7,6.61,912.1,Loam,Rabi,potato
81.3,66.9,36.4,24.3,54.5,6.73,676.4,Loam,Rabi,tomato
48.3,20.2,10.9,29.0,62.6,5.94,762.0,Loam,Kharif,millets
35.9,5.0,5.0,29.6,70.9,7.08,663.5,Loam,Kharif,millets
91.6,38.5,29.5,28.0,61.4,6.3,376.2,Alluvial,Rabi,maize
180.1,42.8,29.8,27.2,58.0,6.72,646.7,Loam,Kharif,tomato
41.0,29.7,19.3,18.3,74.5,7.32,342.4,Sandy Loam,Rabi,mustard
41.1,10.6,15.3,25.3,87.4,6.2,775.6,Loam,Kharif,groundnut
61.9,32.2,14.3,28.4,63.0,7.38,475.7,Loam,Kharif,millets
85.6,48.9,19.9,20.3,92.1,7.05,609.2,Alluvial,Rabi,wheat
34.7,9.8,13.9,27.6,69.7,7.19,510.2,Sandy Loam,Kharif,millets
46.9,5.0,11.9,32.1,76.6,6.54,497.8,Red Soil,Kharif,millets
65.7,45.0,55.7,27.1,48.8,5.86,550.3,Sandy Loam,Zaid,maize
98.8,44.6,29.7,19.6,70.1,7.32,568.0,Alluvial,Rabi,wheat
50.0,9.1,5.0,27.9,77.5,6.17,449.5,Sandy Loam,Kharif,groundnut
94.9,21.2,36.4,12.5,88.4,5.93,637.4,Sandy Loam,Rabi,wheat
112.3,39.5,56.6,16.3,32.0,5.84,619.6,Loam,Rabi,potato
143.0,36.0,39.3,20.3,59.6,5.87,441.2,Sandy Loam,Rabi,potato
54.9,12.1,20.6,25.9,88.9,6.31,379.5,Black Soil,Rabi,chickpea
33.2,28.4,14.9,34.8,68.5,6.17,605.1,Loam,Kharif,groundnut
61.0,18.9,13.1,30.9,61.5,6.89,548.9,Sandy Loam,Kharif,millets
128.4,43.5,59.7,29.6,51.2,7.06,1745.9,Alluvial,Kharif,sugarcane
32.2,24.8,29.9,21.7,80.3,7.14,424.1,Sandy Loam,Zaid,chickpea
69.4,28.0,24.8,24.4,49.8,6.25,909.8,Alluvial,Zaid,maize
76.1,44.1,28.6,32.8,71.3,5.78,950.6,Alluvial,Zaid,maize
107.1,54.6,46.9,25.0,53.1,6.76,464.2,Alluvial,Zaid,tomato
38.2,25.2,20.0,25.4,54.5,7.06,944.0,Black Soil,Kharif,cotton
54.1,36.9,26.3,16.2,94.5,7.56,594.5,Loam,Rabi,wheat
47.0,22.2,8.4,23.8,48.3,6.61,829.5,Black Soil,Rabi,soybean
10.0,31.9,9.5,18.6,74.7,7.44,386.2,Black Soil,Rabi,chickpea
65.1,12.6,26.0,29.4,79.6,6.73,901.6,Black Soil,Kharif,cotton
46.2,13.0,9.9,31.4,72.2,6.76,779.6,Loam,Kharif,groundnut
31.6,15.8,20.3,27.6,57.4,6.44,703.7,Black Soil,Kharif,soybean
39.2,12.9,18.6,23.7,80.8,7.01,373.4,Sandy Loam,Rabi,chickpea
33.6,10.0,16.5,20.2,61.6,6.52,537.8,Black Soil,Rabi,chickpea
117.9,37.9,52.7,19.6,78.4,6.06,825.3,Sandy Loam,Rabi,potato
41.6,24.3,15.6,26.8,63.1,6.85,388.0,Sandy Loam,Kharif,millets
121.4,84.5,56.4,35.0,59.4,6.0,1682.6,Red Soil,Kharif,sugarcane
126.5,64.4,67.7,33.1,53.7,6.63,1549.9,Clay Loam,Kharif,sugarcane
75.8,30.3,15.4,28.0,63.4,7.29,845.2,Black Soil,Kharif,cotton
65.6,35.0,35.6,24.2,52.8,5.63,795.6,Alluvial,Kharif,maize
18.0,5.0,21.8,24.8,55.4,7.23,410.4,Loam,Rabi,chickpea
90.5,52.3,29.7,21.6,34.5,7.5,611.2,Alluvial,Rabi,wheat
77.5,20.9,7.2,17.1,69.0,6.24,548.9,Sandy Loam,Rabi,chickpea
61.1,70.6,27.2,24.2,60.1,6.67,940.6,Alluvial,Zaid,maize
77.0,36.7,28.5,31.5,68.8,7.06,933.5,Black Soil,Kharif,cotton
19.8,5.0,18.5,19.2,73.2,6.36,817.7,Red Soil,Kharif,groundnut
145.0,61.4,24.3,30.4,62.2,6.11,1624.3,Alluvial,Kharif,rice
62.9,30.0,5.0,25.0,61.2,6.92,534.6,Red Soil,Kharif,millets
108.0,45.7,49.8,17.8,61.3,6.23,554.0,Loam,Rabi,potato
91.8,17.6,15.0,28.5,51.8,6.53,875.3,Loam,Kharif,groundnut
12.9,24.9,16.9,29.2,54.9,6.08,777.8,Black Soil,Kharif,soybean
103.3,67.2,33.1,19.2,61.2,5.71,602.1,Loam,Rabi,potato
153.1,54.0,58.5,33.5,59.7,6.92,1843.9,Loam,Kharif,sugarcane
13.8,24.3,20.7,27.9,61.3,6.7,313.2,Red Soil,Kharif,millets
149.3,75.7,41.2,31.4,82.2,6.56,1581.4,Alluvial,Zaid,sugarcane
129.4,72.7,53.1,24.3,86.2,6.39,751.6,Sandy Loam,Rabi,potato
50.2,30.2,37.6,26.2,60.4,7.0,383.9,Loam,Rabi,mustard
10.0,7.0,5.0,20.9,52.5,6.62,417.3,Black Soil,Rabi,chickpea
121.1,49.3,43.9,20.8,91.6,4.9,515.7,Sandy Loam,Rabi,potato
76.9,33.8,19.5,30.6,48.3,6.72,885.3,Loam,Kharif,soybean
32.2,9.9,21.9,34.4,80.0,6.71,499.7,Red Soil,Kharif,millets
31.4,13.9,10.5,25.6,55.9,7.11,355.3,Sandy Loam,Rabi,chickpea
113.3,46.2,29.1,26.2,58.4,6.51,537.0,Alluvial,Rabi,tomato
98.9,50.3,36.5,34.1,58.6,5.75,1703.6,Clay,Kharif,rice
124.4,37.3,38.9,16.5,52.0,6.75,749.1,Loam,Rabi,potato
16.3,22.3,5.0,37.0,30.5,7.25,517.6,Loam,Kharif,millets
97.7,22.6,41.9,28.0,55.8,6.64,1775.0,Alluvial,Kharif,rice
82.6,49.4,29.5,11.5,73.0,6.39,777.4,Clay Loam,Rabi,wheat
76.3,35.1,14.3,27.2,49.9,5.92,1096.3,Clay,Kharif,maize
70.3,44.3,31.4,30.4,58.7,6.92,982.2,Alluvial,Zaid,maize
168.1,61.1,53.7,33.1,61.5,6.72,1755.3,Alluvial,Rabi,sugarcane
124.1,57.4,28.6,28.6,48.0,5.77,905.0,Alluvial,Rabi,tomato
130.6,51.9,58.6,29.9,67.4,6.55,1705.6,Clay Loam,Rabi,sugarcane
112.3,41.1,30.8,22.5,77.9,6.49,675.8,Sandy Loam,Rabi,maize
98.0,29.6,28.6,34.0,71.4,7.69,692.9,Clay Loam,Kharif,cotton
104.3,43.5,42.9,21.4,63.2,6.93,327.5,Clay Loam,Rabi,wheat
54.3,26.4,15.3,28.1,44.1,6.96,392.5,Sandy Loam,Rabi,chickpea
55.0,28.1,18.3,25.0,46.5,6.58,667.1,Black Soil,Rabi,chickpea
72.8,14.1,28.4,13.9,83.1,5.99,351.6,Loam,Rabi,mustard
113.8,39.9,27.3,30.6,71.0,6.23,1434.7,Clay Loam,Kharif,rice
38.6,17.0,6.7,28.3,48.7,6.42,413.4,Sandy Loam,Kharif,groundnut
108.5,44.0,48.7,11.1,60.8,6.41,421.7,Loam,Rabi,wheat
49.7,22.9,5.0,25.8,57.6,6.67,393.3,Loam,Rabi,chickpea
40.6,7.5,10.4,27.0,59.8,6.33,513.5,Red Soil,Kharif,millets
75.1,47.3,36.8,22.1,60.1,6.15,604.5,Sandy Loam,Kharif,tomato
58.7,12.0,9.8,28.8,80.0,6.84,264.8,Sandy Loam,Zaid,millets
33.8,5.0,27.6,30.3,95.0,6.76,702.0,Loam,Kharif,groundnut
33.5,16.1,15.2,29.1,83.6,6.54,318.7,Loam,Kharif,groundnut
114.5,48.8,39.2,29.3,79.5,6.63,1714.6,Clay Loam,Kharif,rice
34.9,30.0,15.7,31.8,82.9,6.65,340.2,Red Soil,Rabi,millets
89.9,42.7,10.5,32.6,60.7,7.75,1055.3,Clay Loam,Kharif,cotton
79.1,40.5,36.0,29.1,63.4,7.05,917.9,Sandy Loam,Kharif,maize
58.2,50.0,13.1,29.9,57.4,6.97,911.7,Black Soil,Kharif,cotton
102.2,21.4,46.8,22.1,90.4,6.44,808.9,Alluvial,Rabi,wheat
142.1,57.4,54.4,29.6,50.2,6.9,1675.7,Clay Loam,Zaid,sugarcane
111.3,62.7,39.3,17.1,71.0,5.9,488.4,Loam,Zaid,potato
71.1,19.0,27.9,18.2,39.3,5.97,606.8,Sandy Loam,Rabi,mustard
69.8,83.0,36.0,23.2,75.8,6.65,646.7,Alluvial,Zaid,tomato
64.9,35.8,24.1,15.7,79.3,6.83,355.9,Loam,Rabi,mustard
127.6,60.3,25.4,18.1,63.2,5.71,461.3,Loam,Rabi,potato
125.0,70.0,32.2,36.5,50.8,7.12,1773.9,Alluvial,Kharif,sugarcane
51.4,13.9,16.1,24.5,58.2,5.79,887.0,Loam,Kharif,soybean
137.8,60.7,58.2,20.8,73.0,6.35,602.6,Loam,Rabi,tomato
154.2,76.7,56.2,26.2,55.8,6.98,1768.5,Loam,Zaid,sugarcane
16.1,29.8,28.6,23.3,59.1,6.46,838.7,Black Soil,Kharif,soybean
27.1,18.1,5.0,28.5,51.5,6.01,733.9,Loam,Kharif,soybean
36.2,15.6,28.5,16.8,65.2,6.64,130.4,Loam,Rabi,mustard
48.0,34.3,33.4,17.8,86.6,7.57,618.0,Loam,Rabi,mustard
20.4,31.1,27.7,32.0,43.7,6.77,286.0,Sandy Loam,Kharif,millets
67.6,40.9,45.3,28.5,79.0,7.45,709.0,Black Soil,Kharif,cotton
24.2,24.6,14.1,24.7,91.4,7.44,899.1,Clay Loam,Kharif,soybean
114.7,70.4,51.7,25.2,66.8,7.24,1561.3,Alluvial,Kharif,rice
98.4,27.4,46.2,30.4,61.7,7.58,1716.3,Alluvial,Kharif,rice
10.0,17.8,29.9,23.3,76.3,7.46,615.1,Black Soil,Rabi,chickpea
69.8,38.4,24.2,29.1,56.4,6.66,740.2,Sandy Loam,Kharif,maize
73.1,25.2,12.6,20.3,68.3,6.5,498.0,Loam,Rabi,mustard
60.5,33.5,15.9,17.7,70.6,6.62,708.7,Loam,Rabi,mustard
110.3,30.2,51.3,24.1,73.0,6.92,945.9,Loam,Zaid,maize
114.8,61.8,57.2,22.8,63.9,6.7,1554.3,Alluvial,Zaid,sugarcane
151.5,53.3,48.7,24.2,53.9,6.5,1669.9,Alluvial,Rabi,sugarcane
91.8,50.1,41.7,30.8,69.6,7.44,1662.4,Clay,Kharif,rice
67.1,49.1,29.7,23.6,64.4,7.05,645.4,Loam,Rabi,maize
117.7,72.7,40.5,22.1,74.6,6.78,1808.5,Clay,Kharif,rice
116.9,61.4,45.0,22.5,80.5,6.86,685.6,Alluvial,Rabi,tomato
71.1,14.5,39.2,21.2,64.3,6.46,661.8,Red Soil,Rabi,wheat
28.6,39.8,5.0,32.9,65.7,6.78,412.0,Loam,Kharif,millets
138.3,48.0,37.4,29.5,95.0,5.69,1811.3,Clay,Kharif,rice
56.3,19.8,14.9,24.4,77.4,6.71,686.5,Loam,Kharif,groundnut
137.1,46.4,49.6,14.9,67.0,5.86,558.6,Loam,Rabi,potato
10.0,29.9,18.3,21.1,42.4,7.33,343.0,Sandy Loam,Rabi,chickpea
102.7,65.6,60.5,25.7,93.5,5.75,760.7,Loam,Rabi,maize
56.4,28.3,24.9,17.7,49.3,6.8,468.6,Black Soil,Rabi,chickpea
127.2,74.4,47.8,22.1,54.3,6.32,531.3,Sandy Loam,Kharif,tomato
80.5,59.4,41.5,26.1,35.8,5.48,712.9,Alluvial,Zaid,tomato
82.1,5.0,34.5,32.1,79.9,5.87,812.3,Sandy Loam,Kharif,maize
113.1,75.2,41.3,24.7,51.8,6.0,1850.1,Loam,Rabi,sugarcane
96.4,55.9,48.1,32.8,74.9,6.04,1857.5,Alluvial,Kharif,rice
154.3,84.4,51.7,32.7,46.5,6.42,1361.1,Black Soil,Zaid,sugarcane
51.7,7.2,24.7,21.3,78.0,6.59,739.2,Black Soil,Kharif,soybean
41.6,38.5,11.0,24.7,58.1,7.3,615.7,Sandy Loam,Kharif,groundnut
63.0,46.1,20.2,34.2,63.2,6.81,385.1,Red Soil,Kharif,millets
79.1,41.4,11.3,26.4,92.2,7.2,1659.3,Alluvial,Kharif,rice
48.6,7.7,16.4,15.9,48.8,6.79,224.7,Sandy Loam,Rabi,mustard
28.6,24.2,8.5,26.6,66.4,7.26,658.3,Alluvial,Rabi,chickpea
56.4,16.0,5.0,31.3,73.3,6.72,561.6,Red Soil,Kharif,millets
177.0,84.5,55.5,25.3,69.0,6.6,1727.4,Loam,Kharif,sugarcane
82.4,23.5,27.4,20.3,36.5,6.76,489.5,Alluvial,Rabi,wheat
67.9,34.9,52.0,21.2,89.3,6.69,746.3,Loam,Kharif,wheat
75.8,60.2,31.1,23.7,61.3,6.6,952.6,Alluvial,Rabi,maize
62.7,39.7,21.4,30.5,55.4,6.88,739.2,Red Soil,Kharif,groundnut
30.7,12.5,22.6,37.6,49.5,6.04,344.4,Clay,Kharif,millets
81.4,61.9,44.7,27.7,52.6,6.43,1626.0,Clay,Kharif,rice
48.0,13.2,17.8,12.1,50.8,6.82,342.1,Loam,Rabi,mustard
94.0,46.5,54.5,23.1,83.6,6.63,1704.6,Clay,Kharif,rice
10.0,35.0,17.5,30.8,89.8,7.09,699.4,Red Soil,Kharif,groundnut
114.9,56.1,32.3,28.5,71.1,6.82,1726.4,Clay Loam,Kharif,rice
70.7,17.4,21.0,23.7,71.3,6.89,438.5,Black Soil,Rabi,chickpea
75.1,52.1,23.7,15.9,54.3,6.99,421.9,Loam,Rabi,wheat
41.4,47.7,32.4,30.6,64.5,7.31,774.5,Loam,Kharif,groundnut
47.7,10.7,9.8,22.9,94.9,6.84,692.7,Alluvial,Zaid,chickpea
122.4,53.0,22.4,22.4,82.2,6.72,1744.9,Clay Loam,Kharif,rice
128.3,65.4,39.5,26.8,36.4,7.17,1613.6,Alluvial,Rabi,sugarcane
49.6,14.2,26.7,28.2,48.3,7.24,805.6,Alluvial,Rabi,chickpea
37.9,5.0,5.0,31.9,78.2,6.68,600.7,Loam,Kharif,millets
88.6,52.4,39.1,31.0,64.2,5.66,708.0,Sandy Loam,Rabi,potato
26.7,28.5,22.7,33.6,50.4,6.75,398.6,Red Soil,Kharif,millets
81.4,28.0,14.6,24.9,61.5,6.96,825.3,Sandy Loam,Zaid,groundnut
66.3,37.9,31.7,30.5,69.4,6.23,794.4,Clay Loam,Kharif,cotton
64.5,25.4,7.8,30.2,63.0,5.76,778.9,Sandy Loam,Kharif,groundnut
63.2,5.0,11.6,24.4,93.5,6.91,590.9,Sandy Loam,Rabi,chickpea
74.9,30.8,23.7,27.9,83.9,7.65,783.1,Loam,Kharif,cotton
115.1,57.5,48.6,23.1,63.7,6.65,446.4,Loam,Rabi,potato
18.0,32.4,7.4,38.3,34.6,6.65,326.6,Clay,Kharif,millets
112.1,45.1,42.6,32.7,58.5,6.21,1516.7,Clay Loam,Kharif,rice
10.0,10.9,13.3,22.8,46.6,6.92,691.1,Clay Loam,Kharif,soybean
54.2,32.2,16.3,36.2,84.8,6.84,742.6,Black Soil,Kharif,cotton
107.8,44.7,31.9,26.8,69.3,6.72,1099.0,Red Soil,Zaid,maize
114.5,41.2,37.9,28.4,68.0,6.55,771.8,Red Soil,Kharif,maize
107.1,41.3,18.0,18.6,84.9,7.02,717.8,Loam,Rabi,wheat
141.7,48.8,61.8,21.1,40.8,5.96,586.1,Clay,Rabi,potato
60.5,45.9,15.3,18.6,88.2,6.77,569.8,Loam,Rabi,mustard
88.9,29.6,36.0,19.4,56.5,7.32,576.3,Loam,Rabi,wheat
112.1,49.6,26.1,27.5,62.2,6.57,711.5,Sandy Loam,Zaid,tomato
71.6,24.3,5.0,29.0,55.1,6.58,838.2,Clay,Kharif,groundnut
97.1,43.6,24.7,26.5,73.4,6.37,884.2,Alluvial,Rabi,maize
76.3,42.3,37.6,21.9,56.2,6.76,744.3,Sandy Loam,Zaid,maize
76.9,58.3,43.1,29.0,67.4,6.13,1818.5,Clay,Kharif,rice
143.2,46.5,43.6,10.9,76.2,5.7,704.8,Sandy Loam,Rabi,potato
51.1,35.8,40.7,33.5,40.6,6.99,802.3,Clay Loam,Kharif,cotton
54.7,14.7,19.3,28.6,79.3,6.59,869.0,Clay Loam,Kharif,soybean
106.0,49.4,47.4,29.0,41.5,6.23,754.0,Sandy Loam,Kharif,tomato
119.9,30.4,41.2,21.9,42.3,6.57,1736.4,Alluvial,Kharif,rice
62.3,51.1,21.1,18.5,70.5,6.92,466.1,Alluvial,Rabi,wheat
93.7,45.1,11.8,18.3,76.7,7.02,286.5,Loam,Rabi,mustard
91.4,44.0,29.9,22.3,47.7,5.97,684.1,Alluvial,Zaid,maize
54.6,28.2,36.0,15.0,68.5,6.88,200.0,Sandy Loam,Rabi,mustard
47.0,11.8,16.6,26.8,63.7,7.18,627.3,Loam,Rabi,chickpea
10.0,7.2,10.3,22.8,73.5,6.91,466.2,Loam,Rabi,chickpea
56.9,44.4,18.9,24.1,51.4,6.46,576.1,Red Soil,Kharif,groundnut
82.1,52.2,47.1,22.3,51.9,7.47,895.2,Clay Loam,Rabi,wheat
40.1,27.9,11.8,31.9,48.8,6.13,749.2,Clay Loam,Kharif,soybean
155.7,74.4,45.0,27.2,87.4,6.56,1660.9,Alluvial,Zaid,sugarcane
51.0,5.0,21.7,31.6,71.1,6.12,297.6,Loam,Kharif,millets
78.3,7.8,11.7,30.9,58.9,6.58,711.0,Loam,Rabi,groundnut
55.0,16.3,8.9,27.7,56.1,7.8,767.1,Black Soil,Kharif,soybean
117.9,64.8,27.7,19.2,75.8,6.17,464.3,Sandy Loam,Rabi,potato
98.1,59.7,37.0,21.0,59.1,5.66,645.5,Sandy Loam,Rabi,potato
157.6,63.3,45.6,21.0,70.3,6.57,797.2,Loam,Rabi,potato
123.6,66.2,57.4,29.9,61.2,7.69,1780.3,Clay Loam,Zaid,sugarcane
112.5,37.3,22.2,19.1,59.7,6.37,430.7,Sandy Loam,Rabi,mustard
57.2,28.4,19.9,19.6,79.9,6.67,243.3,Red Soil,Kharif,groundnut
95.0,52.4,23.1,20.9,75.7,6.52,521.8,Clay,Kharif,tomato
78.7,36.0,23.2,35.1,72.0,6.94,434.2,Clay Loam,Kharif,cotton
97.6,54.8,41.0,31.4,69.1,6.51,1469.9,Clay Loam,Zaid,rice
28.1,27.2,17.1,32.8,67.1,6.67,590.0,Sandy Loam,Zaid,millets
22.7,30.7,7.6,22.2,79.9,6.69,397.8,Loam,Rabi,mustard
87.7,29.7,34.7,30.5,59.1,6.15,726.5,Loam,Rabi,maize
71.3,56.0,42.8,21.5,82.5,6.23,1650.5,Clay Loam,Kharif,rice
28.1,40.1,28.4,19.8,64.3,6.0,869.2,Sandy Loam,Kharif,groundnut
133.4,57.8,41.7,27.7,84.8,6.23,1459.1,Clay Loam,Kharif,rice
100.7,49.5,33.4,25.7,64.7,6.84,550.1,Clay Loam,Rabi,wheat
124.1,58.9,34.3,21.1,43.5,6.18,667.7,Loam,Kharif,tomato
21.2,37.1,19.0,28.5,76.8,7.15,1079.9,Clay Loam,Zaid,cotton
141.9,61.1,46.5,30.8,79.5,6.88,1664.8,Alluvial,Kharif,sugarcane
108.2,63.3,58.2,26.9,57.9,6.42,1792.4,Loam,Rabi,sugarcane
80.1,23.1,9.1,14.7,53.7,6.94,215.2,Alluvial,Rabi,mustard
113.0,66.6,32.4,26.3,64.4,6.29,1453.1,Alluvial,Rabi,sugarcane
88.2,50.7,33.7,25.3,89.6,6.13,524.2,Alluvial,Zaid,maize
48.3,45.3,34.0,19.8,95.0,6.85,100.0,Loam,Rabi,mustard
114.3,45.6,44.6,22.3,50.1,6.57,448.8,Loam,Rabi,maize
64.1,13.3,41.3,28.9,41.7,6.57,693.5,Red Soil,Kharif,groundnut
46.1,14.2,26.4,17.8,73.6,6.74,427.5,Loam,Rabi,chickpea
43.2,10.7,5.0,29.1,71.1,6.59,422.1,Black Soil,Rabi,chickpea
83.3,35.5,19.6,29.3,62.7,5.94,718.8,Loam,Kharif,maize
120.8,60.1,24.5,22.1,88.0,6.34,1596.7,Clay Loam,Kharif,rice
84.6,58.9,25.6,22.3,83.6,6.8,605.0,Loam,Kharif,wheat
94.6,31.4,29.1,24.0,56.1,6.94,643.4,Loam,Kharif,tomato
25.4,51.1,20.9,28.0,41.0,6.34,564.8,Red Soil,Kharif,groundnut
14.0,11.8,23.9,31.5,41.8,6.6,572.8,Loam,Kharif,millets
41.2,40.1,19.3,16.4,61.6,7.34,341.3,Alluvial,Rabi,mustard
66.8,41.0,21.7,33.8,83.1,7.34,928.3,Sandy Loam,Rabi,maize
119.8,20.9,61.1,27.5,47.7,6.33,1867.7,Alluvial,Kharif,rice
32.9,29.1,15.8,35.1,59.7,6.17,850.2,Loam,Rabi,soybean
55.2,25.8,14.3,19.9,95.0,6.95,285.7,Sandy Loam,Rabi,chickpea
104.2,38.6,42.0,19.9,84.0,6.83,622.2,Loam,Rabi,wheat
169.5,73.0,49.7,28.6,72.3,6.47,1726.2,Clay Loam,Zaid,sugarcane
41.5,21.5,5.0,28.7,63.8,7.3,588.6,Sandy Loam,Rabi,chickpea
116.0,23.6,27.3,24.0,76.1,6.89,751.1,Black Soil,Kharif,cotton
71.6,42.6,27.9,21.4,80.7,6.03,564.0,Red Soil,Kharif,maize
49.0,22.1,5.3,16.4,66.3,6.18,132.2,Alluvial,Rabi,mustard
66.6,46.0,31.3,21.3,59.5,7.14,548.5,Alluvial,Rabi,wheat
143.0,54.5,40.9,16.1,74.8,5.46,370.7,Clay Loam,Zaid,potato
68.7,50.9,43.5,26.4,66.3,6.11,779.6,Sandy Loam,Zaid,maize
33.9,14.5,5.0,23.8,63.9,6.89,725.8,Alluvial,Rabi,chickpea
22.2,41.5,27.7,18.8,44.5,7.83,422.3,Sandy Loam,Zaid,mustard
81.2,34.5,40.2,26.5,55.0,6.04,1654.4,Clay Loam,Kharif,rice
22.3,23.2,5.0,24.6,61.1,6.21,148.0,Black Soil,Rabi,chickpea
158.6,51.5,48.5,29.0,84.5,7.37,1589.1,Loam,Rabi,sugarcane
10.0,13.1,5.0,28.3,77.3,6.65,403.0,Sandy Loam,Kharif,millets
140.5,62.7,46.0,32.0,89.2,6.48,1735.5,Alluvial,Kharif,sugarcane
121.8,49.9,47.8,12.5,46.5,5.79,284.4,Loam,Rabi,potato
142.3,91.3,57.9,13.5,78.1,6.43,699.1,Sandy Loam,Rabi,potato
110.7,53.1,22.1,23.4,49.3,6.64,557.7,Red Soil,Rabi,maize
132.5,61.9,27.2,15.4,63.4,5.56,541.1,Loam,Rabi,potato
80.7,26.7,46.7,29.2,56.8,6.32,739.8,Sandy Loam,Zaid,maize
94.9,32.6,43.7,20.8,43.3,6.23,951.2,Black Soil,Kharif,maize
10.0,24.1,28.6,19.8,51.6,6.82,565.6,Loam,Rabi,chickpea
41.2,34.4,5.4,27.9,95.0,6.19,670.9,Sandy Loam,Rabi,chickpea
146.3,56.2,42.4,34.3,62.7,7.26,1796.2,Red Soil,Zaid,sugarcane
42.2,8.6,17.8,22.3,66.7,7.35,274.2,Black Soil,Zaid,chickpea
85.2,51.4,33.5,21.5,47.9,7.33,592.2,Alluvial,Rabi,wheat
96.4,50.5,39.1,29.7,69.0,6.83,1649.2,Clay,Kharif,rice
56.9,35.9,38.5,31.6,75.4,6.96,744.6,Black Soil,Kharif,cotton
98.4,46.1,22.7,24.7,44.6,6.72,304.8,Sandy Loam,Rabi,mustard
130.7,83.1,58.0,31.7,50.8,6.7,1625.4,Loam,Kharif,sugarcane
48.9,9.1,35.0,29.0,63.3,6.51,609.1,Black Soil,Kharif,soybean
52.7,6.8,11.0,25.0,43.3,6.4,350.3,Sandy Loam,Rabi,chickpea
13.8,5.0,5.0,21.4,57.4,5.86,595.1,Black Soil,Rabi,chickpea
35.3,42.8,13.3,27.8,95.0,6.88,870.8,Black Soil,Kharif,soybean
102.7,62.2,38.8,27.3,51.3,6.59,1746.2,Clay,Kharif,rice
40.2,21.1,26.6,22.3,62.9,8.0,506.7,Sandy Loam,Rabi,chickpea
10.0,5.0,5.3,33.5,62.7,6.44,654.4,Loam,Kharif,soybean
58.4,17.4,8.7,33.3,60.9,6.73,218.0,Loam,Kharif,millets
47.9,5.0,14.7,30.3,69.5,6.77,595.4,Sandy Loam,Rabi,chickpea
61.3,37.3,27.3,22.2,77.8,6.62,600.4,Loam,Rabi,mustard
64.1,24.8,7.1,30.1,48.6,6.48,666.1,Loam,Kharif,groundnut
117.9,29.0,42.7,29.2,54.3,6.59,699.0,Red Soil,Kharif,maize
65.3,9.9,5.0,16.9,52.8,7.13,243.2,Alluvial,Rabi,mustard
102.8,40.7,36.7,25.9,57.9,6.75,1671.0,Clay,Kharif,rice
165.0,47.6,41.2,11.1,32.6,5.88,356.0,Sandy Loam,Rabi,potato
60.1,25.2,24.7,31.5,71.7,6.72,732.5,Sandy Loam,Kharif,maize
103.4,28.2,21.9,29.0,59.1,6.33,1058.1,Loam,Rabi,maize
111.5,58.6,36.3,15.5,72.8,6.86,381.6,Black Soil,Rabi,potato
78.2,38.2,5.0,22.9,65.3,5.83,562.2,Loam,Kharif,soybean
113.9,23.3,22.4,24.1,54.2,6.03,832.8,Alluvial,Kharif,maize
35.5,25.5,28.2,30.5,82.5,6.35,808.3,Black Soil,Kharif,cotton
16.6,27.8,31.4,17.1,77.3,7.23,659.7,Black Soil,Rabi,chickpea
30.5,24.2,13.0,29.2,64.3,7.06,255.5,Loam,Kharif,millets
91.2,35.2,5.0,27.7,91.5,6.58,785.8,Black Soil,Kharif,cotton
51.6,11.1,8.1,30.5,74.6,6.73,970.2,Loam,Zaid,soybean
66.3,35.5,16.8,22.0,41.9,6.89,637.2,Loam,Rabi,wheat
66.9,29.9,38.4,30.7,55.2,6.62,890.7,Black Soil,Kharif,cotton
120.5,56.5,46.7,31.6,67.9,6.51,866.4,Loam,Zaid,tomato
146.7,68.6,41.7,18.1,56.8,6.4,576.4,Sandy Loam,Rabi,potato
90.2,29.1,45.7,30.7,72.9,6.32,854.1,Red Soil,Kharif,maize
83.9,46.0,28.4,27.4,77.2,7.79,928.0,Clay Loam,Rabi,cotton
152.0,60.4,69.3,34.7,63.6,6.86,1804.6,Alluvial,Zaid,sugarcane
105.9,52.1,30.7,22.7,58.8,7.2,681.7,Sandy Loam,Zaid,maize
59.9,23.5,5.0,25.2,45.6,7.05,495.2,Sandy Loam,Rabi,chickpea
69.5,28.1,26.9,17.0,48.5,6.63,315.0,Sandy Loam,Zaid,mustard
25.2,21.5,6.6,18.6,65.6,6.96,463.4,Black Soil,Rabi,chickpea
81.8,36.0,28.5,31.1,67.6,6.79,1772.5,Alluvial,Kharif,rice
133.0,49.6,46.8,18.7,47.1,5.89,512.6,Sandy Loam,Rabi,potato
77.8,22.1,18.7,26.4,50.3,6.92,953.3,Loam,Kharif,soybean
30.5,5.1,27.2,32.3,66.9,6.42,647.9,Loam,Kharif,groundnut
52.8,14.4,17.0,28.8,93.2,6.77,386.9,Red Soil,Kharif,millets
106.2,43.4,34.7,21.2,84.3,6.62,639.4,Alluvial,Rabi,wheat
122.0,65.9,53.6,33.8,95.0,6.86,1591.2,Alluvial,Zaid,sugarcane
41.8,34.7,10.5,20.1,88.5,7.02,527.4,Sandy Loam,Rabi,chickpea
57.7,25.6,25.5,28.8,67.6,6.21,594.8,Loam,Kharif,groundnut
72.7,28.0,25.5,30.7,64.0,6.92,811.7,Clay Loam,Kharif,cotton
117.0,53.4,46.7,25.7,68.7,6.12,649.1,Loam,Zaid,tomato
35.3,37.0,5.0,31.5,95.0,7.07,927.6,Sandy Loam,Kharif,groundnut
67.3,28.0,21.0,19.0,87.5,7.07,565.0,Sandy Loam,Rabi,mustard
107.3,41.9,31.5,28.2,84.0,6.91,1433.0,Clay,Kharif,rice
39.4,5.0,25.9,24.8,63.0,6.27,852.5,Loam,Kharif,soybean
32.8,6.6,6.4,33.3,65.9,6.26,449.1,Red Soil,Kharif,millets
89.0,26.4,18.0,10.7,77.5,7.2,213.2,Alluvial,Rabi,mustard
72.1,19.7,22.1,24.7,60.9,6.29,829.0,Loam,Rabi,groundnut
102.8,55.7,37.5,22.9,42.8,6.23,773.8,Sandy Loam,Zaid,tomato
61.6,21.2,5.0,27.8,62.6,6.35,115.0,Sandy Loam,Rabi,mustard
70.3,5.0,22.1,33.9,70.2,6.88,608.2,Loam,Kharif,millets
137.9,57.3,28.7,24.5,63.3,6.75,1538.5,Clay,Kharif,rice
65.0,16.8,31.3,27.4,63.6,6.54,272.8,Red Soil,Zaid,millets
171.5,86.8,55.5,25.3,59.5,6.3,1645.4,Alluvial,Rabi,sugarcane
60.4,13.6,5.0,28.8,48.6,6.63,808.1,Black Soil,Rabi,soybean
117.2,40.4,39.4,28.0,68.2,6.42,573.2,Alluvial,Kharif,tomato
112.3,49.4,37.1,23.1,75.3,6.71,973.7,Alluvial,Zaid,maize
66.8,32.6,30.0,28.2,36.2,6.82,603.8,Clay Loam,Rabi,soybean
70.5,35.1,25.2,29.9,59.3,6.49,358.2,Red Soil,Kharif,millets
184.4,59.4,40.1,28.6,58.2,7.08,1577.0,Loam,Rabi,sugarcane
72.8,26.9,29.2,16.2,39.1,6.88,705.3,Clay Loam,Rabi,wheat
37.5,32.9,12.8,28.7,42.1,6.82,674.6,Clay Loam,Kharif,soybean
107.5,61.1,23.5,20.7,77.6,6.58,547.2,Clay Loam,Rabi,wheat
79.4,38.8,42.1,35.2,90.2,6.36,800.8,Sandy Loam,Zaid,maize
132.4,43.8,23.7,26.7,82.1,6.66,1690.8,Alluvial,Kharif,rice
59.2,38.3,14.0,19.2,74.6,6.98,724.1,Alluvial,Rabi,wheat
95.3,58.6,39.2,25.9,58.0,7.31,784.2,Clay,Rabi,maize
68.5,23.4,13.8,20.5,51.0,6.77,476.9,Loam,Rabi,chickpea
128.3,54.0,41.4,25.4,72.5,6.63,757.4,Sandy Loam,Kharif,tomato
98.0,53.4,36.8,24.1,86.1,6.59,477.5,Alluvial,Zaid,tomato
157.9,55.1,47.7,26.8,58.4,6.46,1883.5,Loam,Rabi,sugarcane
160.6,69.8,61.2,30.9,67.0,6.74,1592.4,Loam,Zaid,sugarcane
72.1,21.9,11.1,25.1,54.3,6.13,738.3,Sandy Loam,Kharif,groundnut
134.1,48.1,57.5,20.2,58.7,5.71,534.2,Sandy Loam,Rabi,potato
39.5,45.1,16.3,38.1,20.0,7.03,544.1,Red Soil,Kharif,millets
19.5,6.2,10.6,31.7,44.4,6.62,343.3,Sandy Loam,Kharif,millets
105.2,48.1,46.2,17.7,58.6,5.89,457.6,Loam,Rabi,potato
61.8,13.0,23.8,22.5,70.4,6.7,762.5,Clay Loam,Zaid,soybean
71.7,42.7,26.9,29.5,79.2,6.13,625.5,Loam,Kharif,groundnut
50.8,19.8,5.0,21.2,29.7,6.85,491.5,Black Soil,Rabi,chickpea
82.8,51.6,45.6,29.2,53.6,6.23,1723.3,Clay Loam,Kharif,rice
87.8,46.5,35.4,31.8,54.0,6.92,1833.7,Sandy Loam,Kharif,rice
38.7,49.2,17.5,27.4,88.1,6.67,906.7,Sandy Loam,Rabi,maize
68.2,32.8,21.5,18.8,75.7,6.88,389.6,Red Soil,Rabi,mustard
50.4,5.0,28.3,26.1,68.4,6.23,759.7,Black Soil,Kharif,soybean
106.8,28.9,28.5,25.8,71.5,6.54,645.9,Loam,Rabi,tomato
101.9,42.8,44.9,28.2,36.7,6.92,727.5,Loam,Zaid,tomato
48.7,12.2,28.0,27.8,54.3,6.85,1051.1,Clay Loam,Kharif,soybean
154.7,62.6,62.4,35.2,95.0,6.36,1859.7,Clay Loam,Zaid,sugarcane
10.0,33.5,17.4,24.4,65.6,7.43,401.8,Loam,Rabi,chickpea
53.8,17.3,22.4,24.4,72.9,6.49,860.6,Black Soil,Kharif,soybean
138.7,49.0,39.3,25.7,87.5,6.72,1488.3,Loam,Rabi,sugarcane
72.0,35.2,36.6,32.9,45.8,7.21,744.4,Black Soil,Kharif,cotton
105.9,71.7,49.2,23.7,39.0,6.12,669.0,Red Soil,Kharif,tomato
50.6,12.9,14.7,31.4,69.3,6.43,1001.1,Clay Loam,Rabi,soybean
45.9,39.6,12.0,30.4,83.8,6.74,884.3,Clay Loam,Rabi,cotton
131.6,51.8,41.6,23.9,71.4,6.02,794.0,Sandy Loam,Rabi,tomato
94.9,59.9,41.5,29.1,51.1,7.1,1608.4,Alluvial,Kharif,rice
75.3,29.7,25.3,20.5,38.1,7.41,634.6,Alluvial,Rabi,wheat
22.3,7.0,23.0,31.0,71.5,6.57,626.1,Loam,Zaid,soybean
75.8,37.7,20.3,22.1,83.1,7.97,297.2,Sandy Loam,Rabi,mustard
69.6,35.7,24.0,26.6,27.6,7.23,289.2,Loam,Rabi,wheat
41.5,10.9,24.9,35.8,63.5,6.76,340.3,Sandy Loam,Kharif,millets
85.5,36.2,31.7,30.2,83.0,6.88,732.8,Sandy Loam,Kharif,maize
90.8,38.6,28.5,30.4,66.0,7.03,908.0,Loam,Kharif,maize
76.5,49.4,25.2,23.1,55.9,6.13,1689.5,Clay,Kharif,rice
39.9,5.0,14.9,30.2,68.0,6.85,844.7,Loam,Kharif,soybean
65.6,38.8,34.3,28.6,70.3,6.84,1582.5,Clay Loam,Zaid,rice
36.3,14.1,18.2,16.6,67.2,7.35,597.4,Loam,Rabi,chickpea
35.4,23.4,17.9,35.1,51.3,6.35,671.2,Black Soil,Kharif,soybean
23.4,24.7,24.6,33.8,79.6,6.46,741.1,Sandy Loam,Kharif,millets
85.8,35.2,32.6,22.4,39.4,6.04,632.1,Alluvial,Zaid,tomato
106.5,59.6,24.4,31.3,79.7,6.15,1753.3,Clay Loam,Kharif,rice
81.7,5.0,14.7,17.4,66.6,7.25,381.7,Sandy Loam,Rabi,mustard
20.1,29.1,18.6,28.6,55.6,6.45,342.6,Red Soil,Kharif,millets
117.3,70.0,32.5,17.5,72.5,6.4,531.3,Sandy Loam,Rabi,potato
62.1,14.3,19.5,26.4,66.3,7.2,1159.5,Black Soil,Kharif,soybean
53.8,44.0,36.4,16.3,58.9,6.92,665.6,Loam,Rabi,wheat
33.8,5.6,19.1,27.2,70.2,6.87,490.5,Loam,Rabi,millets
104.7,73.0,47.9,26.7,76.6,7.04,1564.3,Loam,Kharif,sugarcane
91.4,28.4,31.0,17.1,81.7,6.96,578.1,Loam,Rabi,wheat
14.5,32.4,17.4,22.0,33.4,6.8,500.0,Black Soil,Rabi,chickpea
59.7,10.2,19.6,25.8,72.9,7.12,819.5,Black Soil,Rabi,soybean
63.0,37.9,35.4,31.8,45.9,6.71,1762.0,Clay Loam,Kharif,rice
119.3,31.4,35.7,25.9,58.3,6.66,975.0,Loam,Kharif,maize
57.9,41.9,26.8,11.5,42.8,6.81,441.8,Loam,Rabi,wheat
66.8,5.0,31.3,31.5,54.2,7.22,695.8,Sandy Loam,Kharif,groundnut
52.9,42.5,8.5,23.6,82.2,6.67,574.2,Red Soil,Kharif,groundnut
63.1,33.3,5.0,25.8,91.4,6.37,726.9,Black Soil,Kharif,soybean
39.9,24.2,5.0,17.6,66.6,6.91,750.3,Alluvial,Rabi,mustard
75.8,30.5,27.9,24.0,81.0,7.45,1180.5,Clay Loam,Kharif,cotton
55.6,44.4,15.8,28.4,52.7,6.62,793.9,Loam,Kharif,groundnut
113.0,9.6,12.8,36.7,67.5,6.73,853.5,Clay Loam,Kharif,cotton
111.1,24.9,36.3,26.4,81.1,6.26,568.0,Sandy Loam,Rabi,potato
35.3,21.0,23.3,31.4,55.5,7.03,610.9,Red Soil,Kharif,millets
57.6,9.7,15.6,17.3,73.6,5.96,427.6,Loam,Rabi,mustard
34.0,18.9,17.6,20.2,70.6,7.29,703.7,Sandy Loam,Rabi,chickpea
142.7,60.2,59.4,31.5,67.9,6.79,1625.9,Alluvial,Rabi,sugarcane
66.5,26.4,27.1,26.0,53.6,6.4,1597.9,Clay,Kharif,rice
138.2,50.6,15.1,32.1,78.3,7.32,1561.5,Clay,Kharif,rice
31.5,44.2,38.7,22.6,69.1,6.54,825.0,Red Soil,Kharif,groundnut
57.1,21.4,46.5,17.7,62.2,6.43,587.2,Sandy Loam,Rabi,mustard
71.9,33.9,39.1,27.0,55.1,6.01,1013.5,Loam,Kharif,maize
86.5,38.6,51.1,30.9,60.4,6.55,1686.5,Alluvial,Kharif,rice
15.8,20.5,17.2,33.7,54.0,6.15,914.5,Clay Loam,Kharif,soybean
106.1,61.2,14.1,30.3,54.2,6.65,498.4,Loam,Zaid,wheat
41.2,35.1,23.5,18.9,67.5,6.73,345.3,Alluvial,Rabi,mustard
120.7,82.8,56.2,34.1,61.5,6.78,1718.1,Loam,Zaid,sugarcane
60.2,43.1,11.6,25.3,58.3,6.63,880.9,Red Soil,Kharif,soybean
60.3,44.2,37.1,25.0,66.6,7.08,1803.8,Clay Loam,Kharif,rice
69.8,43.7,22.6,20.4,72.3,5.64,594.4,Alluvial,Rabi,wheat
43.9,30.3,19.0,17.4,68.1,6.88,293.4,Loam,Rabi,mustard
72.5,18.2,5.0,29.8,52.4,7.03,387.5,Sandy Loam,Kharif,millets
93.1,46.3,26.4,23.0,66.5,6.57,704.0,Clay Loam,Rabi,wheat
66.0,23.6,10.8,14.6,73.9,5.74,100.0,Loam,Rabi,mustard
40.6,42.3,8.1,32.5,50.2,6.9,867.8,Loam,Kharif,cotton
87.2,39.7,27.9,27.8,65.8,6.89,767.4,Sandy Loam,Kharif,maize
149.8,63.5,56.6,19.0,73.7,6.06,558.4,Sandy Loam,Rabi,potato
133.0,50.7,36.3,25.9,52.1,6.91,1852.8,Clay Loam,Zaid,sugarcane
10.0,5.0,8.3,19.8,61.2,7.28,664.9,Clay Loam,Rabi,chickpea
89.0,11.0,13.1,22.9,40.8,6.44,561.1,Loam,Rabi,wheat
39.8,30.5,29.5,26.4,79.4,6.59,645.2,Loam,Zaid,groundnut
95.0,37.6,31.9,19.9,48.2,7.02,595.5,Loam,Rabi,wheat
146.2,29.1,18.6,27.4,57.0,6.83,823.5,Red Soil,Zaid,maize
110.4,50.2,49.2,21.3,60.9,6.32,710.7,Sandy Loam,Rabi,potato
26.6,18.7,19.2,32.3,86.4,6.71,496.7,Red Soil,Kharif,millets
115.1,27.9,21.6,24.5,72.1,6.44,731.3,Sandy Loam,Rabi,maize
35.9,26.1,12.0,29.7,71.2,6.49,914.7,Loam,Kharif,groundnut
56.1,24.9,26.1,27.1,63.1,6.65,622.4,Red Soil,Kharif,groundnut
127.7,26.4,29.7,21.9,95.0,6.96,936.4,Loam,Rabi,tomato
68.0,39.7,11.6,25.2,60.0,7.56,924.1,Black Soil,Kharif,cotton
92.3,57.5,19.9,24.7,51.5,6.2,1699.0,Sandy Loam,Kharif,rice
58.6,13.0,31.3,31.5,81.0,6.54,811.6,Loam,Kharif,groundnut
95.1,38.9,32.0,24.5,87.6,6.7,1757.8,Clay Loam,Kharif,rice
52.0,26.9,20.7,24.3,67.3,6.47,724.3,Loam,Kharif,soybean
10.0,13.8,16.0,24.0,62.5,6.37,409.6,Sandy Loam,Kharif,groundnut
191.8,62.5,39.9,23.4,61.3,6.15,1479.1,Clay Loam,Zaid,sugarcane
48.6,24.4,23.8,28.8,59.7,6.76,577.0,Clay Loam,Kharif,cotton
28.2,42.3,39.4,26.4,62.1,7.69,1018.6,Black Soil,Kharif,cotton
53.4,37.9,24.3,35.1,87.4,6.32,685.1,Clay Loam,Kharif,soybean
55.8,12.0,13.5,29.7,94.8,7.6,667.9,Loam,Kharif,groundnut
155.2,68.9,35.8,23.9,62.0,5.44,410.6,Loam,Rabi,potato
31.0,5.0,5.0,17.8,79.7,5.87,480.6,Loam,Rabi,chickpea
78.3,15.5,22.0,24.1,33.0,6.99,920.1,Loam,Zaid,maize
86.9,26.2,23.8,17.9,69.9,6.9,558.0,Loam,Kharif,wheat
113.5,37.8,7.1,18.6,74.4,6.73,1822.3,Clay Loam,Kharif,rice
58.7,41.3,22.7,28.7,83.7,7.26,782.6,Black Soil,Kharif,soybean
136.3,49.6,45.2,20.4,46.3,6.35,421.7,Clay,Rabi,potato
48.2,14.3,21.0,30.4,54.8,6.62,709.2,Sandy Loam,Zaid,millets
19.9,20.7,10.8,26.0,73.8,6.96,893.4,Black Soil,Kharif,soybean
56.7,26.4,36.7,32.3,53.8,6.64,935.9,Alluvial,Kharif,soybean
131.7,76.1,45.7,27.3,64.6,6.62,1722.8,Loam,Rabi,sugarcane
62.9,8.3,30.2,34.0,66.5,6.58,378.5,Sandy Loam,Kharif,millets
164.4,63.0,49.4,37.4,50.4,7.0,1782.3,Clay Loam,Rabi,sugarcane
13.3,5.0,15.7,33.6,77.3,6.79,402.1,Loam,Kharif,millets
104.2,32.7,19.0,20.3,43.2,6.86,520.7,Loam,Rabi,wheat
43.3,51.6,42.2,32.2,47.5,6.93,854.0,Clay Loam,Kharif,cotton
10.9,27.8,5.0,24.4,44.0,7.1,604.4,Clay Loam,Rabi,chickpea
59.8,7.4,17.8,26.0,85.5,6.44,480.1,Loam,Kharif,millets
97.9,5.0,26.8,30.5,67.3,7.49,794.9,Black Soil,Zaid,cotton
132.7,62.3,52.7,24.6,48.5,6.75,443.5,Loam,Kharif,tomato
146.1,59.3,30.6,26.5,47.3,7.16,756.4,Black Soil,Zaid,tomato
123.7,45.1,37.6,28.4,80.9,6.63,1901.1,Loam,Rabi,sugarcane
126.7,83.2,38.7,25.2,64.3,6.75,804.3,Clay Loam,Kharif,tomato
70.1,79.6,14.7,24.0,46.2,6.92,633.5,Sandy Loam,Zaid,maize
68.3,15.0,16.7,36.9,74.8,7.7,437.8,Loam,Rabi,millets
55.9,20.6,32.9,30.8,83.1,7.11,681.7,Black Soil,Kharif,cotton
83.8,39.1,17.6,22.0,60.5,6.47,960.8,Clay Loam,Kharif,soybean
40.4,10.2,7.7,31.2,61.3,6.49,494.2,Red Soil,Kharif,millets
133.5,55.9,41.1,15.7,87.4,5.6,598.7,Sandy Loam,Rabi,potato
61.7,24.3,22.0,29.2,75.5,6.49,234.5,Sandy Loam,Kharif,millets
30.9,11.0,25.4,36.7,56.4,6.52,580.1,Sandy Loam,Kharif,millets
95.2,41.0,43.8,27.4,95.0,6.53,1900.7,Alluvial,Kharif,rice
78.5,35.1,9.2,29.1,65.9,6.35,844.8,Clay Loam,Kharif,soybean
14.4,35.1,21.1,30.0,65.9,7.47,641.9,Clay Loam,Kharif,groundnut
43.0,5.0,8.3,27.4,51.8,7.41,613.4,Loam,Kharif,millets
10.0,5.0,10.6,27.0,85.4,7.05,555.2,Black Soil,Rabi,chickpea
33.2,6.7,8.7,21.7,41.0,6.75,535.0,Sandy Loam,Rabi,chickpea
88.1,28.6,27.1,18.3,67.0,6.48,762.5,Clay Loam,Rabi,wheat
116.6,49.8,55.8,20.8,81.4,6.56,600.5,Loam,Rabi,potato
48.8,31.4,30.1,19.2,95.0,6.39,244.7,Loam,Kharif,mustard
77.6,64.1,39.8,25.3,59.7,6.23,1777.4,Black Soil,Kharif,rice
81.6,34.7,29.6,25.1,78.6,6.92,964.2,Alluvial,Zaid,maize
125.1,59.1,50.8,23.6,59.8,6.23,557.5,Sandy Loam,Kharif,tomato
58.3,31.8,24.9,16.2,54.5,7.13,805.6,Sandy Loam,Rabi,wheat
119.9,52.6,20.3,29.1,62.6,7.54,1028.1,Loam,Kharif,cotton
47.0,12.3,11.6,24.7,56.3,6.39,979.9,Black Soil,Kharif,soybean
84.8,19.6,8.9,23.3,63.4,6.04,166.1,Loam,Rabi,mustard
115.3,13.3,16.0,21.2,54.5,6.6,240.3,Alluvial,Rabi,mustard
32.5,22.1,6.2,28.7,95.0,6.27,851.5,Loam,Kharif,soybean
106.0,60.6,39.4,20.0,92.8,6.53,557.1,Alluvial,Kharif,tomato
112.5,46.8,24.0,26.5,58.8,6.1,805.0,Sandy Loam,Zaid,maize
105.5,49.5,34.9,26.3,51.0,6.6,1688.8,Clay Loam,Kharif,rice
86.2,26.7,22.1,15.6,53.2,6.36,459.6,Red Soil,Rabi,mustard
55.9,36.4,17.4,12.7,79.1,6.06,365.1,Loam,Zaid,mustard
27.5,5.0,25.8,24.3,72.5,7.35,530.2,Sandy Loam,Kharif,chickpea
61.2,22.3,5.0,27.6,77.1,6.45,617.5,Clay Loam,Kharif,soybean
34.0,26.7,5.0,26.8,66.9,6.86,619.0,Loam,Kharif,millets
108.7,57.8,44.5,24.8,27.1,6.21,807.8,Alluvial,Kharif,maize
151.8,60.6,44.6,23.1,55.7,6.81,1124.7,Sandy Loam,Kharif,tomato
76.5,51.1,21.5,29.8,59.6,6.77,947.6,Clay Loam,Kharif,maize
66.8,39.2,32.1,37.5,57.2,7.89,1257.0,Black Soil,Kharif,cotton
127.0,52.6,30.9,30.4,81.9,6.54,1696.1,Clay,Kharif,rice
31.0,13.5,38.6,30.5,45.7,6.13,833.2,Loam,Kharif,groundnut
47.2,24.9,30.5,32.9,74.6,8.09,950.5,Loam,Kharif,cotton
100.5,46.7,14.7,30.2,29.9,6.28,854.0,Loam,Kharif,maize
133.8,56.2,22.9,15.4,58.2,6.3,608.0,Sandy Loam,Zaid,tomato
169.6,53.5,40.1,24.1,91.9,7.11,1710.5,Loam,Rabi,sugarcane
80.8,49.3,25.4,15.4,61.3,6.26,712.7,Clay Loam,Rabi,wheat
36.8,22.0,21.9,30.1,30.3,6.48,466.4,Loam,Kharif,millets
10.0,15.4,23.9,25.9,76.3,6.49,477.2,Loam,Rabi,chickpea
110.7,47.2,37.5,20.4,95.0,6.65,558.9,Loam,Rabi,wheat
168.2,38.6,61.6,16.9,60.2,5.31,572.8,Loam,Rabi,potato
88.2,30.8,28.7,30.4,53.6,6.85,1367.4,Clay Loam,Kharif,rice
55.3,39.5,28.6,14.6,69.4,6.92,553.8,Black Soil,Rabi,chickpea
95.9,48.1,45.5,32.8,69.3,6.28,839.8,Alluvial,Zaid,maize
63.4,17.6,23.2,37.9,51.6,5.95,656.9,Red Soil,Kharif,millets
45.3,16.6,24.0,22.8,45.3,7.73,797.5,Loam,Kharif,soybean
10.0,5.0,18.6,19.8,64.3,6.71,361.1,Black Soil,Rabi,chickpea
135.0,31.4,27.0,22.0,74.2,7.06,928.1,Sandy Loam,Rabi,maize
127.4,62.8,49.0,25.0,76.9,5.8,725.7,Alluvial,Kharif,tomato
94.0,44.0,39.8,25.4,72.7,6.26,1538.8,Red Soil,Kharif,rice
81.5,52.4,20.5,30.5,41.7,6.7,1710.9,Clay Loam,Kharif,rice
58.8,19.7,28.3,17.1,69.2,6.95,156.7,Alluvial,Rabi,mustard
19.4,5.0,21.7,31.5,71.8,6.53,470.0,Sandy Loam,Kharif,millets
98.3,47.0,30.1,30.6,68.8,6.58,884.5,Alluvial,Zaid,maize
19.4,22.4,5.0,31.1,71.2,6.87,389.7,Clay,Kharif,millets
77.9,57.4,28.8,17.3,50.5,6.8,602.5,Alluvial,Rabi,wheat
37.5,13.3,25.0,35.2,56.1,6.9,851.9,Loam,Kharif,groundnut
77.4,5.4,7.9,30.3,55.8,6.28,749.4,Clay Loam,Kharif,soybean
61.8,29.6,20.9,24.3,56.2,7.38,408.9,Sandy Loam,Rabi,mustard
79.6,40.1,14.6,19.2,34.2,6.69,794.6,Clay Loam,Rabi,wheat
82.7,58.1,36.9,22.8,38.9,6.69,482.0,Loam,Zaid,maize
151.5,63.4,35.5,32.4,51.0,6.94,1663.2,Clay Loam,Kharif,sugarcane
10.0,31.1,27.1,19.7,62.6,7.61,404.6,Sandy Loam,Rabi,chickpea
143.2,54.8,30.9,33.6,79.1,6.81,1537.8,Alluvial,Kharif,sugarcane
17.7,14.8,21.4,26.1,71.3,6.82,601.8,Red Soil,Kharif,millets
123.3,49.1,63.6,32.4,79.3,6.2,1645.5,Clay Loam,Rabi,sugarcane
35.3,12.7,26.0,27.1,71.3,6.64,661.9,Loam,Kharif,groundnut
76.2,41.2,30.6,27.3,65.1,6.51,951.5,Black Soil,Kharif,cotton
75.3,26.5,36.9,28.0,39.2,7.15,764.3,Black Soil,Kharif,cotton
34.3,29.4,9.6,20.5,67.8,6.73,253.7,Black Soil,Rabi,chickpea
60.8,11.6,25.3,25.6,83.5,6.58,556.0,Sandy Loam,Kharif,millets
145.5,48.7,33.2,17.1,89.9,5.92,416.6,Alluvial,Zaid,tomato
38.1,15.3,10.6,37.4,79.2,6.71,346.6,Red Soil,Kharif,millets
40.2,26.9,14.2,22.2,54.3,5.87,646.2,Loam,Kharif,groundnut
57.4,40.2,10.9,14.5,73.9,5.9,315.9,Loam,Rabi,mustard
65.8,13.9,29.0,20.7,39.8,6.29,391.7,Clay,Rabi,mustard
46.4,21.7,18.7,15.3,57.7,6.46,199.0,Alluvial,Rabi,mustard
77.9,13.6,18.8,26.6,72.1,6.22,1066.9,Sandy Loam,Kharif,groundnut
91.5,49.1,50.3,23.4,88.5,5.94,716.2,Loam,Rabi,tomato
71.5,29.7,5.0,24.5,75.7,6.69,1043.4,Loam,Kharif,soybean
92.3,60.8,53.7,29.6,68.9,6.61,1554.3,Alluvial,Kharif,rice
35.9,9.3,10.1,16.0,95.0,7.29,467.6,Sandy Loam,Rabi,chickpea
10.0,25.0,16.8,23.2,85.1,6.45,816.5,Loam,Kharif,soybean
119.5,44.3,27.6,25.9,74.9,6.31,326.4,Sandy Loam,Kharif,tomato
102.1,11.9,18.6,14.1,73.0,7.33,312.6,Alluvial,Rabi,mustard
105.5,48.8,43.0,29.1,75.0,6.62,620.5,Alluvial,Kharif,tomato
48.1,18.8,14.0,34.7,76.0,7.03,265.1,Clay,Kharif,millets
44.7,18.3,15.3,29.6,72.8,6.28,737.9,Clay Loam,Kharif,soybean
50.5,26.9,29.9,25.1,51.8,5.64,760.6,Loam,Kharif,groundnut
38.2,33.2,37.0,29.3,88.4,7.04,641.5,Sandy Loam,Kharif,groundnut
76.1,45.3,34.9,27.9,90.6,7.73,825.9,Loam,Kharif,cotton
98.2,36.0,35.1,27.5,88.0,7.0,821.1,Black Soil,Rabi,cotton
