crop,soil_type,season,N,P,K,pH,temperature,rainfall,water_applied_m3,fert_applied_kg,yield_tons_ha
cotton,Black Soil,Kharif,74.2,33.8,27.0,7.0,31.0,901.1,6384.0,135.0,1.97
potato,Loam,Rabi,151.2,68.8,55.0,5.6,20.2,376.1,5777.0,275.0,18.47
mustard,Alluvial,Rabi,71.0,32.2,25.8,7.18,13.8,248.1,3065.0,129.0,1.33
mustard,Alluvial,Rabi,47.9,21.8,17.4,7.1,21.2,355.9,3223.0,87.0,1.43
tomato,Sandy Loam,Zaid,108.4,49.2,39.4,6.68,22.8,779.2,7315.0,197.0,21.19
soybean,Clay Loam,Kharif,51.7,23.5,18.8,7.11,19.9,982.8,3424.0,94.0,1.33
tomato,Alluvial,Zaid,132.6,60.2,48.2,6.57,25.9,693.4,7388.0,241.0,25.01
cotton,Black Soil,Kharif,79.8,36.2,29.0,6.66,30.4,844.6,8932.0,145.0,2.05
sugarcane,Clay Loam,Kharif,102.3,46.5,37.2,6.98,34.2,1700.0,21977.0,186.0,50.52
rice,Clay,Kharif,101.8,46.2,37.0,6.24,29.5,1729.0,10308.0,185.0,3.74
wheat,Alluvial,Rabi,74.8,34.0,27.2,6.89,23.6,531.9,5045.0,136.0,2.74
cotton,Black Soil,Kharif,79.2,36.0,28.8,7.45,31.5,1091.1,7159.0,144.0,1.81
wheat,Clay Loam,Rabi,55.0,25.0,20.0,6.49,20.2,714.7,5580.0,100.0,3.23
groundnut,Loam,Kharif,44.6,20.2,16.2,6.92,28.2,777.4,3558.0,81.0,1.98
rice,Clay,Kharif,98.5,44.8,35.8,5.49,32.8,1730.5,13846.0,179.0,3.02
millets,Loam,Kharif,51.7,23.5,18.8,7.33,37.1,504.6,3557.0,94.0,1.54
maize,Red Soil,Zaid,61.1,27.8,22.2,7.08,29.1,801.2,4901.0,111.0,3.51
sugarcane,Loam,Kharif,158.4,72.0,57.6,7.51,32.8,1790.9,17055.0,288.0,51.65
groundnut,Sandy Loam,Kharif,57.2,26.0,20.8,6.29,22.0,842.2,4319.0,104.0,1.76
maize,Red Soil,Zaid,62.7,28.5,22.8,5.76,30.2,941.0,4912.0,114.0,3.26
groundnut,Red Soil,Kharif,42.4,19.2,15.4,7.04,26.1,751.2,3821.0,77.0,1.81
cotton,Black Soil,Kharif,51.2,23.2,18.6,6.13,28.7,984.5,5316.0,93.0,1.12
mustard,Loam,Rabi,70.4,32.0,25.6,6.01,13.5,413.7,3337.0,128.0,1.23
groundnut,Sandy Loam,Kharif,44.6,20.2,16.2,6.41,28.5,774.9,4437.0,81.0,2.13
soybean,Clay Loam,Kharif,47.9,21.8,17.4,7.09,21.4,661.4,4383.0,87.0,1.83
maize,Loam,Kharif,94.1,42.8,34.2,6.64,27.9,879.6,3970.0,171.0,3.58
cotton,Black Soil,Kharif,52.3,23.8,19.0,7.49,32.5,766.5,5973.0,95.0,1.27
soybean,Clay Loam,Kharif,46.2,21.0,16.8,6.41,23.0,520.4,5513.0,84.0,1.91
chickpea,Loam,Rabi,29.7,13.5,10.8,7.02,23.3,294.5,2473.0,54.0,1.45
sugarcane,Clay Loam,Kharif,168.3,76.5,61.2,6.24,30.6,1685.8,23177.0,306.0,65.84
cotton,Loam,Kharif,102.9,46.8,37.4,6.74,32.1,764.6,6086.0,187.0,1.73
millets,Red Soil,Kharif,34.7,15.8,12.6,6.51,30.0,580.9,3031.0,63.0,1.74
rice,Alluvial,Kharif,72.6,33.0,26.4,6.05,28.0,1855.2,12791.0,132.0,3.82
maize,Loam,Zaid,57.2,26.0,20.8,7.01,22.3,836.9,6020.0,104.0,2.86
cotton,Black Soil,Kharif,51.2,23.2,18.6,7.26,35.4,811.5,6439.0,93.0,1.5
rice,Clay,Kharif,128.2,58.2,46.6,6.46,28.7,1836.6,14861.0,233.0,4.34
chickpea,Sandy Loam,Rabi,24.8,11.2,9.0,7.94,22.3,537.2,3713.0,45.0,1.35
mustard,Loam,Rabi,79.2,36.0,28.8,7.15,19.4,341.6,2461.0,144.0,1.62
cotton,Black Soil,Kharif,50.6,23.0,18.4,6.96,31.7,1144.9,5279.0,92.0,1.17
tomato,Loam,Zaid,95.2,43.2,34.6,5.98,25.3,558.9,7469.0,173.0,19.91
chickpea,Sandy Loam,Rabi,41.2,18.8,15.0,6.55,19.4,401.3,2954.0,75.0,1.6
rice,Clay Loam,Kharif,93.5,42.5,34.0,6.13,29.7,1761.5,8166.0,170.0,2.5
cotton,Loam,Kharif,56.1,25.5,20.4,7.06,29.3,927.3,5238.0,102.0,1.34
millets,Sandy Loam,Kharif,38.0,17.2,13.8,6.85,33.6,582.3,3503.0,69.0,1.85
wheat,Loam,Rabi,109.5,49.8,39.8,6.52,21.6,560.4,4833.0,199.0,3.59
chickpea,Loam,Rabi,25.3,11.5,9.2,6.69,22.9,418.9,2485.0,46.0,1.26
chickpea,Sandy Loam,Rabi,44.0,20.0,16.0,7.37,25.9,610.0,2995.0,80.0,1.37
potato,Loam,Rabi,131.5,59.8,47.8,6.6,26.4,521.0,6194.0,239.0,14.9
sugarcane,Alluvial,Zaid,103.4,47.0,37.6,7.35,33.7,1564.3,16815.0,188.0,50.14
wheat,Loam,Rabi,82.5,37.5,30.0,7.02,20.7,619.2,5238.0,150.0,3.67
chickpea,Loam,Rabi,25.3,11.5,9.2,7.42,21.3,660.1,2154.0,46.0,1.15
potato,Loam,Rabi,136.4,62.0,49.6,6.66,15.2,561.5,6227.0,248.0,18.1
groundnut,Red Soil,Kharif,61.1,27.8,22.2,6.12,33.9,683.6,3555.0,111.0,1.55
rice,Clay,Kharif,92.4,42.0,33.6,6.48,34.3,1573.9,14412.0,168.0,3.05
wheat,Clay Loam,Rabi,61.1,27.8,22.2,6.98,20.3,605.7,3228.0,111.0,2.11
cotton,Clay Loam,Kharif,74.8,34.0,27.2,7.23,31.3,1062.0,7596.0,136.0,2.01
rice,Clay,Kharif,65.5,29.8,23.8,6.94,27.3,1481.3,10296.0,119.0,3.7
wheat,Alluvial,Rabi,102.9,46.8,37.4,7.44,22.0,509.9,3946.0,187.0,2.57
groundnut,Red Soil,Kharif,44.6,20.2,16.2,7.29,30.2,494.6,2957.0,81.0,1.24
wheat,Clay Loam,Rabi,94.6,43.0,34.4,6.99,18.5,630.7,6107.0,172.0,3.45
wheat,Loam,Rabi,78.7,35.8,28.6,6.77,30.9,584.2,4210.0,143.0,2.57
soybean,Clay Loam,Kharif,59.4,27.0,21.6,6.88,28.7,895.1,5518.0,108.0,2.2
maize,Loam,Kharif,115.0,52.2,41.8,6.08,27.7,730.7,6406.0,209.0,4.81
chickpea,Sandy Loam,Rabi,33.0,15.0,12.0,6.75,20.0,557.6,3140.0,60.0,1.61
maize,Loam,Rabi,84.2,38.2,30.6,6.43,28.3,903.3,3679.0,153.0,3.32
soybean,Clay Loam,Kharif,33.6,15.2,12.2,6.71,26.6,903.7,5288.0,61.0,2.28
potato,Sandy Loam,Rabi,103.4,47.0,37.6,4.48,20.8,416.4,5247.0,188.0,12.12
groundnut,Red Soil,Kharif,53.9,24.5,19.6,6.72,26.5,843.7,5303.0,98.0,2.23
millets,Sandy Loam,Kharif,45.1,20.5,16.4,6.38,29.2,288.4,2557.0,82.0,1.52
rice,Clay,Kharif,111.1,50.5,40.4,5.86,26.2,1702.8,7757.0,202.0,2.44
millets,Red Soil,Kharif,30.8,14.0,11.2,6.4,29.3,496.7,2440.0,56.0,1.33
millets,Loam,Kharif,42.9,19.5,15.6,6.98,29.4,301.5,1935.0,78.0,1.05
sugarcane,Loam,Kharif,141.4,64.2,51.4,7.0,27.6,1659.6,21406.0,257.0,71.35
chickpea,Sandy Loam,Rabi,41.8,19.0,15.2,7.0,22.3,374.7,1908.0,76.0,1.11
sugarcane,Loam,Zaid,128.7,58.5,46.8,6.38,32.3,1486.7,20096.0,234.0,62.87
mustard,Loam,Rabi,78.1,35.5,28.4,6.47,22.7,403.5,2366.0,142.0,1.22
maize,Loam,Zaid,69.9,31.8,25.4,6.43,30.8,690.0,4827.0,127.0,3.83
mustard,Alluvial,Rabi,64.4,29.2,23.4,6.64,16.6,626.9,1866.0,117.0,1.07
soybean,Loam,Kharif,42.9,19.5,15.6,6.94,22.6,950.7,5630.0,78.0,1.87
potato,Loam,Rabi,140.8,64.0,51.2,5.16,18.5,465.3,4865.0,256.0,17.57
millets,Sandy Loam,Kharif,47.3,21.5,17.2,6.14,35.3,502.1,3943.0,86.0,1.73
tomato,Alluvial,Rabi,94.6,43.0,34.4,5.84,20.3,783.6,4273.0,172.0,13.64
wheat,Loam,Rabi,101.8,46.2,37.0,6.58,23.0,630.3,5199.0,185.0,3.35
sugarcane,Loam,Rabi,102.3,46.5,37.2,6.98,31.3,1592.2,22958.0,186.0,63.47
soybean,Loam,Kharif,38.0,17.2,13.8,6.07,27.1,830.3,4749.0,69.0,2.14
tomato,Sandy Loam,Kharif,95.7,43.5,34.8,6.65,23.2,802.5,3650.0,174.0,11.24
rice,Clay Loam,Kharif,68.8,31.2,25.0,5.79,24.4,1692.1,10991.0,125.0,3.11
potato,Loam,Rabi,134.8,61.2,49.0,6.08,19.8,643.1,4983.0,245.0,20.53
chickpea,Sandy Loam,Rabi,32.5,14.8,11.8,7.83,20.1,502.8,3295.0,59.0,1.36
potato,Loam,Rabi,145.2,66.0,52.8,5.28,19.2,551.8,4034.0,264.0,15.92
tomato,Loam,Rabi,152.9,69.5,55.6,6.12,22.3,683.0,4018.0,278.0,15.84
wheat,Loam,Rabi,57.8,26.2,21.0,6.65,19.4,601.1,5864.0,105.0,3.36
millets,Sandy Loam,Kharif,26.4,12.0,9.6,6.79,32.2,395.3,3520.0,48.0,1.93
soybean,Black Soil,Kharif,54.5,24.8,19.8,7.02,26.6,595.0,3608.0,99.0,1.99
wheat,Loam,Rabi,55.6,25.2,20.2,6.98,25.4,685.6,3452.0,101.0,1.9
tomato,Loam,Zaid,136.4,62.0,49.6,6.51,17.7,736.8,7553.0,248.0,18.49
potato,Loam,Rabi,161.2,73.2,58.6,6.2,24.5,683.5,6444.0,293.0,18.29
sugarcane,Loam,Zaid,174.4,79.2,63.4,6.95,34.0,1859.0,12206.0,317.0,45.84
potato,Sandy Loam,Rabi,96.3,43.8,35.0,6.37,22.4,409.5,5834.0,175.0,16.56
wheat,Clay Loam,Rabi,95.2,43.2,34.6,7.03,21.4,830.8,3893.0,173.0,2.88
sugarcane,Alluvial,Kharif,167.2,76.0,60.8,6.54,29.5,1425.6,16315.0,304.0,60.14
cotton,Clay Loam,Kharif,64.4,29.2,23.4,7.4,31.5,910.9,5581.0,117.0,1.57
maize,Alluvial,Rabi,77.0,35.0,28.0,6.46,26.7,953.8,3359.0,140.0,2.36
cotton,Loam,Kharif,79.8,36.2,29.0,6.78,36.5,666.2,8943.0,145.0,1.5
wheat,Alluvial,Rabi,96.8,44.0,35.2,7.14,22.5,516.7,4777.0,176.0,2.97
sugarcane,Loam,Kharif,190.9,86.8,69.4,6.87,28.5,1732.4,16864.0,347.0,69.98
maize,Alluvial,Zaid,75.4,34.2,27.4,6.13,26.2,435.8,4941.0,137.0,4.58
chickpea,Sandy Loam,Rabi,45.7,20.8,16.6,7.02,22.8,516.1,2585.0,83.0,1.63
rice,Alluvial,Kharif,104.0,47.2,37.8,6.98,25.0,1759.8,7629.0,189.0,2.57
wheat,Alluvial,Rabi,96.8,44.0,35.2,6.64,20.6,869.3,3997.0,176.0,3.61
rice,Alluvial,Kharif,80.3,36.5,29.2,6.51,30.0,1758.8,12416.0,146.0,4.03
tomato,Alluvial,Kharif,92.4,42.0,33.6,6.55,23.9,781.0,6250.0,168.0,22.73
groundnut,Sandy Loam,Kharif,67.7,30.8,24.6,6.7,24.3,885.2,3363.0,123.0,1.53
sugarcane,Clay Loam,Kharif,162.2,73.8,59.0,6.08,30.8,1475.4,16454.0,295.0,66.25
maize,Alluvial,Rabi,77.0,35.0,28.0,5.64,23.5,804.4,6339.0,140.0,3.99
groundnut,Loam,Kharif,47.9,21.8,17.4,6.77,24.6,614.7,5140.0,87.0,1.8
tomato,Alluvial,Zaid,134.2,61.0,48.8,6.56,24.5,582.8,7369.0,244.0,25.48
mustard,Sandy Loam,Rabi,68.8,31.2,25.0,6.08,18.8,400.2,2139.0,125.0,1.15
potato,Loam,Rabi,160.6,73.0,58.4,7.11,19.6,708.0,5808.0,292.0,18.52
groundnut,Red Soil,Kharif,68.8,31.2,25.0,7.1,22.5,698.5,3800.0,125.0,1.52
tomato,Alluvial,Zaid,90.2,41.0,32.8,6.37,18.9,708.9,4837.0,164.0,14.63
chickpea,Loam,Rabi,32.5,14.8,11.8,7.95,24.6,467.4,3554.0,59.0,1.32
potato,Loam,Rabi,88.6,40.2,32.2,5.37,21.6,545.4,3610.0,161.0,12.37
groundnut,Red Soil,Kharif,69.9,31.8,25.4,6.15,28.0,684.5,2624.0,127.0,1.15
wheat,Loam,Rabi,90.2,41.0,32.8,7.4,16.0,839.8,4053.0,164.0,2.74
rice,Clay Loam,Kharif,130.4,59.2,47.4,6.45,27.6,1782.7,13221.0,237.0,4.73
chickpea,Loam,Rabi,23.7,10.8,8.6,6.96,22.0,532.8,2336.0,43.0,1.36
potato,Loam,Rabi,104.0,47.2,37.8,5.99,21.8,490.4,5772.0,189.0,18.11
sugarcane,Loam,Rabi,107.3,48.8,39.0,7.0,32.7,1599.0,18120.0,195.0,66.64
soybean,Black Soil,Kharif,31.9,14.5,11.6,6.39,28.2,755.9,3306.0,58.0,1.51
tomato,Alluvial,Rabi,139.2,63.2,50.6,6.49,22.7,576.7,7348.0,253.0,24.73
groundnut,Loam,Kharif,46.2,21.0,16.8,6.76,31.9,867.3,3602.0,84.0,1.7
rice,Clay Loam,Kharif,69.3,31.5,25.2,6.52,30.7,1939.3,14384.0,126.0,3.7
tomato,Sandy Loam,Kharif,153.5,69.8,55.8,6.09,20.6,434.9,7198.0,279.0,21.3
millets,Red Soil,Kharif,51.2,23.2,18.6,7.23,28.2,477.7,1947.0,93.0,0.93
cotton,Black Soil,Kharif,66.6,30.2,24.2,7.14,28.5,769.0,5137.0,121.0,1.43
groundnut,Sandy Loam,Kharif,47.3,21.5,17.2,6.24,29.2,669.0,3753.0,86.0,2.04
millets,Loam,Kharif,39.6,18.0,14.4,6.17,28.8,449.2,3903.0,72.0,1.75
maize,Loam,Kharif,103.4,47.0,37.6,6.94,21.8,911.5,4347.0,188.0,3.18
millets,Red Soil,Kharif,37.4,17.0,13.6,6.8,25.1,294.2,3555.0,68.0,1.41
potato,Loam,Rabi,123.8,56.2,45.0,6.17,18.8,744.0,4048.0,225.0,16.38
mustard,Sandy Loam,Rabi,75.9,34.5,27.6,6.84,18.0,312.0,3347.0,138.0,1.69
soybean,Black Soil,Kharif,54.5,24.8,19.8,6.8,34.9,648.8,3611.0,99.0,1.44
sugarcane,Loam,Zaid,160.6,73.0,58.4,7.8,30.9,1651.7,19193.0,292.0,55.33
tomato,Sandy Loam,Rabi,97.4,44.2,35.4,6.77,21.3,690.5,4951.0,177.0,19.08
maize,Alluvial,Kharif,92.4,42.0,33.6,5.77,23.7,679.2,6560.0,168.0,4.19
soybean,Black Soil,Kharif,52.8,24.0,19.2,6.29,28.3,537.9,5074.0,96.0,2.4
wheat,Alluvial,Rabi,73.2,33.2,26.6,6.99,21.3,547.5,3730.0,133.0,2.87
millets,Loam,Kharif,47.9,21.8,17.4,6.55,31.1,305.0,3695.0,87.0,2.13
sugarcane,Loam,Rabi,158.4,72.0,57.6,6.81,26.7,1625.4,15522.0,288.0,61.01
potato,Sandy Loam,Rabi,82.5,37.5,30.0,6.19,14.3,445.9,4455.0,150.0,13.26
soybean,Black Soil,Kharif,31.4,14.2,11.4,6.8,23.7,577.5,3050.0,57.0,1.25
tomato,Sandy Loam,Kharif,105.1,47.8,38.2,6.75,26.1,672.0,3959.0,191.0,13.21
soybean,Black Soil,Kharif,47.9,21.8,17.4,6.62,26.5,881.2,4662.0,87.0,2.25
tomato,Sandy Loam,Kharif,150.7,68.5,54.8,5.63,30.9,669.4,7407.0,274.0,16.56
sugarcane,Loam,Rabi,187.0,85.0,68.0,6.61,32.3,1583.9,22672.0,340.0,65.42
millets,Red Soil,Kharif,49.5,22.5,18.0,6.88,37.5,331.8,1867.0,90.0,0.74
chickpea,Sandy Loam,Rabi,27.5,12.5,10.0,7.86,22.0,699.5,3132.0,50.0,1.34
potato,Loam,Rabi,106.2,48.2,38.6,6.38,22.1,552.6,4362.0,193.0,15.63
sugarcane,Alluvial,Rabi,108.9,49.5,39.6,7.39,31.8,1566.4,22624.0,198.0,56.27
millets,Red Soil,Kharif,25.9,11.8,9.4,6.74,31.4,343.7,3184.0,47.0,1.87
millets,Sandy Loam,Kharif,49.5,22.5,18.0,6.77,28.8,516.5,2234.0,90.0,1.33
mustard,Sandy Loam,Rabi,73.2,33.2,26.6,6.92,20.7,504.0,3309.0,133.0,1.59
groundnut,Loam,Kharif,44.0,20.0,16.0,6.58,31.5,735.0,3273.0,80.0,1.39
wheat,Clay Loam,Rabi,93.0,42.2,33.8,7.32,19.8,678.7,3529.0,169.0,2.63
mustard,Sandy Loam,Rabi,53.9,24.5,19.6,7.55,18.8,302.1,2870.0,98.0,1.37
wheat,Clay Loam,Rabi,83.1,37.8,30.2,6.51,18.3,513.2,4494.0,151.0,3.13
cotton,Black Soil,Kharif,90.2,41.0,32.8,7.08,30.1,821.5,8121.0,164.0,2.21
potato,Sandy Loam,Rabi,115.5,52.5,42.0,6.61,24.6,488.5,5909.0,210.0,15.04
potato,Sandy Loam,Rabi,110.6,50.2,40.2,6.02,16.6,545.2,3316.0,201.0,13.12
mustard,Alluvial,Rabi,75.4,34.2,27.4,6.47,21.3,502.5,2022.0,137.0,1.11
groundnut,Loam,Kharif,56.1,25.5,20.4,6.65,28.3,754.6,3879.0,102.0,2.23
wheat,Clay Loam,Rabi,55.0,25.0,20.0,6.46,21.1,432.8,5076.0,100.0,3.41
cotton,Black Soil,Kharif,71.0,32.2,25.8,6.4,27.5,1274.3,7358.0,129.0,1.6
groundnut,Red Soil,Kharif,64.4,29.2,23.4,6.02,29.6,788.8,5246.0,117.0,2.18
sugarcane,Alluvial,Kharif,181.5,82.5,66.0,6.73,27.2,1778.3,23368.0,330.0,64.3
sugarcane,Alluvial,Rabi,171.1,77.8,62.2,6.46,32.3,1548.2,17729.0,311.0,66.03
rice,Alluvial,Kharif,73.7,33.5,26.8,6.53,33.5,1670.9,10723.0,134.0,2.77
wheat,Clay Loam,Rabi,72.6,33.0,26.4,6.15,17.5,533.2,6068.0,132.0,3.02
cotton,Black Soil,Kharif,66.6,30.2,24.2,6.71,31.9,1045.5,7619.0,121.0,1.94
potato,Sandy Loam,Rabi,119.9,54.5,43.6,5.92,17.4,758.3,5668.0,218.0,19.8
cotton,Clay Loam,Kharif,93.5,42.5,34.0,6.61,29.7,814.0,7316.0,170.0,1.95
sugarcane,Loam,Rabi,154.6,70.2,56.2,7.03,33.0,1640.6,15633.0,281.0,65.94
rice,Clay Loam,Kharif,124.3,56.5,45.2,6.89,28.3,1845.8,11704.0,226.0,3.95
groundnut,Loam,Kharif,58.3,26.5,21.2,6.77,32.6,784.6,3168.0,106.0,1.46
rice,Clay,Kharif,71.5,32.5,26.0,6.58,28.1,1925.6,10605.0,130.0,4.15
wheat,Loam,Rabi,110.6,50.2,40.2,6.2,16.9,625.7,4413.0,201.0,3.27
maize,Red Soil,Rabi,77.0,35.0,28.0,5.66,28.6,769.2,6381.0,140.0,4.0
wheat,Alluvial,Rabi,95.2,43.2,34.6,6.87,22.0,670.0,5844.0,173.0,3.62
sugarcane,Loam,Rabi,98.5,44.8,35.8,6.19,33.5,1700.5,13558.0,179.0,39.26
rice,Alluvial,Kharif,71.0,32.2,25.8,6.45,27.0,1631.4,11466.0,129.0,3.66
tomato,Sandy Loam,Rabi,132.0,60.0,48.0,7.19,22.4,664.0,7564.0,240.0,20.98
potato,Loam,Rabi,82.5,37.5,30.0,6.06,21.0,644.1,5218.0,150.0,16.79
rice,Clay,Kharif,119.9,54.5,43.6,5.99,21.9,1586.4,7518.0,218.0,1.89
sugarcane,Alluvial,Kharif,93.0,42.2,33.8,7.01,29.1,1611.6,10996.0,169.0,28.54
wheat,Loam,Rabi,56.7,25.8,20.6,6.44,19.6,716.7,5993.0,103.0,2.93
millets,Red Soil,Kharif,47.3,21.5,17.2,7.37,25.5,435.7,3426.0,86.0,1.48
tomato,Loam,Kharif,102.3,46.5,37.2,6.8,19.9,856.8,7619.0,186.0,19.72
wheat,Clay Loam,Rabi,109.5,49.8,39.8,6.78,13.2,584.0,3982.0,199.0,2.38
millets,Red Soil,Kharif,49.0,22.2,17.8,7.66,34.8,288.5,2273.0,89.0,1.19
soybean,Black Soil,Kharif,46.8,21.2,17.0,7.25,26.9,598.2,3509.0,85.0,1.92
chickpea,Loam,Rabi,33.0,15.0,12.0,7.27,24.7,595.8,2104.0,60.0,1.1
soybean,Loam,Kharif,34.1,15.5,12.4,6.08,31.0,704.2,4007.0,62.0,1.47
potato,Loam,Rabi,121.0,55.0,44.0,5.84,21.0,689.1,4745.0,220.0,20.25
wheat,Clay Loam,Rabi,55.0,25.0,20.0,6.11,17.9,658.2,6121.0,100.0,2.72
wheat,Alluvial,Rabi,63.3,28.8,23.0,6.1,20.0,497.5,3021.0,115.0,1.94
tomato,Alluvial,Zaid,82.5,37.5,30.0,5.76,29.1,721.3,6683.0,150.0,14.99
soybean,Black Soil,Kharif,46.8,21.2,17.0,6.69,22.8,981.8,5058.0,85.0,1.99
millets,Sandy Loam,Kharif,28.6,13.0,10.4,6.56,31.8,429.6,2573.0,52.0,1.67
tomato,Alluvial,Zaid,124.9,56.8,45.4,5.89,17.0,741.0,4659.0,227.0,12.56
tomato,Loam,Rabi,87.5,39.8,31.8,6.59,24.8,622.9,4089.0,159.0,13.25
rice,Clay Loam,Kharif,101.2,46.0,36.8,7.08,27.3,1853.8,7255.0,184.0,2.32
soybean,Loam,Kharif,51.7,23.5,18.8,6.23,28.8,957.6,4577.0,94.0,2.39
tomato,Sandy Loam,Rabi,82.0,37.2,29.8,6.45,19.5,626.5,5528.0,149.0,18.39
rice,Clay,Kharif,116.6,53.0,42.4,6.62,24.9,1898.3,10580.0,212.0,4.08
wheat,Alluvial,Rabi,68.2,31.0,24.8,6.76,13.8,755.9,4470.0,124.0,2.65
sugarcane,Loam,Rabi,172.7,78.5,62.8,6.52,32.4,1525.4,16888.0,314.0,64.55
groundnut,Loam,Kharif,54.5,24.8,19.8,5.89,28.3,643.9,4953.0,99.0,1.99
cotton,Loam,Kharif,58.3,26.5,21.2,7.03,29.2,981.6,7303.0,106.0,2.17
chickpea,Sandy Loam,Rabi,33.6,15.2,12.2,6.76,22.6,409.5,2191.0,61.0,1.36
tomato,Sandy Loam,Zaid,102.9,46.8,37.4,6.96,25.2,584.9,6836.0,187.0,20.8
mustard,Sandy Loam,Rabi,75.4,34.2,27.4,7.02,13.7,231.6,2838.0,137.0,1.3
sugarcane,Clay Loam,Kharif,146.3,66.5,53.2,7.11,34.6,1583.0,12426.0,266.0,41.0
groundnut,Sandy Loam,Kharif,58.3,26.5,21.2,6.47,22.1,634.0,3963.0,106.0,1.75
wheat,Clay Loam,Rabi,80.3,36.5,29.2,6.97,18.7,792.1,5293.0,146.0,3.56
cotton,Loam,Kharif,71.0,32.2,25.8,7.7,28.2,1025.7,5923.0,129.0,1.5
groundnut,Sandy Loam,Kharif,46.8,21.2,17.0,6.12,29.2,821.7,4887.0,85.0,1.97
groundnut,Red Soil,Kharif,65.5,29.8,23.8,6.78,33.5,896.9,3236.0,119.0,1.47
sugarcane,Loam,Kharif,128.7,58.5,46.8,7.45,27.6,1594.9,21801.0,234.0,56.64
sugarcane,Clay Loam,Rabi,113.3,51.5,41.2,6.74,29.6,1450.0,16635.0,206.0,69.59
millets,Loam,Kharif,33.0,15.0,12.0,6.52,32.0,592.9,3240.0,60.0,1.73
wheat,Loam,Rabi,70.4,32.0,25.6,7.37,19.5,527.3,3864.0,128.0,2.77
cotton,Clay Loam,Kharif,73.2,33.2,26.6,7.22,24.7,903.3,4349.0,133.0,0.91
cotton,Clay Loam,Kharif,87.5,39.8,31.8,7.49,24.7,898.6,7010.0,159.0,1.67
millets,Red Soil,Kharif,35.2,16.0,12.8,7.0,30.1,235.9,2392.0,64.0,1.37
rice,Clay Loam,Kharif,116.1,52.8,42.2,6.33,34.1,1868.8,14525.0,211.0,3.39
cotton,Black Soil,Kharif,95.7,43.5,34.8,7.19,30.5,753.0,4439.0,174.0,1.24
groundnut,Loam,Kharif,67.7,30.8,24.6,5.55,35.7,988.1,2660.0,123.0,0.79
rice,Clay,Kharif,97.9,44.5,35.6,6.9,25.7,1954.2,9544.0,178.0,3.2
sugarcane,Alluvial,Kharif,143.0,65.0,52.0,6.56,29.5,1608.4,17233.0,260.0,73.3
rice,Clay Loam,Kharif,101.8,46.2,37.0,6.68,30.2,1746.7,8027.0,185.0,2.89
wheat,Clay Loam,Rabi,58.3,26.5,21.2,7.27,14.6,704.6,3730.0,106.0,2.06
tomato,Alluvial,Zaid,91.9,41.8,33.4,5.83,24.8,653.1,5118.0,167.0,17.87
mustard,Alluvial,Rabi,71.0,32.2,25.8,6.51,12.3,341.0,1728.0,129.0,0.69
soybean,Loam,Kharif,60.5,27.5,22.0,7.43,32.6,808.9,3514.0,110.0,1.42
soybean,Clay Loam,Kharif,37.4,17.0,13.6,6.85,26.8,653.2,5339.0,68.0,2.37
maize,Red Soil,Rabi,93.0,42.2,33.8,6.43,24.4,823.4,6739.0,169.0,4.54
tomato,Loam,Zaid,89.7,40.8,32.6,5.96,24.9,921.4,6432.0,163.0,20.85
cotton,Clay Loam,Kharif,73.7,33.5,26.8,8.26,32.5,846.4,8408.0,134.0,1.6
maize,Alluvial,Kharif,76.5,34.8,27.8,6.58,27.9,893.6,3827.0,139.0,2.91
wheat,Alluvial,Rabi,65.5,29.8,23.8,6.87,23.1,411.7,4327.0,119.0,2.8
groundnut,Loam,Kharif,59.4,27.0,21.6,6.38,26.2,558.7,5368.0,108.0,1.93
mustard,Sandy Loam,Rabi,63.8,29.0,23.2,6.51,20.2,382.7,3158.0,116.0,1.4
wheat,Clay Loam,Rabi,89.1,40.5,32.4,6.59,21.5,434.5,4675.0,162.0,3.0
mustard,Sandy Loam,Rabi,47.9,21.8,17.4,7.3,14.4,386.4,1771.0,87.0,0.77
soybean,Loam,Kharif,55.0,25.0,20.0,6.8,25.1,870.9,4354.0,100.0,2.13
wheat,Alluvial,Rabi,91.9,41.8,33.4,6.77,19.9,642.2,5320.0,167.0,3.91
tomato,Loam,Rabi,150.2,68.2,54.6,7.19,24.2,656.9,7451.0,273.0,25.24
groundnut,Red Soil,Kharif,39.6,18.0,14.4,6.46,28.8,630.9,2646.0,72.0,1.17
chickpea,Loam,Rabi,31.9,14.5,11.6,6.94,17.9,577.1,2762.0,58.0,1.42
tomato,Loam,Zaid,146.3,66.5,53.2,6.98,25.4,348.2,4445.0,266.0,16.51
rice,Alluvial,Kharif,96.3,43.8,35.0,6.33,28.3,1746.2,8266.0,175.0,2.86
rice,Alluvial,Kharif,64.4,29.2,23.4,6.35,25.4,1431.8,8016.0,117.0,2.31
sugarcane,Alluvial,Zaid,145.8,66.2,53.0,7.22,26.9,1836.8,15887.0,265.0,53.32
millets,Sandy Loam,Kharif,25.3,11.5,9.2,6.12,31.9,559.3,3106.0,46.0,1.54
groundnut,Loam,Kharif,51.7,23.5,18.8,6.79,25.2,736.4,5186.0,94.0,1.92
rice,Clay Loam,Kharif,99.0,45.0,36.0,6.47,26.2,1784.5,9938.0,180.0,4.16
rice,Clay Loam,Kharif,71.5,32.5,26.0,6.35,27.7,1638.8,11982.0,130.0,3.97
mustard,Alluvial,Rabi,41.8,19.0,15.2,7.09,8.7,296.4,1761.0,76.0,0.58
cotton,Loam,Kharif,63.8,29.0,23.2,7.17,29.9,675.9,8781.0,116.0,2.03
sugarcane,Loam,Zaid,117.7,53.5,42.8,5.94,26.8,1678.6,22698.0,214.0,49.74
soybean,Black Soil,Kharif,51.2,23.2,18.6,6.98,25.5,668.0,5585.0,93.0,2.43
groundnut,Sandy Loam,Kharif,60.0,27.2,21.8,6.61,29.9,631.5,2607.0,109.0,1.11
potato,Loam,Rabi,136.4,62.0,49.6,5.9,21.5,416.1,4668.0,248.0,17.65
cotton,Clay Loam,Kharif,78.1,35.5,28.4,7.66,30.5,683.5,5387.0,142.0,1.46
millets,Red Soil,Kharif,48.4,22.0,17.6,6.49,26.5,392.1,3455.0,88.0,1.67
sugarcane,Loam,Kharif,188.1,85.5,68.4,6.6,36.2,1500.3,16931.0,342.0,63.2
wheat,Loam,Rabi,109.5,49.8,39.8,6.51,17.6,603.3,3441.0,199.0,2.33
tomato,Alluvial,Rabi,95.7,43.5,34.8,6.33,25.1,488.3,7655.0,174.0,22.49
cotton,Black Soil,Kharif,85.2,38.8,31.0,6.7,30.1,717.4,4517.0,155.0,1.18
mustard,Sandy Loam,Rabi,57.8,26.2,21.0,6.62,18.9,154.4,3486.0,105.0,1.55
soybean,Clay Loam,Kharif,40.2,18.2,14.6,6.96,25.8,859.1,4093.0,73.0,2.1
groundnut,Sandy Loam,Kharif,46.8,21.2,17.0,6.91,30.8,523.9,4997.0,85.0,1.85
maize,Alluvial,Rabi,85.2,38.8,31.0,6.33,23.8,787.4,4924.0,155.0,4.68
mustard,Loam,Rabi,59.4,27.0,21.6,6.68,17.6,312.0,3088.0,108.0,1.65
soybean,Loam,Kharif,47.3,21.5,17.2,6.62,27.3,718.5,3028.0,86.0,1.72
tomato,Alluvial,Kharif,140.2,63.8,51.0,5.94,22.4,294.2,6188.0,255.0,20.96
sugarcane,Alluvial,Zaid,143.0,65.0,52.0,6.58,29.7,1494.3,16132.0,260.0,74.34
groundnut,Sandy Loam,Kharif,47.9,21.8,17.4,5.72,25.6,742.1,3580.0,87.0,1.57
soybean,Clay Loam,Kharif,53.4,24.2,19.4,6.22,25.7,746.9,5617.0,97.0,2.37
mustard,Loam,Rabi,41.8,19.0,15.2,6.41,19.8,367.4,2462.0,76.0,1.22
wheat,Loam,Rabi,87.5,39.8,31.8,6.98,17.2,598.7,5662.0,159.0,3.52
groundnut,Sandy Loam,Kharif,55.6,25.2,20.2,6.35,33.1,483.7,2539.0,101.0,0.91
groundnut,Loam,Kharif,68.2,31.0,24.8,6.14,31.5,772.0,5292.0,124.0,1.88
cotton,Black Soil,Kharif,85.2,38.8,31.0,7.63,31.1,805.7,6337.0,155.0,1.84
tomato,Alluvial,Rabi,100.7,45.8,36.6,6.88,20.7,773.9,7428.0,183.0,21.41
potato,Sandy Loam,Rabi,157.3,71.5,57.2,5.68,22.8,322.3,4602.0,286.0,16.75
cotton,Black Soil,Kharif,94.1,42.8,34.2,6.19,30.0,967.6,6320.0,171.0,1.8
groundnut,Red Soil,Kharif,49.0,22.2,17.8,6.59,27.4,540.5,4516.0,89.0,2.24
wheat,Loam,Rabi,74.2,33.8,27.0,6.87,18.8,580.3,5028.0,135.0,3.35
rice,Clay Loam,Kharif,81.4,37.0,29.6,6.47,29.7,1578.9,13252.0,148.0,4.05
mustard,Alluvial,Rabi,78.1,35.5,28.4,6.59,22.2,233.6,3000.0,142.0,1.58
rice,Clay Loam,Kharif,69.9,31.8,25.4,6.82,27.6,1837.2,9020.0,127.0,2.92
groundnut,Sandy Loam,Kharif,69.9,31.8,25.4,6.71,30.4,599.7,4628.0,127.0,2.05
sugarcane,Alluvial,Zaid,149.6,68.0,54.4,6.42,30.0,1551.3,22430.0,272.0,66.63
potato,Sandy Loam,Rabi,145.8,66.2,53.0,6.6,20.8,459.8,3573.0,265.0,11.88
sugarcane,Alluvial,Kharif,166.1,75.5,60.4,6.81,29.0,1728.5,22662.0,302.0,71.48
rice,Alluvial,Kharif,83.6,38.0,30.4,6.53,35.8,1902.6,10587.0,152.0,3.25
millets,Red Soil,Kharif,43.5,19.8,15.8,6.8,37.1,609.0,2531.0,79.0,1.44
sugarcane,Loam,Rabi,182.6,83.0,66.4,6.57,25.4,1678.8,23364.0,332.0,61.06
tomato,Loam,Rabi,138.6,63.0,50.4,6.05,20.1,599.2,5619.0,252.0,17.01
potato,Sandy Loam,Rabi,154.6,70.2,56.2,5.82,16.9,559.2,4577.0,281.0,19.65
millets,Sandy Loam,Kharif,41.8,19.0,15.2,7.23,32.6,356.8,3996.0,76.0,1.92
maize,Sandy Loam,Kharif,88.6,40.2,32.2,6.27,27.6,902.7,4931.0,161.0,4.67
mustard,Sandy Loam,Rabi,64.4,29.2,23.4,6.93,17.8,554.2,2237.0,117.0,1.34
rice,Clay Loam,Kharif,121.6,55.2,44.2,6.22,25.4,1653.7,13075.0,221.0,3.94
potato,Loam,Rabi,133.7,60.8,48.6,6.08,23.5,505.7,6364.0,243.0,19.23
cotton,Loam,Kharif,77.6,35.2,28.2,7.29,32.3,1127.3,7807.0,141.0,2.06
rice,Clay Loam,Kharif,109.5,49.8,39.8,6.67,26.3,1782.5,9547.0,199.0,3.61
cotton,Loam,Kharif,83.6,38.0,30.4,7.65,28.5,955.7,8639.0,152.0,1.68
potato,Loam,Rabi,132.6,60.2,48.2,6.16,23.4,609.7,3572.0,241.0,12.43
wheat,Loam,Rabi,68.2,31.0,24.8,6.35,22.7,771.0,3145.0,124.0,1.9
tomato,Alluvial,Zaid,105.1,47.8,38.2,5.91,21.4,562.9,5648.0,191.0,18.09
rice,Clay Loam,Kharif,73.2,33.2,26.6,6.88,28.5,1685.3,10138.0,133.0,3.5
millets,Sandy Loam,Kharif,48.4,22.0,17.6,6.86,34.8,622.6,3756.0,88.0,1.83
cotton,Black Soil,Kharif,52.8,24.0,19.2,6.81,31.5,1105.4,7376.0,96.0,1.71
potato,Loam,Rabi,116.1,52.8,42.2,6.46,19.9,772.7,5243.0,211.0,19.1
sugarcane,Loam,Rabi,136.4,62.0,49.6,6.68,28.5,1726.8,18220.0,248.0,67.61
cotton,Loam,Kharif,96.8,44.0,35.2,7.02,29.4,787.1,5669.0,176.0,1.78
mustard,Alluvial,Rabi,63.3,28.8,23.0,6.28,10.5,488.1,3088.0,115.0,1.05
sugarcane,Clay Loam,Rabi,103.4,47.0,37.6,7.04,25.4,1774.3,22366.0,188.0,54.09
mustard,Alluvial,Rabi,74.8,34.0,27.2,6.59,17.2,492.5,3250.0,136.0,1.6
tomato,Loam,Rabi,111.1,50.5,40.4,6.09,20.2,678.4,7699.0,202.0,20.31
cotton,Black Soil,Kharif,97.4,44.2,35.4,7.27,28.0,857.7,8840.0,177.0,2.25
mustard,Sandy Loam,Rabi,73.2,33.2,26.6,6.8,12.1,252.0,1959.0,133.0,0.99
rice,Clay,Kharif,126.0,57.2,45.8,6.73,31.2,1641.5,11433.0,229.0,4.21
sugarcane,Alluvial,Rabi,144.1,65.5,52.4,6.84,30.1,1695.1,14902.0,262.0,67.2
millets,Sandy Loam,Kharif,49.5,22.5,18.0,7.2,28.3,507.8,1866.0,90.0,0.95
tomato,Sandy Loam,Zaid,88.6,40.2,32.2,6.67,28.7,496.1,7078.0,161.0,18.68
tomato,Sandy Loam,Zaid,124.3,56.5,45.2,6.72,21.5,696.2,5766.0,226.0,22.92
chickpea,Sandy Loam,Rabi,28.6,13.0,10.4,7.56,24.6,397.1,3282.0,52.0,1.45
tomato,Loam,Zaid,127.6,58.0,46.4,6.85,24.4,494.1,4904.0,232.0,19.19
soybean,Clay Loam,Kharif,52.3,23.8,19.0,6.14,23.6,849.1,4478.0,95.0,1.81
chickpea,Black Soil,Rabi,40.2,18.2,14.6,6.05,18.4,509.5,3025.0,73.0,1.2
sugarcane,Loam,Kharif,187.0,85.0,68.0,7.75,28.4,1636.2,17014.0,340.0,56.97
wheat,Clay Loam,Rabi,90.8,41.2,33.0,5.94,22.1,562.4,3994.0,165.0,2.48
rice,Clay Loam,Kharif,119.4,54.2,43.4,6.11,22.3,1728.8,14208.0,217.0,3.43
cotton,Black Soil,Kharif,55.6,25.2,20.2,6.96,27.4,916.0,6110.0,101.0,1.57
soybean,Clay Loam,Kharif,54.5,24.8,19.8,6.4,29.3,941.8,5239.0,99.0,2.12
millets,Red Soil,Kharif,32.5,14.8,11.8,7.0,24.4,442.4,2447.0,59.0,1.08
rice,Clay,Kharif,85.2,38.8,31.0,6.76,28.0,1637.7,9947.0,155.0,3.64
chickpea,Loam,Rabi,45.1,20.5,16.4,7.43,17.2,562.9,3254.0,82.0,1.32
potato,Sandy Loam,Rabi,78.7,35.8,28.6,5.61,17.2,624.5,3205.0,143.0,9.71
sugarcane,Loam,Zaid,171.6,78.0,62.4,7.46,30.7,1636.9,11487.0,312.0,36.69
groundnut,Red Soil,Kharif,37.4,17.0,13.6,6.64,30.4,674.0,3749.0,68.0,1.75
groundnut,Loam,Kharif,45.7,20.8,16.6,6.64,33.6,477.9,4844.0,83.0,1.74
soybean,Loam,Kharif,57.8,26.2,21.0,6.7,27.0,653.2,4700.0,105.0,2.62
maize,Sandy Loam,Kharif,63.8,29.0,23.2,7.16,23.8,719.6,3516.0,116.0,2.3
rice,Clay Loam,Kharif,68.2,31.0,24.8,6.18,29.8,1820.5,13904.0,124.0,3.61
mustard,Loam,Rabi,59.4,27.0,21.6,6.78,19.5,288.4,3356.0,108.0,1.49
mustard,Sandy Loam,Rabi,63.3,28.8,23.0,6.71,16.7,287.5,2549.0,115.0,1.51
mustard,Sandy Loam,Rabi,45.7,20.8,16.6,6.57,14.6,358.4,1816.0,83.0,0.83
mustard,Alluvial,Rabi,59.4,27.0,21.6,6.89,21.5,375.9,2290.0,108.0,1.15
mustard,Alluvial,Rabi,56.7,25.8,20.6,6.33,17.8,371.9,2363.0,103.0,1.42
sugarcane,Alluvial,Rabi,111.7,50.8,40.6,6.39,29.2,1806.0,22400.0,203.0,73.02
potato,Sandy Loam,Rabi,106.2,48.2,38.6,6.69,19.4,759.8,3227.0,193.0,11.04
tomato,Sandy Loam,Zaid,151.2,68.8,55.0,6.57,24.0,680.2,6797.0,275.0,25.06
groundnut,Loam,Kharif,62.2,28.2,22.6,6.9,24.2,894.1,3643.0,113.0,1.83
sugarcane,Clay Loam,Rabi,133.7,60.8,48.6,7.03,30.2,1365.6,20279.0,243.0,68.07
mustard,Alluvial,Rabi,57.2,26.0,20.8,7.14,13.3,441.3,2561.0,104.0,1.13
chickpea,Sandy Loam,Rabi,25.9,11.8,9.4,6.46,20.2,608.2,2180.0,47.0,1.16
mustard,Sandy Loam,Rabi,67.1,30.5,24.4,6.51,15.4,167.2,1912.0,122.0,0.95
mustard,Loam,Rabi,73.2,33.2,26.6,6.48,20.7,454.6,3262.0,133.0,1.51
rice,Clay Loam,Kharif,82.5,37.5,30.0,6.94,25.7,1635.2,9165.0,150.0,3.28
chickpea,Black Soil,Rabi,46.2,21.0,16.8,7.05,21.0,665.5,2991.0,84.0,1.9
tomato,Alluvial,Zaid,130.4,59.2,47.4,7.71,16.2,554.7,6213.0,237.0,11.47
groundnut,Red Soil,Kharif,35.8,16.2,13.0,6.43,27.6,319.4,5334.0,65.0,2.02
groundnut,Red Soil,Kharif,57.2,26.0,20.8,7.42,31.4,638.6,3781.0,104.0,1.77
potato,Loam,Rabi,92.4,42.0,33.6,6.37,20.9,507.6,5133.0,168.0,17.62
rice,Clay Loam,Kharif,116.1,52.8,42.2,6.84,25.8,1672.4,12860.0,211.0,3.95
chickpea,Black Soil,Rabi,41.2,18.8,15.0,7.84,31.1,667.2,2714.0,75.0,1.07
mustard,Alluvial,Rabi,47.9,21.8,17.4,6.6,21.1,372.0,2132.0,87.0,1.07
chickpea,Sandy Loam,Rabi,38.5,17.5,14.0,6.99,18.4,388.1,2937.0,70.0,1.62
maize,Sandy Loam,Zaid,63.3,28.8,23.0,6.37,28.4,913.2,5784.0,115.0,4.06
soybean,Clay Loam,Kharif,33.0,15.0,12.0,7.06,26.4,717.3,5836.0,60.0,2.07
mustard,Loam,Rabi,78.7,35.8,28.6,6.99,18.8,453.5,2096.0,143.0,1.22
maize,Sandy Loam,Rabi,75.9,34.5,27.6,6.9,24.3,802.5,4560.0,138.0,3.74
millets,Sandy Loam,Kharif,31.9,14.5,11.6,6.48,32.9,303.2,3469.0,58.0,1.73
potato,Loam,Rabi,89.1,40.5,32.4,5.97,24.3,697.5,3015.0,162.0,8.62
millets,Red Soil,Kharif,51.2,23.2,18.6,6.16,32.6,482.1,2664.0,93.0,1.62
cotton,Clay Loam,Kharif,99.0,45.0,36.0,6.39,28.2,1116.0,5572.0,180.0,1.43
cotton,Loam,Kharif,67.1,30.5,24.4,6.89,32.7,930.0,4912.0,122.0,1.26
maize,Alluvial,Kharif,63.3,28.8,23.0,6.23,21.7,852.8,5990.0,115.0,3.85
cotton,Clay Loam,Kharif,73.7,33.5,26.8,6.81,34.0,964.6,5963.0,134.0,1.31
sugarcane,Clay Loam,Rabi,162.2,73.8,59.0,6.89,32.0,1774.4,14064.0,295.0,57.58
chickpea,Black Soil,Rabi,30.8,14.0,11.2,5.53,20.4,451.0,2985.0,56.0,1.22
tomato,Alluvial,Zaid,89.7,40.8,32.6,6.71,26.5,576.5,5451.0,163.0,20.24
cotton,Clay Loam,Kharif,69.3,31.5,25.2,7.2,29.3,719.7,7495.0,126.0,2.18
sugarcane,Loam,Zaid,160.6,73.0,58.4,6.82,30.6,1753.8,12476.0,292.0,51.87
groundnut,Sandy Loam,Kharif,47.9,21.8,17.4,6.53,20.9,535.6,5441.0,87.0,1.4
rice,Clay,Kharif,133.1,60.5,48.4,6.73,29.0,1888.0,12915.0,242.0,4.83
cotton,Loam,Kharif,100.1,45.5,36.4,7.28,24.4,1098.9,6557.0,182.0,1.53
groundnut,Red Soil,Kharif,69.9,31.8,25.4,5.91,26.7,527.5,2784.0,127.0,1.33
mustard,Alluvial,Rabi,53.4,24.2,19.4,6.75,17.9,589.1,3583.0,97.0,1.68
sugarcane,Clay Loam,Zaid,158.4,72.0,57.6,7.26,28.5,1864.6,19676.0,288.0,65.51
cotton,Clay Loam,Kharif,95.7,43.5,34.8,7.47,27.8,961.8,8089.0,174.0,1.87
millets,Red Soil,Kharif,34.1,15.5,12.4,6.8,29.1,487.4,2204.0,62.0,1.19
groundnut,Sandy Loam,Kharif,44.0,20.0,16.0,6.71,27.4,462.8,3124.0,80.0,1.53
groundnut,Loam,Kharif,38.5,17.5,14.0,6.18,23.2,805.0,4677.0,70.0,1.69
sugarcane,Clay Loam,Rabi,150.2,68.2,54.6,7.34,32.1,1683.8,19984.0,273.0,61.86
millets,Sandy Loam,Kharif,39.1,17.8,14.2,6.45,30.6,713.4,3288.0,71.0,2.02
sugarcane,Alluvial,Kharif,130.9,59.5,47.6,6.69,29.2,1746.6,23399.0,238.0,74.96
soybean,Clay Loam,Kharif,32.5,14.8,11.8,6.89,30.3,735.4,3033.0,59.0,1.09
groundnut,Red Soil,Kharif,61.6,28.0,22.4,6.52,28.4,622.9,5323.0,112.0,2.45
maize,Alluvial,Zaid,67.7,30.8,24.6,7.02,26.9,764.6,4125.0,123.0,3.19
sugarcane,Alluvial,Zaid,144.7,65.8,52.6,6.18,27.4,1962.3,17710.0,263.0,59.03
sugarcane,Loam,Kharif,167.8,76.2,61.0,6.63,29.8,1755.8,14358.0,305.0,60.16
cotton,Clay Loam,Kharif,68.2,31.0,24.8,6.96,31.3,1041.6,6878.0,124.0,1.89
sugarcane,Alluvial,Zaid,171.1,77.8,62.2,6.64,35.1,1620.2,16948.0,311.0,65.27
cotton,Black Soil,Kharif,61.6,28.0,22.4,6.56,32.2,807.1,8623.0,112.0,1.36
sugarcane,Clay Loam,Kharif,144.1,65.5,52.4,6.77,28.8,1685.6,14636.0,262.0,61.08
soybean,Clay Loam,Kharif,61.6,28.0,22.4,6.74,32.1,955.1,4238.0,112.0,2.03
groundnut,Red Soil,Kharif,35.2,16.0,12.8,6.43,25.7,745.2,4752.0,64.0,1.88
sugarcane,Alluvial,Rabi,103.4,47.0,37.6,6.76,31.8,1899.6,22023.0,188.0,68.73
maize,Red Soil,Rabi,70.4,32.0,25.6,6.18,23.8,736.1,3805.0,128.0,2.91
maize,Loam,Rabi,110.6,50.2,40.2,6.07,25.4,800.8,6008.0,201.0,4.61
tomato,Sandy Loam,Zaid,77.0,35.0,28.0,6.33,23.6,742.1,7010.0,140.0,21.71
cotton,Black Soil,Kharif,71.5,32.5,26.0,7.32,28.8,766.1,5164.0,130.0,1.59
sugarcane,Alluvial,Kharif,175.5,79.8,63.8,7.17,30.2,1679.0,23067.0,319.0,73.31
tomato,Alluvial,Zaid,87.5,39.8,31.8,6.86,19.7,760.9,6276.0,159.0,18.26
sugarcane,Alluvial,Kharif,158.4,72.0,57.6,7.33,32.0,1721.8,21517.0,288.0,62.93
sugarcane,Clay Loam,Zaid,101.2,46.0,36.8,6.74,31.1,1733.5,18563.0,184.0,62.55
potato,Sandy Loam,Rabi,82.0,37.2,29.8,6.04,18.3,509.9,4718.0,149.0,18.73
potato,Loam,Rabi,150.2,68.2,54.6,5.59,22.5,438.1,4519.0,273.0,16.82
cotton,Clay Loam,Kharif,56.1,25.5,20.4,6.87,24.3,940.7,6147.0,102.0,1.53
groundnut,Red Soil,Kharif,55.0,25.0,20.0,6.58,29.5,731.9,4999.0,100.0,2.17
groundnut,Sandy Loam,Kharif,68.8,31.2,25.0,6.39,28.1,839.9,4902.0,125.0,2.24
wheat,Loam,Rabi,103.4,47.0,37.6,6.84,21.5,516.1,3065.0,188.0,2.09
mustard,Loam,Rabi,63.3,28.8,23.0,6.8,18.0,312.6,2075.0,115.0,1.41
millets,Red Soil,Kharif,42.9,19.5,15.6,6.45,33.1,371.6,2693.0,78.0,1.79
sugarcane,Loam,Rabi,163.4,74.2,59.4,6.75,32.1,1734.8,17155.0,297.0,71.37
rice,Alluvial,Kharif,113.9,51.8,41.4,6.38,30.9,1642.2,7253.0,207.0,2.14
groundnut,Red Soil,Kharif,34.7,15.8,12.6,6.51,29.5,690.3,4961.0,63.0,1.93
mustard,Sandy Loam,Rabi,68.2,31.0,24.8,6.9,11.5,217.0,2681.0,124.0,1.36
potato,Loam,Rabi,143.0,65.0,52.0,5.5,22.2,549.0,4757.0,260.0,17.38
mustard,Loam,Rabi,61.6,28.0,22.4,6.95,19.4,648.6,1886.0,112.0,1.11
mustard,Loam,Rabi,40.7,18.5,14.8,6.74,18.3,180.2,3181.0,74.0,1.38
chickpea,Sandy Loam,Rabi,35.2,16.0,12.8,7.58,19.6,606.3,3574.0,64.0,1.41
chickpea,Sandy Loam,Rabi,39.1,17.8,14.2,6.97,23.3,445.1,2035.0,71.0,1.23
sugarcane,Alluvial,Rabi,167.2,76.0,60.8,7.45,29.7,1599.1,17578.0,304.0,63.06
millets,Loam,Kharif,25.3,11.5,9.2,6.98,28.3,465.5,2169.0,46.0,0.99
sugarcane,Loam,Kharif,141.9,64.5,51.6,7.38,26.4,1516.5,13666.0,258.0,47.39
soybean,Loam,Kharif,34.1,15.5,12.4,6.69,32.3,767.6,5051.0,62.0,1.64
mustard,Sandy Loam,Rabi,54.5,24.8,19.8,7.14,17.0,467.5,2818.0,99.0,1.51
sugarcane,Clay Loam,Kharif,123.8,56.2,45.0,7.14,33.3,1775.7,18142.0,225.0,58.92
cotton,Loam,Kharif,63.8,29.0,23.2,6.4,33.1,986.5,5021.0,116.0,1.11
groundnut,Red Soil,Kharif,43.5,19.8,15.8,7.33,32.1,580.7,5285.0,79.0,1.47
rice,Alluvial,Kharif,122.1,55.5,44.4,6.19,27.7,1608.7,7232.0,222.0,2.52
groundnut,Sandy Loam,Kharif,47.3,21.5,17.2,6.32,28.5,818.1,3012.0,86.0,1.56
chickpea,Loam,Rabi,34.7,15.8,12.6,7.23,20.9,457.8,3248.0,63.0,1.58
maize,Sandy Loam,Zaid,99.0,45.0,36.0,7.02,26.7,786.2,4724.0,180.0,4.37
wheat,Clay Loam,Rabi,85.8,39.0,31.2,6.82,28.3,540.9,4726.0,156.0,2.57
sugarcane,Clay Loam,Rabi,156.2,71.0,56.8,6.9,31.9,1655.3,15917.0,284.0,60.08
wheat,Loam,Rabi,78.1,35.5,28.4,6.87,12.4,740.3,5573.0,142.0,2.48
millets,Red Soil,Kharif,32.5,14.8,11.8,6.52,32.6,529.7,3905.0,59.0,1.73
soybean,Clay Loam,Kharif,41.8,19.0,15.2,5.9,30.9,707.7,4448.0,76.0,1.74
maize,Alluvial,Kharif,118.8,54.0,43.2,5.65,23.7,969.4,5798.0,216.0,4.27
soybean,Loam,Kharif,59.4,27.0,21.6,6.91,21.6,661.5,3822.0,108.0,1.72
mustard,Alluvial,Rabi,53.4,24.2,19.4,7.16,15.6,423.9,2355.0,97.0,1.28
wheat,Clay Loam,Rabi,67.7,30.8,24.6,6.84,24.5,729.1,3354.0,123.0,2.18
millets,Loam,Kharif,28.1,12.8,10.2,6.3,31.2,479.9,3515.0,51.0,1.68
mustard,Alluvial,Rabi,81.4,37.0,29.6,7.16,18.6,295.1,2865.0,148.0,1.61
rice,Clay Loam,Kharif,101.8,46.2,37.0,6.86,35.5,1448.7,12808.0,185.0,2.98
rice,Clay,Kharif,96.3,43.8,35.0,6.05,26.6,1895.0,12031.0,175.0,3.9
groundnut,Red Soil,Kharif,34.7,15.8,12.6,6.88,31.6,920.3,2882.0,63.0,1.12
rice,Clay Loam,Kharif,131.5,59.8,47.8,6.89,25.3,1809.5,10805.0,239.0,3.88
soybean,Black Soil,Kharif,34.1,15.5,12.4,7.0,26.1,894.1,5813.0,62.0,1.97
soybean,Loam,Kharif,34.1,15.5,12.4,5.99,26.7,650.4,3661.0,62.0,1.71
potato,Loam,Rabi,117.7,53.5,42.8,5.99,16.1,410.8,5098.0,214.0,19.35
maize,Red Soil,Kharif,115.5,52.5,42.0,6.48,23.9,782.1,7009.0,210.0,4.84
tomato,Loam,Kharif,108.4,49.2,39.4,6.25,20.2,806.5,3769.0,197.0,11.76
chickpea,Black Soil,Rabi,28.1,12.8,10.2,7.07,20.6,539.8,2214.0,51.0,1.24
tomato,Sandy Loam,Zaid,140.8,64.0,51.2,6.33,22.2,848.4,5465.0,256.0,21.77
sugarcane,Clay Loam,Zaid,151.2,68.8,55.0,6.52,27.6,1849.5,18704.0,275.0,61.99
tomato,Loam,Kharif,134.2,61.0,48.8,6.39,22.3,665.4,5454.0,244.0,24.94
cotton,Loam,Kharif,60.5,27.5,22.0,7.2,30.9,909.5,9336.0,110.0,2.06
wheat,Loam,Rabi,62.2,28.2,22.6,6.47,23.7,578.7,5399.0,113.0,2.51
wheat,Loam,Rabi,79.2,36.0,28.8,7.94,26.9,359.8,3453.0,144.0,1.58
soybean,Black Soil,Kharif,39.6,18.0,14.4,5.89,25.5,800.1,3683.0,72.0,1.49
chickpea,Loam,Rabi,24.8,11.2,9.0,7.11,19.0,411.8,3749.0,45.0,1.58
wheat,Clay Loam,Rabi,95.7,43.5,34.8,6.45,19.8,679.5,4471.0,174.0,3.73
rice,Alluvial,Kharif,73.2,33.2,26.6,6.83,25.3,1632.4,8464.0,133.0,2.52
sugarcane,Alluvial,Rabi,94.1,42.8,34.2,6.16,30.8,1744.2,22165.0,171.0,54.07
sugarcane,Clay Loam,Zaid,188.1,85.5,68.4,6.88,27.7,1815.5,11276.0,342.0,41.27
maize,Alluvial,Rabi,61.1,27.8,22.2,7.19,24.3,858.7,3956.0,111.0,2.9
cotton,Loam,Kharif,93.5,42.5,34.0,7.16,29.3,1039.8,5416.0,170.0,1.66
cotton,Black Soil,Kharif,57.2,26.0,20.8,7.18,32.0,942.2,6595.0,104.0,1.83
maize,Sandy Loam,Zaid,112.8,51.2,41.0,6.5,25.6,707.4,3313.0,205.0,3.01
sugarcane,Alluvial,Kharif,151.2,68.8,55.0,6.77,31.4,1736.1,15996.0,275.0,69.32
potato,Loam,Rabi,98.5,44.8,35.8,6.2,23.3,392.5,3712.0,179.0,13.39
potato,Loam,Rabi,126.0,57.2,45.8,5.5,13.9,648.3,5435.0,229.0,16.91
sugarcane,Clay Loam,Rabi,117.7,53.5,42.8,6.65,31.7,1549.7,17149.0,214.0,62.12
maize,Loam,Kharif,61.6,28.0,22.4,6.38,26.7,884.0,5239.0,112.0,4.46
potato,Loam,Rabi,162.8,74.0,59.2,6.03,15.7,718.0,4084.0,296.0,17.51
tomato,Loam,Rabi,77.6,35.2,28.2,7.02,21.6,604.8,5022.0,141.0,16.02
mustard,Loam,Rabi,64.9,29.5,23.6,6.37,19.8,441.2,2157.0,118.0,1.26
cotton,Clay Loam,Kharif,53.4,24.2,19.4,6.99,27.9,843.3,8134.0,97.0,1.68
sugarcane,Clay Loam,Kharif,117.7,53.5,42.8,6.93,25.8,1554.5,18009.0,214.0,57.5
chickpea,Sandy Loam,Rabi,42.9,19.5,15.6,7.2,19.2,432.3,3661.0,78.0,1.6
rice,Clay Loam,Kharif,88.0,40.0,32.0,6.67,30.2,1645.3,12367.0,160.0,3.86
millets,Sandy Loam,Kharif,43.5,19.8,15.8,6.72,33.0,402.3,1924.0,79.0,1.07
soybean,Black Soil,Kharif,49.0,22.2,17.8,5.4,27.5,742.0,5374.0,89.0,2.16
rice,Clay Loam,Kharif,103.4,47.0,37.6,6.45,29.4,1938.6,7199.0,188.0,2.37
groundnut,Sandy Loam,Kharif,50.6,23.0,18.4,6.41,31.2,578.2,3149.0,92.0,1.51
millets,Loam,Kharif,37.4,17.0,13.6,6.56,32.5,643.7,2142.0,68.0,1.28
groundnut,Sandy Loam,Kharif,57.2,26.0,20.8,6.19,20.2,792.8,4539.0,104.0,1.72
potato,Sandy Loam,Rabi,103.4,47.0,37.6,5.57,21.1,464.9,5704.0,188.0,17.26
potato,Loam,Rabi,138.6,63.0,50.4,5.75,17.7,623.1,4416.0,252.0,21.62
millets,Sandy Loam,Kharif,38.5,17.5,14.0,5.95,32.9,305.4,3826.0,70.0,1.87
chickpea,Sandy Loam,Rabi,27.0,12.2,9.8,6.76,24.8,444.3,2475.0,49.0,1.13
mustard,Sandy Loam,Rabi,73.2,33.2,26.6,7.26,17.2,247.5,3015.0,133.0,1.61
potato,Sandy Loam,Rabi,130.9,59.5,47.6,5.68,20.0,760.0,3665.0,238.0,13.66
groundnut,Sandy Loam,Kharif,48.4,22.0,17.6,6.44,30.3,665.7,4968.0,88.0,2.11
millets,Sandy Loam,Kharif,51.2,23.2,18.6,7.35,39.3,478.1,2582.0,93.0,1.17
sugarcane,Alluvial,Kharif,134.2,61.0,48.8,7.38,27.4,1598.6,16321.0,244.0,47.91
maize,Alluvial,Kharif,70.4,32.0,25.6,6.62,31.2,993.0,3419.0,128.0,2.1
soybean,Loam,Kharif,54.5,24.8,19.8,6.4,24.7,917.8,2730.0,99.0,1.11
chickpea,Loam,Rabi,38.0,17.2,13.8,7.04,21.6,299.0,2988.0,69.0,1.89
rice,Clay Loam,Kharif,80.9,36.8,29.4,6.88,23.9,1756.7,12361.0,147.0,3.64
mustard,Sandy Loam,Rabi,77.6,35.2,28.2,7.39,18.9,419.0,2036.0,141.0,1.03
wheat,Clay Loam,Rabi,90.2,41.0,32.8,6.53,22.0,582.1,4150.0,164.0,3.27
sugarcane,Clay Loam,Kharif,132.6,60.2,48.2,6.57,25.9,1552.7,20681.0,241.0,53.96
chickpea,Loam,Rabi,24.8,11.2,9.0,6.52,22.5,288.2,2316.0,45.0,1.08
groundnut,Sandy Loam,Kharif,69.9,31.8,25.4,6.62,23.1,902.6,3720.0,127.0,1.71
millets,Sandy Loam,Kharif,43.5,19.8,15.8,6.56,30.3,552.8,1905.0,79.0,1.09
soybean,Black Soil,Kharif,40.2,18.2,14.6,6.57,24.3,644.1,4307.0,73.0,2.11
cotton,Clay Loam,Kharif,68.2,31.0,24.8,7.79,26.6,1118.5,5974.0,124.0,1.27
chickpea,Loam,Rabi,33.6,15.2,12.2,6.94,22.3,411.1,3769.0,61.0,1.73
chickpea,Sandy Loam,Rabi,38.0,17.2,13.8,7.04,25.6,592.9,2974.0,69.0,1.66
groundnut,Red Soil,Kharif,63.8,29.0,23.2,5.98,30.8,499.7,5276.0,116.0,1.87
wheat,Alluvial,Rabi,55.0,25.0,20.0,6.46,20.6,532.1,3851.0,100.0,2.56
groundnut,Sandy Loam,Kharif,48.4,22.0,17.6,6.95,26.6,696.4,4878.0,88.0,2.01
mustard,Loam,Rabi,64.9,29.5,23.6,7.17,14.9,421.9,3135.0,118.0,1.37
rice,Alluvial,Kharif,70.4,32.0,25.6,6.3,26.0,1761.2,12426.0,128.0,4.11
cotton,Loam,Kharif,51.7,23.5,18.8,7.83,29.8,837.5,7399.0,94.0,1.79
rice,Clay Loam,Kharif,73.7,33.5,26.8,6.66,30.8,1746.4,11384.0,134.0,3.14
cotton,Black Soil,Kharif,60.5,27.5,22.0,7.0,31.4,785.9,6975.0,110.0,1.92
potato,Sandy Loam,Rabi,112.2,51.0,40.8,5.77,16.7,613.5,3347.0,204.0,11.93
tomato,Sandy Loam,Rabi,135.3,61.5,49.2,7.05,23.9,708.9,6304.0,246.0,21.01
potato,Sandy Loam,Rabi,118.8,54.0,43.2,5.93,23.0,441.3,5063.0,216.0,18.31
chickpea,Loam,Rabi,29.7,13.5,10.8,6.83,21.3,654.3,2361.0,54.0,1.52
rice,Clay,Kharif,128.7,58.5,46.8,5.96,27.0,1601.4,8537.0,234.0,2.71
sugarcane,Clay Loam,Rabi,132.0,60.0,48.0,7.03,27.2,1379.8,13768.0,240.0,46.49
tomato,Sandy Loam,Zaid,75.9,34.5,27.6,5.74,23.2,524.2,6131.0,138.0,17.16
tomato,Alluvial,Rabi,94.6,43.0,34.4,6.6,30.6,750.4,5865.0,172.0,16.99
mustard,Loam,Rabi,51.7,23.5,18.8,6.78,11.6,366.3,2232.0,94.0,1.04
tomato,Sandy Loam,Kharif,113.9,51.8,41.4,6.08,24.9,587.9,6651.0,207.0,22.93
groundnut,Sandy Loam,Kharif,44.0,20.0,16.0,6.83,29.0,531.7,4136.0,80.0,2.02
rice,Clay Loam,Kharif,90.8,41.2,33.0,6.43,29.2,1575.4,14399.0,165.0,3.96
rice,Clay,Kharif,93.0,42.2,33.8,6.27,28.6,1468.6,8739.0,169.0,3.12
mustard,Alluvial,Rabi,60.5,27.5,22.0,6.58,13.8,548.2,2409.0,110.0,1.26
tomato,Loam,Zaid,143.0,65.0,52.0,6.4,24.1,712.9,6221.0,260.0,27.5
mustard,Alluvial,Rabi,81.4,37.0,29.6,6.96,20.3,504.0,2879.0,148.0,1.55
tomato,Alluvial,Rabi,138.1,62.8,50.2,6.61,18.6,670.8,7726.0,251.0,19.63
wheat,Alluvial,Rabi,77.6,35.2,28.2,6.46,21.7,601.9,5739.0,141.0,2.96
groundnut,Sandy Loam,Kharif,34.1,15.5,12.4,6.69,23.1,534.4,2871.0,62.0,1.11
cotton,Black Soil,Kharif,66.6,30.2,24.2,7.19,26.9,827.4,6919.0,121.0,2.03
mustard,Sandy Loam,Rabi,72.1,32.8,26.2,6.49,19.6,445.5,2567.0,131.0,1.4
cotton,Loam,Kharif,85.2,38.8,31.0,6.9,37.4,972.1,9188.0,155.0,1.35
soybean,Loam,Kharif,31.4,14.2,11.4,7.09,30.2,772.4,4404.0,57.0,1.8
wheat,Alluvial,Rabi,84.2,38.2,30.6,7.02,23.3,625.3,4586.0,153.0,3.29
rice,Alluvial,Kharif,84.2,38.2,30.6,5.87,25.0,1554.1,9487.0,153.0,3.21
chickpea,Loam,Rabi,27.5,12.5,10.0,6.45,21.4,472.7,1902.0,50.0,0.89
cotton,Black Soil,Kharif,97.9,44.5,35.6,7.94,33.5,968.0,9106.0,178.0,1.77
wheat,Clay Loam,Rabi,78.1,35.5,28.4,6.57,18.0,556.4,3369.0,142.0,2.09
groundnut,Sandy Loam,Kharif,55.0,25.0,20.0,6.36,26.5,445.7,5327.0,100.0,2.24
cotton,Black Soil,Kharif,58.3,26.5,21.2,7.31,35.6,688.1,5886.0,106.0,1.41
wheat,Alluvial,Rabi,104.0,47.2,37.8,6.72,25.3,333.1,3162.0,189.0,2.0
potato,Sandy Loam,Rabi,113.9,51.8,41.4,6.57,15.2,751.7,3186.0,207.0,9.01
wheat,Loam,Rabi,82.0,37.2,29.8,6.91,23.6,785.6,5831.0,149.0,3.32
cotton,Clay Loam,Kharif,73.2,33.2,26.6,7.37,32.8,938.2,7518.0,133.0,1.8
potato,Loam,Rabi,143.0,65.0,52.0,5.87,23.9,697.5,3215.0,260.0,11.25
sugarcane,Loam,Zaid,100.7,45.8,36.6,7.24,29.6,1693.1,19303.0,183.0,63.42
mustard,Alluvial,Rabi,68.2,31.0,24.8,6.34,14.8,212.5,3430.0,124.0,1.39
chickpea,Sandy Loam,Rabi,47.3,21.5,17.2,6.61,26.7,494.2,3018.0,86.0,1.47
groundnut,Sandy Loam,Kharif,52.3,23.8,19.0,6.74,24.7,842.2,4421.0,95.0,1.75
sugarcane,Clay Loam,Kharif,177.7,80.8,64.6,7.1,19.0,1610.2,20818.0,323.0,56.55
cotton,Clay Loam,Kharif,96.8,44.0,35.2,7.26,24.8,806.7,4765.0,176.0,1.14
chickpea,Sandy Loam,Rabi,42.4,19.2,15.4,6.42,26.4,549.1,2269.0,77.0,1.09
millets,Red Soil,Kharif,25.9,11.8,9.4,6.75,28.9,412.2,2731.0,47.0,1.56
millets,Loam,Kharif,37.4,17.0,13.6,6.54,32.6,631.4,3534.0,68.0,1.92
millets,Red Soil,Kharif,35.2,16.0,12.8,6.87,33.8,510.4,3021.0,64.0,1.84
cotton,Clay Loam,Kharif,67.1,30.5,24.4,7.26,27.7,931.6,4403.0,122.0,1.0
millets,Sandy Loam,Kharif,40.7,18.5,14.8,7.82,35.4,486.0,2317.0,74.0,0.99
rice,Clay Loam,Kharif,66.0,30.0,24.0,6.22,27.2,1780.3,8421.0,120.0,2.61
rice,Clay,Kharif,107.3,48.8,39.0,6.53,23.8,1707.0,8399.0,195.0,2.7
groundnut,Sandy Loam,Kharif,68.2,31.0,24.8,6.85,28.4,575.9,4598.0,124.0,2.37
potato,Loam,Rabi,107.8,49.0,39.2,6.35,13.3,530.2,4346.0,196.0,15.28
tomato,Alluvial,Zaid,98.5,44.8,35.8,6.72,32.5,661.5,6038.0,179.0,16.78
wheat,Loam,Rabi,79.2,36.0,28.8,6.47,18.7,764.9,4068.0,144.0,2.99
tomato,Alluvial,Kharif,113.9,51.8,41.4,6.61,20.4,761.2,5977.0,207.0,19.38
potato,Sandy Loam,Rabi,126.5,57.5,46.0,5.62,16.8,809.7,4963.0,230.0,18.87
chickpea,Black Soil,Rabi,39.1,17.8,14.2,6.51,17.4,457.7,3274.0,71.0,1.3
potato,Sandy Loam,Rabi,136.4,62.0,49.6,6.33,14.6,507.0,5343.0,248.0,18.31
groundnut,Red Soil,Kharif,63.3,28.8,23.0,5.67,29.3,811.3,5282.0,115.0,1.84
sugarcane,Loam,Rabi,159.5,72.5,58.0,6.06,29.3,1799.2,21771.0,290.0,65.84
rice,Clay Loam,Kharif,126.5,57.5,46.0,5.89,35.1,1730.5,10123.0,230.0,2.76
rice,Clay Loam,Kharif,101.2,46.0,36.8,6.77,27.8,1820.0,8991.0,184.0,3.52
tomato,Sandy Loam,Kharif,138.1,62.8,50.2,6.41,23.4,586.8,7064.0,251.0,27.56
rice,Alluvial,Kharif,107.8,49.0,39.2,5.94,28.6,1656.0,11258.0,196.0,3.92
millets,Sandy Loam,Kharif,29.7,13.5,10.8,6.88,33.3,459.2,2920.0,54.0,1.59
millets,Loam,Kharif,36.9,16.8,13.4,7.06,33.3,481.3,2132.0,67.0,1.17
millets,Red Soil,Kharif,40.7,18.5,14.8,6.34,33.6,150.0,2921.0,74.0,1.85
chickpea,Sandy Loam,Rabi,29.7,13.5,10.8,6.61,23.1,623.2,1791.0,54.0,0.89
millets,Sandy Loam,Kharif,30.8,14.0,11.2,6.74,32.0,445.9,3739.0,56.0,1.94
wheat,Clay Loam,Rabi,57.8,26.2,21.0,7.08,23.3,844.6,4534.0,105.0,2.86
potato,Loam,Rabi,80.9,36.8,29.4,6.45,15.7,542.3,4924.0,147.0,17.58
soybean,Loam,Kharif,58.3,26.5,21.2,6.15,25.5,914.6,3369.0,106.0,1.75
soybean,Black Soil,Kharif,56.1,25.5,20.4,6.86,25.0,788.6,3899.0,102.0,2.21
rice,Clay Loam,Kharif,107.3,48.8,39.0,5.95,29.2,1568.3,11180.0,195.0,3.88
wheat,Clay Loam,Rabi,82.5,37.5,30.0,6.94,21.0,691.1,4923.0,150.0,3.6
soybean,Black Soil,Kharif,33.6,15.2,12.2,6.0,22.0,763.8,3030.0,61.0,1.01
rice,Alluvial,Kharif,87.5,39.8,31.8,6.28,30.5,1463.5,10350.0,159.0,3.7
millets,Red Soil,Kharif,31.4,14.2,11.4,6.33,32.8,240.9,3608.0,57.0,1.67
millets,Red Soil,Kharif,38.0,17.2,13.8,6.94,30.1,285.9,2467.0,69.0,1.48
mustard,Loam,Rabi,74.8,34.0,27.2,6.84,17.5,230.7,2893.0,136.0,1.65
cotton,Clay Loam,Kharif,58.9,26.8,21.4,7.41,26.9,861.5,6347.0,107.0,1.77
rice,Alluvial,Kharif,82.5,37.5,30.0,6.85,28.1,1721.1,8607.0,150.0,3.21
sugarcane,Clay Loam,Kharif,139.7,63.5,50.8,6.98,24.3,1719.4,22807.0,254.0,56.3
chickpea,Loam,Rabi,42.9,19.5,15.6,6.75,22.7,457.6,3374.0,78.0,1.6
wheat,Clay Loam,Rabi,101.2,46.0,36.8,6.85,21.6,743.4,5630.0,184.0,3.81
millets,Sandy Loam,Kharif,50.6,23.0,18.4,7.43,33.9,408.2,2890.0,92.0,1.76
groundnut,Sandy Loam,Kharif,61.6,28.0,22.4,6.18,22.5,448.5,4821.0,112.0,1.68
soybean,Clay Loam,Kharif,52.8,24.0,19.2,7.4,24.6,688.7,4386.0,96.0,1.86
potato,Loam,Rabi,104.5,47.5,38.0,6.12,18.2,632.7,3072.0,190.0,11.46
cotton,Black Soil,Kharif,55.0,25.0,20.0,6.92,31.6,963.8,6758.0,100.0,1.63
maize,Red Soil,Kharif,117.7,53.5,42.8,6.36,22.5,947.6,3665.0,214.0,2.9
millets,Red Soil,Kharif,34.1,15.5,12.4,7.56,32.0,711.6,2139.0,62.0,1.12
groundnut,Loam,Kharif,68.2,31.0,24.8,6.67,32.2,714.3,4769.0,124.0,1.96
sugarcane,Loam,Zaid,140.2,63.8,51.0,6.6,28.1,1876.2,12071.0,255.0,42.3
cotton,Loam,Kharif,75.4,34.2,27.4,7.74,25.9,760.0,5285.0,137.0,1.26
maize,Alluvial,Kharif,100.1,45.5,36.4,6.32,29.0,684.4,5493.0,182.0,4.77
potato,Loam,Rabi,155.1,70.5,56.4,6.11,17.0,630.7,4358.0,282.0,18.36
rice,Clay,Kharif,66.6,30.2,24.2,6.33,20.0,1597.6,12854.0,121.0,2.52
soybean,Clay Loam,Kharif,44.6,20.2,16.2,6.57,20.9,695.7,2895.0,81.0,1.16
millets,Sandy Loam,Kharif,42.9,19.5,15.6,5.92,40.0,584.7,2685.0,78.0,1.24
potato,Sandy Loam,Rabi,139.7,63.5,50.8,6.09,19.8,482.6,3528.0,254.0,16.97
groundnut,Sandy Loam,Kharif,58.9,26.8,21.4,6.39,25.3,860.3,4593.0,107.0,2.03
millets,Sandy Loam,Kharif,45.7,20.8,16.6,6.79,37.2,457.8,2133.0,83.0,1.1
millets,Loam,Kharif,45.7,20.8,16.6,6.34,26.0,469.5,3048.0,83.0,1.43
wheat,Clay Loam,Rabi,64.9,29.5,23.6,6.68,15.2,483.7,5540.0,118.0,2.98
mustard,Alluvial,Rabi,51.2,23.2,18.6,7.69,20.5,321.3,3505.0,93.0,1.18
mustard,Loam,Rabi,60.5,27.5,22.0,6.51,19.5,193.5,3508.0,110.0,1.5
mustard,Alluvial,Rabi,68.8,31.2,25.0,7.71,14.2,376.0,2258.0,125.0,1.11
wheat,Alluvial,Rabi,67.7,30.8,24.6,6.45,21.4,748.5,5384.0,123.0,3.32
mustard,Sandy Loam,Rabi,49.5,22.5,18.0,6.72,20.5,310.8,2446.0,90.0,1.3
soybean,Clay Loam,Kharif,33.6,15.2,12.2,6.16,27.4,870.2,5373.0,61.0,1.99
millets,Sandy Loam,Kharif,29.2,13.2,10.6,6.2,30.5,345.8,3002.0,53.0,1.61
maize,Red Soil,Rabi,65.5,29.8,23.8,6.74,24.8,849.8,5307.0,119.0,4.18
sugarcane,Loam,Rabi,190.3,86.5,69.2,7.08,29.8,1864.2,18648.0,346.0,74.26
potato,Loam,Rabi,89.7,40.8,32.6,5.92,27.8,405.4,5974.0,163.0,14.65
groundnut,Red Soil,Kharif,36.3,16.5,13.2,5.92,31.1,755.1,4263.0,66.0,1.58
chickpea,Sandy Loam,Rabi,31.4,14.2,11.4,6.71,22.5,474.5,2863.0,57.0,1.56
millets,Red Soil,Kharif,49.0,22.2,17.8,7.25,32.8,371.7,2629.0,89.0,1.85
soybean,Clay Loam,Kharif,45.7,20.8,16.6,6.46,30.2,919.8,3684.0,83.0,1.83
soybean,Loam,Kharif,47.9,21.8,17.4,6.79,31.4,897.1,2846.0,87.0,1.22
cotton,Black Soil,Kharif,99.6,45.2,36.2,7.01,32.0,1019.4,8258.0,181.0,2.3
chickpea,Sandy Loam,Rabi,23.7,10.8,8.6,6.77,29.2,506.5,2525.0,43.0,0.93
cotton,Loam,Kharif,72.1,32.8,26.2,7.32,27.6,714.3,6098.0,131.0,1.75
soybean,Loam,Kharif,52.3,23.8,19.0,7.24,30.1,782.8,3014.0,95.0,1.26
tomato,Loam,Zaid,141.4,64.2,51.4,6.12,20.5,714.2,6023.0,257.0,20.99
cotton,Loam,Kharif,57.2,26.0,20.8,6.88,29.7,1087.8,7718.0,104.0,1.86
tomato,Loam,Kharif,115.5,52.5,42.0,7.34,18.5,563.5,5218.0,210.0,13.24
chickpea,Sandy Loam,Rabi,30.3,13.8,11.0,7.25,18.4,526.9,2655.0,55.0,1.33
mustard,Sandy Loam,Rabi,76.5,34.8,27.8,7.29,18.3,359.0,3252.0,139.0,1.57
sugarcane,Alluvial,Zaid,153.5,69.8,55.8,7.08,33.3,1767.0,21234.0,279.0,64.0
groundnut,Loam,Kharif,42.9,19.5,15.6,6.19,27.1,787.4,3886.0,78.0,2.06
maize,Red Soil,Zaid,91.3,41.5,33.2,6.32,29.0,814.0,3949.0,166.0,3.24
groundnut,Loam,Kharif,55.0,25.0,20.0,5.43,32.4,719.0,2544.0,100.0,0.8
rice,Alluvial,Kharif,81.4,37.0,29.6,7.04,23.6,1716.6,6956.0,148.0,1.54
rice,Clay Loam,Kharif,115.5,52.5,42.0,6.9,26.5,1882.5,13865.0,210.0,4.59
millets,Sandy Loam,Kharif,30.3,13.8,11.0,6.83,27.7,422.9,3500.0,55.0,1.57
tomato,Loam,Kharif,151.2,68.8,55.0,7.0,23.6,751.8,6699.0,275.0,22.47
cotton,Clay Loam,Kharif,53.9,24.5,19.6,6.87,28.4,856.4,6166.0,98.0,1.54
potato,Sandy Loam,Rabi,154.6,70.2,56.2,7.23,17.6,583.1,5725.0,281.0,16.5
tomato,Alluvial,Kharif,150.7,68.5,54.8,6.32,22.8,720.0,7165.0,274.0,22.5
millets,Loam,Kharif,44.0,20.0,16.0,6.4,33.5,460.5,3127.0,80.0,1.82
groundnut,Sandy Loam,Kharif,44.0,20.0,16.0,5.86,26.1,602.3,4416.0,80.0,1.67
chickpea,Loam,Rabi,29.2,13.2,10.6,6.9,21.4,631.1,2206.0,53.0,1.4
chickpea,Black Soil,Rabi,29.7,13.5,10.8,6.56,21.9,747.7,3058.0,54.0,1.52
millets,Sandy Loam,Kharif,25.9,11.8,9.4,6.26,27.6,554.9,3298.0,47.0,1.45
chickpea,Black Soil,Rabi,30.3,13.8,11.0,6.73,22.2,478.2,2571.0,55.0,1.48
mustard,Alluvial,Rabi,64.9,29.5,23.6,6.73,17.1,419.3,3295.0,118.0,1.51
wheat,Clay Loam,Rabi,88.0,40.0,32.0,6.45,20.5,530.3,3509.0,160.0,2.42
sugarcane,Alluvial,Zaid,173.8,79.0,63.2,6.78,28.7,1605.7,17622.0,316.0,76.36
sugarcane,Alluvial,Kharif,166.7,75.8,60.6,6.57,30.3,1611.2,14591.0,303.0,69.42
soybean,Clay Loam,Kharif,60.0,27.2,21.8,6.66,32.8,734.1,3279.0,109.0,1.45
sugarcane,Loam,Rabi,95.2,43.2,34.6,6.73,24.3,1788.8,13136.0,173.0,37.08
rice,Alluvial,Kharif,99.0,45.0,36.0,6.44,27.5,1676.4,11487.0,180.0,4.37
cotton,Clay Loam,Kharif,57.2,26.0,20.8,7.02,27.7,870.6,8894.0,104.0,1.84
chickpea,Black Soil,Rabi,29.7,13.5,10.8,7.05,15.9,476.4,3136.0,54.0,1.3
mustard,Alluvial,Rabi,48.4,22.0,17.6,6.99,18.1,322.4,1930.0,88.0,0.96
maize,Alluvial,Zaid,59.4,27.0,21.6,6.71,29.9,897.7,5161.0,108.0,3.66
maize,Alluvial,Kharif,100.1,45.5,36.4,6.4,25.6,904.1,3835.0,182.0,3.4
groundnut,Sandy Loam,Kharif,64.4,29.2,23.4,6.23,26.0,878.2,5159.0,117.0,2.06
sugarcane,Loam,Rabi,146.3,66.5,53.2,6.7,32.9,1937.9,22693.0,266.0,63.22
chickpea,Loam,Rabi,40.2,18.2,14.6,7.33,24.7,663.6,3483.0,73.0,1.57
rice,Alluvial,Kharif,111.1,50.5,40.4,6.35,25.1,1685.8,11952.0,202.0,4.22
sugarcane,Clay Loam,Rabi,171.1,77.8,62.2,6.97,29.0,1619.3,10994.0,311.0,37.56
mustard,Sandy Loam,Rabi,62.7,28.5,22.8,7.11,15.7,420.6,2528.0,114.0,1.55
millets,Sandy Loam,Kharif,34.7,15.8,12.6,7.41,29.5,232.5,2641.0,63.0,1.6
maize,Alluvial,Zaid,116.1,52.8,42.2,6.2,27.4,688.2,3394.0,211.0,2.79
groundnut,Loam,Kharif,69.3,31.5,25.2,6.97,27.7,526.4,3431.0,126.0,1.86
tomato,Loam,Kharif,102.9,46.8,37.4,6.63,24.3,598.3,6293.0,187.0,24.33
cotton,Black Soil,Kharif,102.9,46.8,37.4,7.08,34.1,807.2,7523.0,187.0,2.01
soybean,Black Soil,Kharif,41.2,18.8,15.0,6.38,27.7,937.0,3871.0,75.0,2.16
potato,Loam,Rabi,87.5,39.8,31.8,6.06,20.9,733.0,4172.0,159.0,16.7
wheat,Alluvial,Rabi,104.0,47.2,37.8,7.12,21.8,732.8,4361.0,189.0,3.5
millets,Loam,Kharif,42.9,19.5,15.6,6.4,35.2,531.1,3898.0,78.0,1.9
cotton,Clay Loam,Kharif,74.8,34.0,27.2,7.29,31.0,834.1,9167.0,136.0,1.97
wheat,Loam,Rabi,80.3,36.5,29.2,6.01,19.3,598.7,5222.0,146.0,2.93
cotton,Loam,Kharif,68.2,31.0,24.8,7.5,30.7,893.9,7309.0,124.0,1.94
maize,Red Soil,Kharif,118.8,54.0,43.2,6.78,25.9,622.6,5111.0,216.0,5.3
cotton,Clay Loam,Kharif,88.6,40.2,32.2,7.04,33.2,852.9,7255.0,161.0,1.78
groundnut,Sandy Loam,Kharif,50.6,23.0,18.4,5.99,31.1,655.2,3933.0,92.0,1.64
soybean,Clay Loam,Kharif,44.0,20.0,16.0,6.46,31.1,724.7,5187.0,80.0,1.96
chickpea,Sandy Loam,Rabi,42.9,19.5,15.6,6.87,15.6,353.8,1814.0,78.0,0.78
chickpea,Sandy Loam,Rabi,35.8,16.2,13.0,6.89,20.6,398.9,3155.0,65.0,1.71
rice,Clay,Kharif,107.3,48.8,39.0,7.58,22.6,1429.0,14358.0,195.0,2.77
sugarcane,Loam,Rabi,144.7,65.8,52.6,6.45,28.7,1686.8,12949.0,263.0,47.14
cotton,Black Soil,Kharif,87.5,39.8,31.8,6.9,30.1,938.7,6942.0,159.0,2.06
chickpea,Black Soil,Rabi,31.4,14.2,11.4,7.17,21.3,482.8,3748.0,57.0,1.49
potato,Sandy Loam,Rabi,103.4,47.0,37.6,6.22,24.2,560.8,5622.0,188.0,15.78
chickpea,Loam,Rabi,30.3,13.8,11.0,7.16,22.7,444.0,3160.0,55.0,1.67
cotton,Loam,Kharif,57.2,26.0,20.8,7.76,33.2,781.7,6395.0,104.0,1.43
potato,Sandy Loam,Rabi,123.2,56.0,44.8,6.1,20.1,564.5,3117.0,224.0,13.09
wheat,Loam,Rabi,71.0,32.2,25.8,6.83,19.9,531.3,3661.0,129.0,2.73
cotton,Black Soil,Kharif,70.4,32.0,25.6,7.12,33.1,1104.6,8788.0,128.0,2.29
cotton,Black Soil,Kharif,93.5,42.5,34.0,7.14,27.0,1009.1,5223.0,170.0,1.5
millets,Red Soil,Kharif,27.5,12.5,10.0,6.94,32.4,516.2,3427.0,50.0,1.87
millets,Loam,Kharif,42.4,19.2,15.4,6.98,31.4,305.6,2890.0,77.0,2.13
millets,Red Soil,Kharif,39.6,18.0,14.4,7.04,30.7,433.5,3290.0,72.0,2.06
maize,Red Soil,Kharif,97.4,44.2,35.4,6.05,22.3,962.2,4585.0,177.0,3.06
maize,Sandy Loam,Rabi,72.1,32.8,26.2,6.84,26.6,781.7,6431.0,131.0,4.27
groundnut,Sandy Loam,Kharif,53.4,24.2,19.4,7.73,25.7,691.6,3595.0,97.0,1.45
mustard,Loam,Rabi,40.7,18.5,14.8,6.04,19.0,423.2,2673.0,74.0,1.27
chickpea,Loam,Rabi,46.8,21.2,17.0,6.2,19.5,585.7,2419.0,85.0,1.27
groundnut,Sandy Loam,Kharif,66.0,30.0,24.0,5.97,27.8,889.7,4156.0,120.0,2.21
mustard,Alluvial,Rabi,76.5,34.8,27.8,6.86,15.5,414.5,1763.0,139.0,0.83
potato,Loam,Rabi,79.2,36.0,28.8,4.99,19.6,680.3,6176.0,144.0,13.64
mustard,Alluvial,Rabi,52.3,23.8,19.0,7.2,17.4,254.6,2246.0,95.0,1.32
tomato,Sandy Loam,Kharif,103.4,47.0,37.6,7.08,27.3,773.2,7123.0,188.0,18.94
chickpea,Black Soil,Rabi,36.9,16.8,13.4,6.55,19.7,533.1,2547.0,67.0,1.4
groundnut,Red Soil,Kharif,44.6,20.2,16.2,5.79,28.1,684.7,3114.0,81.0,1.39
rice,Clay Loam,Kharif,67.1,30.5,24.4,6.51,29.1,1703.0,7746.0,122.0,2.52
groundnut,Red Soil,Kharif,46.2,21.0,16.8,5.74,29.1,693.8,4751.0,84.0,1.74
wheat,Alluvial,Rabi,110.0,50.0,40.0,6.85,18.7,564.5,5680.0,200.0,4.12
maize,Red Soil,Kharif,117.2,53.2,42.6,6.65,27.2,867.7,6597.0,213.0,5.36
wheat,Clay Loam,Rabi,62.2,28.2,22.6,7.49,20.1,443.4,3881.0,113.0,2.32
potato,Sandy Loam,Rabi,83.6,38.0,30.4,6.14,21.0,684.4,5709.0,152.0,19.04
rice,Clay,Kharif,75.4,34.2,27.4,6.66,31.0,1768.1,12207.0,137.0,3.52
millets,Sandy Loam,Kharif,31.4,14.2,11.4,6.42,35.7,530.0,3410.0,57.0,1.5
cotton,Black Soil,Kharif,60.0,27.2,21.8,6.35,25.1,1112.3,9347.0,109.0,1.52
soybean,Clay Loam,Kharif,60.0,27.2,21.8,6.59,24.7,780.1,3601.0,109.0,1.76
sugarcane,Alluvial,Rabi,148.0,67.2,53.8,5.9,31.8,1659.8,14266.0,269.0,49.32
rice,Alluvial,Kharif,68.2,31.0,24.8,5.97,28.9,1501.1,8812.0,124.0,3.0
tomato,Loam,Kharif,115.0,52.2,41.8,6.44,21.3,460.9,5370.0,209.0,21.41
cotton,Loam,Kharif,75.4,34.2,27.4,7.29,31.6,829.9,7068.0,137.0,2.16
tomato,Sandy Loam,Kharif,80.3,36.5,29.2,5.87,22.7,621.5,5710.0,146.0,17.74
groundnut,Sandy Loam,Kharif,41.2,18.8,15.0,6.3,27.0,989.7,5031.0,75.0,1.99
potato,Sandy Loam,Rabi,129.8,59.0,47.2,6.31,25.7,487.4,3761.0,236.0,12.95
rice,Clay Loam,Kharif,132.6,60.2,48.2,6.87,31.6,1732.0,9245.0,241.0,2.83
rice,Alluvial,Kharif,75.4,34.2,27.4,5.94,17.9,1677.5,9624.0,137.0,2.41
mustard,Loam,Rabi,66.6,30.2,24.2,6.8,20.9,349.1,2984.0,121.0,1.55
cotton,Clay Loam,Kharif,99.0,45.0,36.0,6.96,23.7,863.9,5729.0,180.0,1.31
potato,Sandy Loam,Rabi,107.8,49.0,39.2,6.33,26.0,555.2,3689.0,196.0,11.45
potato,Sandy Loam,Rabi,131.5,59.8,47.8,6.13,22.5,287.9,4278.0,239.0,17.09
potato,Sandy Loam,Rabi,119.4,54.2,43.4,5.64,23.3,400.8,4191.0,217.0,14.43
mustard,Sandy Loam,Rabi,49.0,22.2,17.8,7.38,19.7,461.5,2615.0,89.0,1.43
potato,Sandy Loam,Rabi,115.5,52.5,42.0,6.46,19.3,347.7,3245.0,210.0,11.28
soybean,Clay Loam,Kharif,41.8,19.0,15.2,6.88,24.3,670.5,4685.0,76.0,2.13
potato,Sandy Loam,Rabi,82.0,37.2,29.8,5.96,21.3,459.2,6043.0,149.0,18.96
millets,Red Soil,Kharif,42.9,19.5,15.6,6.17,30.1,598.2,3736.0,78.0,1.95
potato,Sandy Loam,Rabi,138.6,63.0,50.4,5.89,20.4,486.8,5223.0,252.0,18.84
millets,Sandy Loam,Kharif,45.1,20.5,16.4,6.89,27.2,634.9,2658.0,82.0,1.61
maize,Alluvial,Kharif,105.6,48.0,38.4,6.87,29.4,559.2,5253.0,192.0,4.45
mustard,Sandy Loam,Rabi,47.9,21.8,17.4,7.42,16.5,282.5,1749.0,87.0,0.72
soybean,Loam,Kharif,31.4,14.2,11.4,7.12,22.2,763.8,4953.0,57.0,1.7
chickpea,Loam,Rabi,47.9,21.8,17.4,7.38,18.1,578.2,1876.0,87.0,0.93
soybean,Loam,Kharif,32.5,14.8,11.8,6.41,20.9,1011.2,3354.0,59.0,1.03
maize,Alluvial,Kharif,90.2,41.0,32.8,6.53,25.1,965.3,6903.0,164.0,5.25
millets,Sandy Loam,Kharif,45.1,20.5,16.4,6.08,27.7,322.1,3918.0,82.0,1.71
maize,Sandy Loam,Rabi,90.8,41.2,33.0,6.91,31.1,669.9,4385.0,165.0,3.39
rice,Clay Loam,Kharif,107.8,49.0,39.2,5.98,29.6,1628.3,10975.0,196.0,3.93
cotton,Black Soil,Kharif,89.7,40.8,32.6,6.63,30.9,1043.7,8022.0,163.0,1.97
potato,Sandy Loam,Rabi,110.0,50.0,40.0,6.26,20.6,627.9,5700.0,200.0,18.41
mustard,Alluvial,Rabi,64.4,29.2,23.4,6.74,19.5,483.9,2282.0,117.0,1.46
rice,Clay,Kharif,68.8,31.2,25.0,6.4,31.9,1781.4,13173.0,125.0,3.1
maize,Sandy Loam,Zaid,74.8,34.0,27.2,7.19,28.5,758.0,7147.0,136.0,4.22
mustard,Loam,Rabi,42.4,19.2,15.4,7.8,18.8,313.8,1848.0,77.0,0.83
tomato,Loam,Zaid,138.6,63.0,50.4,6.85,20.3,657.8,5062.0,252.0,18.82
cotton,Black Soil,Kharif,51.2,23.2,18.6,6.88,32.7,799.3,6271.0,93.0,1.53
groundnut,Loam,Kharif,46.8,21.2,17.0,6.87,27.4,744.5,4056.0,85.0,2.05
wheat,Clay Loam,Rabi,80.9,36.8,29.4,6.38,22.2,764.1,6009.0,147.0,3.41
millets,Sandy Loam,Kharif,28.1,12.8,10.2,7.34,34.1,392.6,3953.0,51.0,1.55
wheat,Alluvial,Rabi,74.8,34.0,27.2,6.07,22.4,571.9,3578.0,136.0,2.21
cotton,Loam,Kharif,84.2,38.2,30.6,7.5,31.9,824.4,5961.0,153.0,1.64
potato,Loam,Rabi,95.7,43.5,34.8,6.14,21.4,625.3,3126.0,174.0,11.39
wheat,Loam,Rabi,71.5,32.5,26.0,7.06,22.6,611.7,5057.0,130.0,3.16
potato,Sandy Loam,Rabi,130.4,59.2,47.4,5.97,19.6,384.9,3121.0,237.0,12.05
millets,Loam,Kharif,42.9,19.5,15.6,7.17,35.7,460.9,1945.0,78.0,0.98
mustard,Alluvial,Rabi,43.5,19.8,15.8,6.51,14.8,420.5,2838.0,79.0,1.13
potato,Loam,Rabi,149.6,68.0,54.4,6.01,18.3,424.6,3400.0,272.0,13.86
mustard,Sandy Loam,Rabi,73.2,33.2,26.6,6.98,17.5,391.6,3054.0,133.0,1.62
maize,Red Soil,Rabi,106.7,48.5,38.8,6.46,23.3,581.7,5697.0,194.0,4.44
soybean,Clay Loam,Kharif,51.7,23.5,18.8,6.92,31.4,829.3,4043.0,94.0,1.87
tomato,Loam,Zaid,97.4,44.2,35.4,6.89,22.8,550.8,5437.0,177.0,19.59
wheat,Loam,Rabi,94.1,42.8,34.2,6.95,20.3,640.5,5331.0,171.0,3.47
tomato,Loam,Rabi,128.7,58.5,46.8,6.74,28.5,509.3,5770.0,234.0,19.89
tomato,Sandy Loam,Zaid,79.2,36.0,28.8,6.93,25.4,398.0,4656.0,144.0,15.58
mustard,Loam,Rabi,71.5,32.5,26.0,6.69,17.1,289.6,2054.0,130.0,1.09
chickpea,Loam,Rabi,25.3,11.5,9.2,6.88,21.5,538.5,2618.0,46.0,1.56
potato,Loam,Rabi,147.4,67.0,53.6,5.96,18.6,268.2,3529.0,268.0,16.49
chickpea,Black Soil,Rabi,40.2,18.2,14.6,7.16,23.1,349.6,1858.0,73.0,0.91
groundnut,Red Soil,Kharif,34.1,15.5,12.4,6.33,28.7,964.2,4151.0,62.0,2.04
cotton,Clay Loam,Kharif,71.0,32.2,25.8,7.71,30.7,802.4,9357.0,129.0,1.77
tomato,Loam,Rabi,122.1,55.5,44.4,6.99,24.5,679.2,4518.0,222.0,19.31
millets,Red Soil,Kharif,46.2,21.0,16.8,7.08,32.8,150.0,2789.0,84.0,2.09
chickpea,Loam,Rabi,40.2,18.2,14.6,7.57,22.5,435.0,3611.0,73.0,1.55
rice,Alluvial,Kharif,105.1,47.8,38.2,6.58,31.0,1618.2,12469.0,191.0,3.81
sugarcane,Clay Loam,Rabi,100.7,45.8,36.6,7.82,29.2,1863.4,14727.0,183.0,41.59
mustard,Alluvial,Rabi,41.2,18.8,15.0,6.76,19.1,432.8,1809.0,75.0,0.89
rice,Alluvial,Kharif,91.9,41.8,33.4,6.74,31.9,1857.4,7241.0,167.0,1.98
mustard,Loam,Rabi,62.2,28.2,22.6,6.84,14.5,362.0,2878.0,113.0,1.27
groundnut,Loam,Kharif,50.1,22.8,18.2,5.96,27.4,718.7,2795.0,91.0,1.4
mustard,Alluvial,Rabi,80.3,36.5,29.2,6.97,18.8,247.2,2408.0,146.0,1.55
millets,Sandy Loam,Kharif,28.1,12.8,10.2,6.56,37.5,321.2,3461.0,51.0,1.61
tomato,Sandy Loam,Zaid,118.8,54.0,43.2,7.24,21.8,780.8,3820.0,216.0,10.81
sugarcane,Loam,Kharif,135.9,61.8,49.4,7.61,26.0,1767.6,14468.0,247.0,45.6
chickpea,Loam,Rabi,45.7,20.8,16.6,6.62,22.5,561.7,3653.0,83.0,1.9
cotton,Loam,Kharif,77.0,35.0,28.0,6.6,22.8,819.5,9028.0,140.0,1.4
sugarcane,Clay Loam,Kharif,146.9,66.8,53.4,7.27,31.3,1665.0,13414.0,267.0,45.01
rice,Clay,Kharif,80.9,36.8,29.4,7.07,28.1,1704.1,8125.0,147.0,2.63
wheat,Clay Loam,Rabi,83.6,38.0,30.4,7.41,20.3,757.4,4523.0,152.0,3.3
chickpea,Sandy Loam,Rabi,30.8,14.0,11.2,7.31,20.0,369.7,2544.0,56.0,1.37
mustard,Loam,Rabi,56.1,25.5,20.4,6.67,23.2,331.6,3428.0,102.0,1.42
wheat,Clay Loam,Rabi,104.5,47.5,38.0,7.01,19.6,495.7,5198.0,190.0,3.15
maize,Red Soil,Kharif,101.8,46.2,37.0,6.81,26.3,658.7,3445.0,185.0,2.54
rice,Alluvial,Kharif,87.5,39.8,31.8,6.78,25.0,1631.1,9763.0,159.0,3.64
maize,Loam,Zaid,111.1,50.5,40.4,6.16,25.5,589.1,6777.0,202.0,4.87
mustard,Alluvial,Rabi,47.3,21.5,17.2,7.42,14.5,310.9,2218.0,86.0,0.95
mustard,Loam,Rabi,72.6,33.0,26.4,6.56,17.6,227.1,2485.0,132.0,1.53
soybean,Black Soil,Kharif,60.0,27.2,21.8,6.68,31.9,902.4,5120.0,109.0,1.95
groundnut,Red Soil,Kharif,42.4,19.2,15.4,6.16,24.7,781.3,3809.0,77.0,1.6
potato,Loam,Rabi,134.2,61.0,48.8,5.65,17.0,576.3,5504.0,244.0,18.77
maize,Loam,Kharif,78.1,35.5,28.4,7.01,31.8,869.9,6907.0,142.0,3.74
cotton,Loam,Kharif,101.8,46.2,37.0,6.41,34.3,940.1,9242.0,185.0,1.65
wheat,Clay Loam,Rabi,58.9,26.8,21.4,6.15,20.2,744.2,4254.0,107.0,2.46
groundnut,Loam,Kharif,45.1,20.5,16.4,6.83,25.5,597.7,2991.0,82.0,1.26
potato,Loam,Rabi,106.7,48.5,38.8,6.22,16.7,682.1,4949.0,194.0,19.56
potato,Sandy Loam,Rabi,153.5,69.8,55.8,5.77,17.2,544.9,5413.0,279.0,21.48
sugarcane,Loam,Kharif,132.0,60.0,48.0,5.94,28.9,1647.4,22751.0,240.0,55.57
rice,Alluvial,Kharif,106.2,48.2,38.6,6.73,29.6,1606.5,7251.0,193.0,2.25
groundnut,Loam,Kharif,46.8,21.2,17.0,6.75,27.9,462.2,5065.0,85.0,2.04
cotton,Black Soil,Kharif,93.0,42.2,33.8,6.76,30.4,604.9,7435.0,169.0,1.83
potato,Loam,Rabi,132.6,60.2,48.2,5.05,18.3,613.2,5488.0,241.0,17.91
cotton,Black Soil,Kharif,82.5,37.5,30.0,7.49,29.0,868.4,6980.0,150.0,2.08
millets,Loam,Kharif,40.2,18.2,14.6,6.7,34.4,520.2,3550.0,73.0,1.97
wheat,Clay Loam,Rabi,80.3,36.5,29.2,6.41,15.9,607.7,4056.0,146.0,2.55
soybean,Loam,Kharif,32.5,14.8,11.8,6.49,26.7,869.4,5302.0,59.0,1.98
potato,Sandy Loam,Rabi,144.7,65.8,52.6,5.6,20.1,473.1,3002.0,263.0,10.62
cotton,Clay Loam,Kharif,88.6,40.2,32.2,6.9,34.9,1000.0,8445.0,161.0,1.61
millets,Sandy Loam,Kharif,51.2,23.2,18.6,6.36,34.1,474.3,2444.0,93.0,1.66
tomato,Sandy Loam,Kharif,124.9,56.8,45.4,7.18,23.8,756.8,4540.0,227.0,17.71
groundnut,Loam,Kharif,39.6,18.0,14.4,6.35,23.8,494.7,4859.0,72.0,1.72
potato,Loam,Rabi,137.5,62.5,50.0,5.76,16.5,529.5,4846.0,250.0,19.13
millets,Red Soil,Kharif,49.5,22.5,18.0,6.68,28.6,560.3,2425.0,90.0,1.59
rice,Clay,Kharif,114.4,52.0,41.6,6.19,28.1,1800.3,7106.0,208.0,2.46
rice,Alluvial,Kharif,111.1,50.5,40.4,6.2,26.6,1605.6,14185.0,202.0,3.74
mustard,Alluvial,Rabi,62.7,28.5,22.8,7.46,15.3,289.3,3262.0,114.0,1.36
tomato,Sandy Loam,Rabi,84.7,38.5,30.8,6.5,24.0,695.4,5579.0,154.0,25.59
chickpea,Sandy Loam,Rabi,39.6,18.0,14.4,7.33,19.8,492.6,1999.0,72.0,1.05
maize,Red Soil,Rabi,113.3,51.5,41.2,6.67,21.9,700.2,5495.0,206.0,4.49
groundnut,Loam,Kharif,43.5,19.8,15.8,6.34,29.4,637.5,4502.0,79.0,2.08
cotton,Loam,Kharif,74.2,33.8,27.0,6.29,26.0,912.0,5564.0,135.0,1.02
mustard,Sandy Loam,Rabi,41.2,18.8,15.0,6.61,20.7,290.0,2035.0,75.0,1.09
mustard,Sandy Loam,Rabi,60.5,27.5,22.0,6.47,19.0,480.5,2460.0,110.0,1.37
potato,Sandy Loam,Rabi,126.5,57.5,46.0,5.15,13.7,493.2,3238.0,230.0,7.43
millets,Red Soil,Kharif,48.4,22.0,17.6,6.24,35.0,271.5,1995.0,88.0,0.97
sugarcane,Alluvial,Rabi,128.2,58.2,46.6,6.99,29.0,1740.3,21526.0,233.0,64.86
potato,Sandy Loam,Rabi,128.2,58.2,46.6,5.86,27.0,590.1,3460.0,233.0,9.85
potato,Loam,Rabi,146.9,66.8,53.4,6.24,17.7,535.6,5965.0,267.0,21.69
rice,Clay,Kharif,85.2,38.8,31.0,5.52,21.5,1685.0,13055.0,155.0,2.92
groundnut,Red Soil,Kharif,57.2,26.0,20.8,5.88,27.3,828.6,5336.0,104.0,1.91
rice,Alluvial,Kharif,76.5,34.8,27.8,6.4,25.1,1875.7,14452.0,139.0,3.4
maize,Alluvial,Rabi,105.6,48.0,38.4,6.56,24.7,710.1,4045.0,192.0,4.02
sugarcane,Clay Loam,Rabi,114.4,52.0,41.6,6.96,29.0,1702.1,20131.0,208.0,64.44
tomato,Loam,Kharif,154.6,70.2,56.2,6.47,19.2,682.3,6535.0,281.0,22.19
wheat,Alluvial,Rabi,78.1,35.5,28.4,6.73,18.6,410.1,5294.0,142.0,3.7
soybean,Clay Loam,Kharif,54.5,24.8,19.8,6.52,24.3,776.6,4518.0,99.0,2.05
tomato,Sandy Loam,Kharif,126.0,57.2,45.8,6.65,23.5,716.8,5992.0,229.0,25.16
maize,Sandy Loam,Rabi,118.3,53.8,43.0,5.92,26.2,917.0,4994.0,215.0,4.41
tomato,Loam,Rabi,124.3,56.5,45.2,6.6,22.9,630.3,5109.0,226.0,23.66
chickpea,Loam,Rabi,35.8,16.2,13.0,6.4,20.9,537.1,2047.0,65.0,1.12
rice,Alluvial,Kharif,83.1,37.8,30.2,6.75,32.7,1722.1,8922.0,151.0,2.87
soybean,Black Soil,Kharif,47.3,21.5,17.2,7.07,22.2,836.4,5459.0,86.0,1.92
maize,Sandy Loam,Kharif,116.6,53.0,42.4,5.8,24.0,735.0,6311.0,212.0,4.6
tomato,Loam,Rabi,84.7,38.5,30.8,5.94,25.2,811.7,7072.0,154.0,19.25
wheat,Clay Loam,Rabi,71.0,32.2,25.8,7.07,18.5,628.1,4225.0,129.0,3.19
chickpea,Loam,Rabi,41.8,19.0,15.2,7.78,21.5,587.2,3150.0,76.0,1.52
potato,Sandy Loam,Rabi,112.8,51.2,41.0,6.07,17.8,663.0,4050.0,205.0,18.09
chickpea,Black Soil,Rabi,44.6,20.2,16.2,7.48,23.7,444.6,2899.0,81.0,1.5
tomato,Sandy Loam,Kharif,133.7,60.8,48.6,6.57,28.6,537.4,5838.0,243.0,20.79
chickpea,Black Soil,Rabi,30.8,14.0,11.2,7.04,22.8,673.8,2179.0,56.0,1.21
groundnut,Sandy Loam,Kharif,69.3,31.5,25.2,6.68,22.0,592.3,4882.0,126.0,1.7
groundnut,Red Soil,Kharif,60.5,27.5,22.0,6.12,29.3,760.5,4487.0,110.0,1.99
mustard,Alluvial,Rabi,72.6,33.0,26.4,6.87,17.5,150.0,3153.0,132.0,1.86
tomato,Loam,Zaid,145.2,66.0,52.8,6.56,24.5,740.3,4754.0,264.0,19.15
mustard,Sandy Loam,Rabi,46.8,21.2,17.0,7.13,21.3,405.5,2884.0,85.0,1.31
tomato,Sandy Loam,Kharif,118.8,54.0,43.2,6.06,19.9,580.9,6388.0,216.0,20.27
maize,Loam,Zaid,114.4,52.0,41.6,6.26,25.0,557.3,3663.0,208.0,3.21
cotton,Clay Loam,Kharif,82.0,37.2,29.8,7.51,33.3,740.4,8456.0,149.0,1.83
rice,Clay,Kharif,107.3,48.8,39.0,6.48,28.2,1595.3,14761.0,195.0,4.17
soybean,Black Soil,Kharif,62.2,28.2,22.6,6.86,26.9,613.1,4978.0,113.0,2.45
sugarcane,Clay Loam,Kharif,161.2,73.2,58.6,7.43,31.1,1658.2,23053.0,293.0,64.75
potato,Loam,Rabi,148.0,67.2,53.8,6.33,16.4,738.8,3702.0,269.0,15.17
soybean,Loam,Kharif,33.6,15.2,12.2,7.06,25.5,920.8,3317.0,61.0,1.44
wheat,Loam,Rabi,90.8,41.2,33.0,7.11,18.5,476.0,5364.0,165.0,3.31
maize,Loam,Zaid,111.7,50.8,40.6,5.86,26.8,891.3,7116.0,203.0,4.82
millets,Sandy Loam,Kharif,33.6,15.2,12.2,6.58,31.3,417.9,3256.0,61.0,1.96
potato,Sandy Loam,Rabi,95.7,43.5,34.8,6.76,19.7,468.7,4897.0,174.0,17.98
groundnut,Sandy Loam,Kharif,52.8,24.0,19.2,7.49,22.7,972.4,3756.0,96.0,1.24
wheat,Loam,Rabi,89.7,40.8,32.6,6.19,27.2,433.0,4279.0,163.0,1.95
soybean,Loam,Kharif,50.1,22.8,18.2,6.4,25.2,844.4,3540.0,91.0,1.78
cotton,Black Soil,Kharif,68.2,31.0,24.8,7.93,32.1,651.4,6193.0,124.0,1.66
millets,Sandy Loam,Kharif,50.1,22.8,18.2,6.54,33.5,491.1,3477.0,91.0,1.7
millets,Loam,Kharif,25.3,11.5,9.2,5.94,30.3,339.4,3963.0,46.0,1.37
soybean,Clay Loam,Kharif,41.8,19.0,15.2,6.39,27.1,759.1,3741.0,76.0,2.28
wheat,Alluvial,Rabi,105.1,47.8,38.2,6.26,22.7,675.9,5714.0,191.0,3.32
millets,Red Soil,Kharif,40.2,18.2,14.6,6.73,27.5,460.9,3838.0,73.0,1.7
chickpea,Sandy Loam,Rabi,40.7,18.5,14.8,6.49,20.3,516.8,2916.0,74.0,1.68
groundnut,Loam,Kharif,69.9,31.8,25.4,6.41,28.3,932.0,2976.0,127.0,1.45
chickpea,Black Soil,Rabi,48.4,22.0,17.6,5.91,21.8,313.1,2270.0,88.0,1.19
mustard,Sandy Loam,Rabi,64.4,29.2,23.4,6.84,18.4,519.3,2974.0,117.0,1.68
maize,Alluvial,Zaid,116.6,53.0,42.4,6.67,23.7,720.2,6053.0,212.0,4.79
rice,Clay,Kharif,89.7,40.8,32.6,6.22,28.3,1503.0,8135.0,163.0,2.94
sugarcane,Alluvial,Rabi,118.3,53.8,43.0,6.24,28.1,1569.3,11576.0,215.0,34.64
tomato,Alluvial,Kharif,84.7,38.5,30.8,6.6,21.8,809.2,6504.0,154.0,20.76
soybean,Loam,Kharif,42.9,19.5,15.6,6.42,31.5,715.5,5360.0,78.0,1.89
tomato,Loam,Kharif,133.7,60.8,48.6,6.81,24.6,693.4,6360.0,243.0,22.53
potato,Sandy Loam,Rabi,128.2,58.2,46.6,5.75,15.0,518.9,6061.0,233.0,17.94
millets,Red Soil,Kharif,47.9,21.8,17.4,6.88,34.3,451.0,2177.0,87.0,1.44
groundnut,Sandy Loam,Kharif,62.7,28.5,22.8,6.48,29.4,871.2,4764.0,114.0,2.54
mustard,Alluvial,Rabi,44.6,20.2,16.2,6.66,18.4,463.8,2976.0,81.0,1.39
maize,Alluvial,Kharif,117.2,53.2,42.6,6.08,26.1,991.6,4485.0,213.0,4.68
maize,Alluvial,Zaid,82.5,37.5,30.0,6.9,26.7,688.9,6886.0,150.0,5.03
wheat,Loam,Rabi,58.9,26.8,21.4,7.33,23.9,462.8,3883.0,107.0,2.35
potato,Sandy Loam,Rabi,89.1,40.5,32.4,6.15,19.0,553.8,5436.0,162.0,18.84
tomato,Alluvial,Rabi,90.2,41.0,32.8,6.3,26.5,823.4,7404.0,164.0,20.28
sugarcane,Alluvial,Zaid,123.8,56.2,45.0,7.15,21.7,1571.5,14497.0,225.0,41.67
groundnut,Sandy Loam,Kharif,35.8,16.2,13.0,6.71,31.2,700.0,4292.0,65.0,1.64
cotton,Clay Loam,Kharif,83.1,37.8,30.2,6.84,24.7,745.3,6047.0,151.0,1.42
rice,Alluvial,Kharif,94.6,43.0,34.4,6.58,21.3,1770.0,12061.0,172.0,3.19
cotton,Loam,Kharif,76.5,34.8,27.8,7.77,36.1,849.2,7849.0,139.0,1.48
tomato,Sandy Loam,Kharif,103.4,47.0,37.6,7.22,22.4,616.0,7621.0,188.0,20.1
tomato,Alluvial,Zaid,100.1,45.5,36.4,6.49,19.0,744.4,3983.0,182.0,12.48
chickpea,Black Soil,Rabi,27.0,12.2,9.8,7.38,21.5,433.8,3013.0,49.0,1.46
wheat,Clay Loam,Rabi,90.8,41.2,33.0,6.96,23.6,755.9,4491.0,165.0,3.41
maize,Loam,Zaid,67.7,30.8,24.6,6.94,31.4,672.3,5067.0,123.0,3.18
chickpea,Sandy Loam,Rabi,44.6,20.2,16.2,6.83,20.2,497.5,3009.0,81.0,1.71
sugarcane,Clay Loam,Kharif,115.5,52.5,42.0,7.1,31.8,1658.9,19893.0,210.0,58.53
cotton,Black Soil,Kharif,61.6,28.0,22.4,7.44,28.4,919.6,4902.0,112.0,1.22
soybean,Black Soil,Kharif,46.8,21.2,17.0,6.59,29.4,878.4,4723.0,85.0,2.27
millets,Sandy Loam,Kharif,49.0,22.2,17.8,7.08,31.4,364.3,3464.0,89.0,1.85
tomato,Loam,Zaid,127.6,58.0,46.4,6.59,24.7,603.8,6216.0,232.0,25.94
mustard,Alluvial,Rabi,64.4,29.2,23.4,6.76,14.4,302.3,2470.0,117.0,1.4
millets,Red Soil,Kharif,33.0,15.0,12.0,6.94,33.0,580.2,2803.0,60.0,1.79
mustard,Sandy Loam,Rabi,60.5,27.5,22.0,6.21,19.4,354.0,2787.0,110.0,1.36
rice,Clay Loam,Kharif,130.4,59.2,47.4,6.64,28.9,1792.4,7284.0,237.0,2.42
chickpea,Black Soil,Rabi,35.2,16.0,12.8,7.05,22.8,728.1,3340.0,64.0,1.82
rice,Alluvial,Kharif,80.9,36.8,29.4,6.46,29.5,1613.5,12736.0,147.0,3.47
potato,Sandy Loam,Rabi,154.6,70.2,56.2,6.13,22.7,606.2,3391.0,281.0,11.99
wheat,Clay Loam,Rabi,71.5,32.5,26.0,7.45,19.5,496.8,3913.0,130.0,2.55
groundnut,Red Soil,Kharif,55.0,25.0,20.0,6.04,28.3,1004.1,4893.0,100.0,2.38
wheat,Loam,Rabi,106.2,48.2,38.6,7.14,22.4,676.5,4839.0,193.0,3.29
tomato,Loam,Rabi,85.8,39.0,31.2,5.94,18.4,632.7,5290.0,156.0,14.93
groundnut,Sandy Loam,Kharif,60.0,27.2,21.8,6.44,25.5,743.4,5402.0,109.0,1.98
potato,Sandy Loam,Rabi,80.9,36.8,29.4,5.31,20.8,427.4,4212.0,147.0,14.32
millets,Sandy Loam,Kharif,47.9,21.8,17.4,6.32,35.6,418.7,3976.0,87.0,1.72
sugarcane,Loam,Zaid,144.1,65.5,52.4,6.76,30.9,1727.1,14082.0,262.0,62.6
soybean,Loam,Kharif,44.6,20.2,16.2,6.55,34.0,590.6,3979.0,81.0,1.7
rice,Clay Loam,Kharif,101.8,46.2,37.0,6.25,32.7,1743.6,7840.0,185.0,2.09
wheat,Clay Loam,Rabi,101.2,46.0,36.8,7.02,20.8,495.9,3620.0,184.0,2.87
tomato,Sandy Loam,Zaid,147.4,67.0,53.6,5.57,28.0,643.3,4127.0,268.0,11.3
potato,Sandy Loam,Rabi,87.5,39.8,31.8,5.64,15.7,431.8,6163.0,159.0,14.9
groundnut,Loam,Kharif,62.2,28.2,22.6,6.35,30.2,789.8,3335.0,113.0,1.6
millets,Red Soil,Kharif,41.2,18.8,15.0,6.46,34.7,240.3,3431.0,75.0,1.87
potato,Sandy Loam,Rabi,107.3,48.8,39.0,5.57,19.5,672.0,5240.0,195.0,19.51
cotton,Black Soil,Kharif,58.3,26.5,21.2,7.35,29.9,969.3,5641.0,106.0,1.78
maize,Alluvial,Zaid,99.6,45.2,36.2,6.76,29.8,664.0,4770.0,181.0,3.85
soybean,Loam,Kharif,57.8,26.2,21.0,6.46,29.0,697.4,3729.0,105.0,1.88
tomato,Sandy Loam,Rabi,149.1,67.8,54.2,6.25,21.9,533.2,5295.0,271.0,24.15
potato,Loam,Rabi,94.1,42.8,34.2,6.07,21.5,510.3,3539.0,171.0,12.86
rice,Clay Loam,Kharif,90.2,41.0,32.8,6.87,29.4,1801.1,10584.0,164.0,3.62
maize,Loam,Zaid,115.5,52.5,42.0,6.75,27.5,763.8,4883.0,210.0,4.65
tomato,Loam,Rabi,102.9,46.8,37.4,7.01,24.8,974.1,6686.0,187.0,21.05
potato,Sandy Loam,Rabi,112.2,51.0,40.8,6.03,18.0,561.2,4216.0,204.0,17.49
mustard,Sandy Loam,Rabi,61.6,28.0,22.4,6.97,17.2,313.4,3474.0,112.0,1.35
soybean,Clay Loam,Kharif,60.0,27.2,21.8,6.53,28.7,799.9,2927.0,109.0,1.62
rice,Clay,Kharif,116.1,52.8,42.2,6.67,23.7,1852.5,10858.0,211.0,3.72
soybean,Loam,Kharif,34.1,15.5,12.4,7.09,26.0,802.4,5335.0,62.0,2.12
tomato,Sandy Loam,Kharif,102.3,46.5,37.2,6.14,22.0,716.9,5313.0,186.0,17.24
groundnut,Loam,Kharif,40.7,18.5,14.8,6.6,35.3,664.2,5163.0,74.0,1.45
tomato,Loam,Rabi,86.9,39.5,31.6,6.65,29.2,777.0,4307.0,158.0,13.04
tomato,Sandy Loam,Zaid,107.3,48.8,39.0,6.99,22.3,579.3,4408.0,195.0,16.46
soybean,Loam,Kharif,52.8,24.0,19.2,6.31,26.2,980.0,5801.0,96.0,2.44
tomato,Alluvial,Zaid,83.6,38.0,30.4,6.24,24.6,405.2,3841.0,152.0,12.39
cotton,Black Soil,Kharif,62.2,28.2,22.6,7.06,28.5,962.7,5368.0,113.0,1.44
maize,Sandy Loam,Kharif,82.0,37.2,29.8,6.15,26.6,773.5,6387.0,149.0,5.17
cotton,Clay Loam,Kharif,51.7,23.5,18.8,7.32,32.2,849.3,5582.0,94.0,1.34
wheat,Alluvial,Rabi,61.1,27.8,22.2,6.89,21.2,606.3,5000.0,111.0,3.08
mustard,Loam,Rabi,51.7,23.5,18.8,6.98,21.8,312.3,3420.0,94.0,1.36
groundnut,Sandy Loam,Kharif,47.9,21.8,17.4,6.47,23.9,698.9,3912.0,87.0,1.81
rice,Clay,Kharif,82.5,37.5,30.0,7.27,26.7,1608.9,14851.0,150.0,3.24
wheat,Alluvial,Rabi,63.3,28.8,23.0,6.79,14.9,611.7,5793.0,115.0,3.03
millets,Red Soil,Kharif,47.3,21.5,17.2,5.91,33.6,410.7,2757.0,86.0,1.69
maize,Sandy Loam,Rabi,117.7,53.5,42.8,6.96,18.3,773.0,6271.0,214.0,3.81
groundnut,Sandy Loam,Kharif,55.6,25.2,20.2,6.32,32.9,887.7,2770.0,101.0,1.04
groundnut,Loam,Kharif,56.1,25.5,20.4,6.51,23.1,734.6,3709.0,102.0,1.83
wheat,Loam,Rabi,93.0,42.2,33.8,6.99,16.7,708.6,5270.0,169.0,3.39
maize,Loam,Rabi,66.0,30.0,24.0,5.71,21.9,805.1,6565.0,120.0,3.3
chickpea,Sandy Loam,Rabi,46.8,21.2,17.0,6.85,21.7,301.2,2711.0,85.0,1.84
wheat,Clay Loam,Rabi,107.3,48.8,39.0,6.3,22.5,719.0,5779.0,195.0,3.5
sugarcane,Alluvial,Kharif,121.0,55.0,44.0,6.74,30.2,1578.0,23363.0,220.0,69.98
sugarcane,Clay Loam,Zaid,128.2,58.2,46.6,6.9,28.2,1530.5,18807.0,233.0,66.27
millets,Loam,Kharif,39.6,18.0,14.4,6.86,34.7,333.3,2983.0,72.0,1.8
rice,Clay Loam,Kharif,74.2,33.8,27.0,6.15,26.3,1701.9,8401.0,135.0,2.71
chickpea,Sandy Loam,Rabi,23.7,10.8,8.6,6.54,18.9,488.4,2695.0,43.0,1.22
maize,Loam,Kharif,106.7,48.5,38.8,6.85,24.0,856.7,3729.0,194.0,3.07
soybean,Black Soil,Kharif,52.8,24.0,19.2,6.91,23.8,656.7,4687.0,96.0,2.07
potato,Loam,Rabi,89.1,40.5,32.4,6.25,17.1,697.3,5595.0,162.0,19.49
cotton,Clay Loam,Kharif,61.6,28.0,22.4,7.16,27.8,776.0,9189.0,112.0,1.99
soybean,Loam,Kharif,57.8,26.2,21.0,6.59,25.3,843.9,5825.0,105.0,2.37
mustard,Alluvial,Rabi,64.4,29.2,23.4,7.49,22.0,333.9,2662.0,117.0,1.25
sugarcane,Clay Loam,Zaid,165.6,75.2,60.2,6.17,29.0,1636.5,13712.0,301.0,55.66
tomato,Loam,Rabi,86.4,39.2,31.4,6.56,21.4,746.3,6130.0,157.0,21.4
tomato,Loam,Kharif,139.7,63.5,50.8,6.27,19.6,573.5,4220.0,254.0,14.28
chickpea,Sandy Loam,Rabi,42.9,19.5,15.6,7.08,22.8,637.0,2914.0,78.0,1.86
maize,Red Soil,Rabi,105.1,47.8,38.2,6.39,27.0,744.6,6004.0,191.0,4.84
wheat,Clay Loam,Rabi,72.6,33.0,26.4,7.2,20.1,640.7,4872.0,132.0,3.21
wheat,Loam,Rabi,73.2,33.2,26.6,6.93,23.0,629.5,5351.0,133.0,3.16
tomato,Sandy Loam,Kharif,154.0,70.0,56.0,6.24,21.6,639.9,5611.0,280.0,19.24
wheat,Alluvial,Rabi,96.3,43.8,35.0,7.56,23.4,632.0,3401.0,175.0,2.04
wheat,Alluvial,Rabi,56.7,25.8,20.6,6.68,16.4,730.8,4106.0,103.0,2.58
groundnut,Sandy Loam,Kharif,36.3,16.5,13.2,5.94,29.9,768.5,5183.0,66.0,1.64
groundnut,Loam,Kharif,68.2,31.0,24.8,7.1,23.9,632.6,4343.0,124.0,1.7
mustard,Loam,Rabi,41.8,19.0,15.2,7.3,16.5,498.8,2548.0,76.0,1.25
maize,Sandy Loam,Kharif,99.6,45.2,36.2,5.67,32.0,659.2,6375.0,181.0,3.29
soybean,Loam,Kharif,35.2,16.0,12.8,6.66,27.1,770.3,3494.0,64.0,2.1
mustard,Loam,Rabi,50.6,23.0,18.4,6.94,16.6,420.6,2600.0,92.0,1.56
soybean,Loam,Kharif,34.1,15.5,12.4,6.78,28.2,839.8,5746.0,62.0,2.27
potato,Loam,Rabi,80.9,36.8,29.4,6.17,22.4,454.9,5389.0,147.0,14.58
cotton,Loam,Kharif,100.1,45.5,36.4,7.02,30.5,886.0,5210.0,182.0,1.61
sugarcane,Clay Loam,Zaid,95.2,43.2,34.6,6.74,29.8,1642.0,16772.0,173.0,60.96
chickpea,Sandy Loam,Rabi,28.1,12.8,10.2,6.97,19.4,602.5,2606.0,51.0,1.43
millets,Loam,Kharif,51.2,23.2,18.6,6.62,34.1,348.8,3174.0,93.0,1.7
wheat,Clay Loam,Rabi,94.1,42.8,34.2,6.89,25.4,630.7,4991.0,171.0,2.87
soybean,Loam,Kharif,34.1,15.5,12.4,6.72,31.3,543.0,3719.0,62.0,1.65
groundnut,Red Soil,Kharif,39.1,17.8,14.2,6.3,27.3,685.8,5234.0,71.0,1.97
millets,Loam,Kharif,39.1,17.8,14.2,6.95,30.7,475.8,2237.0,71.0,1.26
soybean,Black Soil,Kharif,55.0,25.0,20.0,6.12,28.1,541.1,5787.0,100.0,2.38
millets,Loam,Kharif,41.2,18.8,15.0,6.53,31.9,445.3,2497.0,75.0,1.66
wheat,Clay Loam,Rabi,109.5,49.8,39.8,6.52,24.4,582.6,5973.0,199.0,3.25
wheat,Loam,Rabi,101.2,46.0,36.8,6.27,22.4,653.8,3218.0,184.0,2.01
chickpea,Loam,Rabi,44.0,20.0,16.0,7.02,25.3,698.9,3350.0,80.0,1.65
groundnut,Loam,Kharif,67.7,30.8,24.6,6.91,29.7,699.3,4300.0,123.0,2.07
chickpea,Sandy Loam,Rabi,30.8,14.0,11.2,7.08,20.3,359.1,3295.0,56.0,1.63
rice,Alluvial,Kharif,132.6,60.2,48.2,6.29,24.1,1362.1,10331.0,241.0,3.86
rice,Clay Loam,Kharif,71.5,32.5,26.0,6.86,29.7,1666.6,12985.0,130.0,3.52
groundnut,Loam,Kharif,47.9,21.8,17.4,5.71,26.0,510.9,5272.0,87.0,1.82
soybean,Black Soil,Kharif,51.2,23.2,18.6,6.77,26.9,810.9,5285.0,93.0,2.45
chickpea,Sandy Loam,Rabi,44.0,20.0,16.0,7.31,19.7,390.7,2269.0,80.0,1.44
groundnut,Sandy Loam,Kharif,42.4,19.2,15.4,6.42,30.1,846.5,3319.0,77.0,1.46
tomato,Loam,Rabi,122.1,55.5,44.4,6.18,24.4,443.9,6255.0,222.0,24.3
wheat,Clay Loam,Rabi,77.0,35.0,28.0,7.44,25.1,627.5,4198.0,140.0,2.23
potato,Sandy Loam,Rabi,94.6,43.0,34.4,6.07,21.6,512.5,4830.0,172.0,19.26
cotton,Black Soil,Kharif,66.6,30.2,24.2,6.29,23.7,816.6,8468.0,121.0,1.31
chickpea,Black Soil,Rabi,45.1,20.5,16.4,6.81,17.8,457.6,2971.0,82.0,1.48
tomato,Sandy Loam,Kharif,86.4,39.2,31.4,6.02,23.7,482.3,6017.0,157.0,21.99
potato,Loam,Rabi,86.9,39.5,31.6,6.09,23.6,615.6,4759.0,158.0,16.78
tomato,Loam,Rabi,154.0,70.0,56.0,6.31,25.5,544.5,4998.0,280.0,19.9
mustard,Sandy Loam,Rabi,60.5,27.5,22.0,7.45,15.5,236.5,2886.0,110.0,1.38
millets,Sandy Loam,Kharif,44.6,20.2,16.2,6.31,29.7,469.7,3177.0,81.0,2.01
potato,Sandy Loam,Rabi,138.1,62.8,50.2,5.65,18.7,532.6,5031.0,251.0,20.3
mustard,Sandy Loam,Rabi,78.1,35.5,28.4,6.94,17.3,524.6,2196.0,142.0,1.31
chickpea,Loam,Rabi,33.0,15.0,12.0,6.7,27.7,611.2,2679.0,60.0,1.18
soybean,Loam,Kharif,56.1,25.5,20.4,5.76,24.7,768.9,2771.0,102.0,1.04
maize,Red Soil,Zaid,85.8,39.0,31.2,6.05,17.3,820.1,4268.0,156.0,2.58
groundnut,Sandy Loam,Kharif,56.1,25.5,20.4,6.92,29.0,941.7,4197.0,102.0,2.0
chickpea,Sandy Loam,Rabi,43.5,19.8,15.8,6.99,21.9,684.3,2458.0,79.0,1.72
wheat,Alluvial,Rabi,108.4,49.2,39.4,6.85,19.5,729.2,3648.0,197.0,3.34
groundnut,Sandy Loam,Kharif,52.8,24.0,19.2,6.42,28.7,845.1,3987.0,96.0,2.33
mustard,Loam,Rabi,65.5,29.8,23.8,7.14,21.1,397.8,3052.0,119.0,1.38
rice,Clay,Kharif,82.0,37.2,29.8,6.18,26.6,1880.2,9346.0,149.0,3.41
millets,Red Soil,Kharif,31.4,14.2,11.4,6.93,35.5,332.4,2559.0,57.0,1.13
sugarcane,Clay Loam,Zaid,170.0,77.2,61.8,6.58,28.5,1785.8,16849.0,309.0,67.33
chickpea,Loam,Rabi,44.0,20.0,16.0,7.29,20.9,577.1,2137.0,80.0,1.33
cotton,Clay Loam,Kharif,80.9,36.8,29.4,6.41,27.7,1080.0,6047.0,147.0,1.41
rice,Clay,Kharif,78.7,35.8,28.6,6.38,24.3,1740.0,9271.0,143.0,2.8
wheat,Clay Loam,Rabi,68.8,31.2,25.0,6.91,17.1,637.1,5762.0,125.0,3.02
mustard,Loam,Rabi,78.7,35.8,28.6,6.97,22.1,151.2,2250.0,143.0,1.17
tomato,Alluvial,Rabi,94.1,42.8,34.2,6.46,19.8,683.6,6487.0,171.0,20.52
potato,Sandy Loam,Rabi,148.0,67.2,53.8,6.6,17.8,689.3,4915.0,269.0,18.48
wheat,Alluvial,Rabi,91.9,41.8,33.4,6.94,18.6,681.2,5852.0,167.0,3.3
mustard,Loam,Rabi,61.6,28.0,22.4,6.94,17.7,495.3,2924.0,112.0,1.59
millets,Sandy Loam,Kharif,50.1,22.8,18.2,6.31,27.3,169.1,1992.0,91.0,0.94
cotton,Clay Loam,Kharif,91.3,41.5,33.2,6.42,27.8,1081.1,8906.0,166.0,1.77
maize,Alluvial,Rabi,61.1,27.8,22.2,6.23,24.4,825.4,4341.0,111.0,3.24
wheat,Alluvial,Rabi,83.6,38.0,30.4,6.66,18.4,570.5,5212.0,152.0,3.84
cotton,Clay Loam,Kharif,62.7,28.5,22.8,7.82,29.4,1013.7,7664.0,114.0,1.95
potato,Loam,Rabi,85.2,38.8,31.0,6.22,18.7,595.9,4208.0,155.0,18.04
chickpea,Sandy Loam,Rabi,42.4,19.2,15.4,6.58,19.5,577.3,3110.0,77.0,1.55
maize,Red Soil,Zaid,108.4,49.2,39.4,6.52,28.7,648.0,6920.0,197.0,4.67
rice,Clay Loam,Kharif,90.8,41.2,33.0,6.77,25.2,1750.2,8384.0,165.0,3.11
chickpea,Sandy Loam,Rabi,37.4,17.0,13.6,7.32,21.2,385.3,3145.0,68.0,1.48
groundnut,Red Soil,Kharif,60.5,27.5,22.0,6.03,24.9,714.0,4131.0,110.0,2.02
potato,Sandy Loam,Rabi,155.1,70.5,56.4,6.02,19.0,875.9,5448.0,282.0,21.18
millets,Red Soil,Kharif,28.6,13.0,10.4,6.55,29.7,366.6,2926.0,52.0,1.87
tomato,Sandy Loam,Kharif,76.5,34.8,27.8,6.02,28.0,717.6,7676.0,139.0,15.79
cotton,Clay Loam,Kharif,52.8,24.0,19.2,7.32,31.0,823.3,7421.0,96.0,1.75
chickpea,Loam,Rabi,23.7,10.8,8.6,6.99,17.8,636.4,2906.0,43.0,1.29
cotton,Black Soil,Kharif,77.6,35.2,28.2,7.52,30.1,885.4,6773.0,141.0,1.94
wheat,Loam,Rabi,100.7,45.8,36.6,7.67,19.5,722.0,4881.0,183.0,3.05
tomato,Sandy Loam,Rabi,115.0,52.2,41.8,6.65,23.0,528.4,6303.0,209.0,23.97
mustard,Sandy Loam,Rabi,46.8,21.2,17.0,6.92,11.1,372.3,1725.0,85.0,0.59
chickpea,Sandy Loam,Rabi,45.7,20.8,16.6,6.59,22.7,585.9,2094.0,83.0,1.14
tomato,Sandy Loam,Rabi,103.4,47.0,37.6,6.92,29.0,675.6,7340.0,188.0,19.02
maize,Alluvial,Rabi,101.8,46.2,37.0,6.87,24.8,1074.5,5602.0,185.0,5.0
mustard,Loam,Rabi,60.5,27.5,22.0,6.24,15.6,341.5,3151.0,110.0,1.44
cotton,Loam,Kharif,94.6,43.0,34.4,6.96,30.9,754.1,7898.0,172.0,2.16
chickpea,Loam,Rabi,35.8,16.2,13.0,7.63,20.0,422.9,2373.0,65.0,1.33
groundnut,Red Soil,Kharif,38.5,17.5,14.0,6.13,31.4,638.7,2533.0,70.0,0.83
groundnut,Loam,Kharif,67.7,30.8,24.6,6.62,27.6,510.9,4228.0,123.0,2.36
chickpea,Sandy Loam,Rabi,44.6,20.2,16.2,7.43,24.3,666.0,3513.0,81.0,1.57
groundnut,Red Soil,Kharif,52.3,23.8,19.0,6.17,28.7,747.3,5335.0,95.0,2.2
chickpea,Sandy Loam,Rabi,44.0,20.0,16.0,7.29,18.9,522.2,2547.0,80.0,1.38
potato,Loam,Rabi,139.2,63.2,50.6,6.12,23.6,607.1,4299.0,253.0,16.05
wheat,Clay Loam,Rabi,55.0,25.0,20.0,7.08,22.6,839.8,5028.0,100.0,2.85
mustard,Loam,Rabi,39.6,18.0,14.4,6.9,19.7,458.0,2119.0,72.0,1.18
mustard,Alluvial,Rabi,45.1,20.5,16.4,6.74,15.7,517.3,3403.0,82.0,1.2
tomato,Sandy Loam,Kharif,122.7,55.8,44.6,6.21,28.3,725.8,5549.0,223.0,18.67
tomato,Alluvial,Kharif,135.9,61.8,49.4,6.43,25.2,514.2,4758.0,247.0,17.71
sugarcane,Alluvial,Kharif,126.0,57.2,45.8,6.74,26.3,1678.0,21708.0,229.0,67.0
millets,Red Soil,Kharif,36.9,16.8,13.4,6.19,30.2,317.8,3493.0,67.0,1.65
chickpea,Sandy Loam,Rabi,26.4,12.0,9.6,7.85,19.7,400.5,2430.0,48.0,1.05
potato,Loam,Rabi,84.2,38.2,30.6,5.8,16.8,584.8,5426.0,153.0,17.46
wheat,Clay Loam,Rabi,70.4,32.0,25.6,6.47,15.6,427.7,3292.0,128.0,1.93
mustard,Sandy Loam,Rabi,78.7,35.8,28.6,6.83,21.1,523.2,3087.0,143.0,1.58
rice,Clay Loam,Kharif,108.4,49.2,39.4,6.34,25.9,1805.8,12953.0,197.0,4.08
wheat,Alluvial,Rabi,74.8,34.0,27.2,6.32,14.7,666.6,5726.0,136.0,2.65
tomato,Sandy Loam,Zaid,88.6,40.2,32.2,6.73,30.4,762.8,6689.0,161.0,16.54
rice,Alluvial,Kharif,100.1,45.5,36.4,6.48,28.5,1599.9,7623.0,182.0,2.76
sugarcane,Alluvial,Rabi,126.0,57.2,45.8,6.58,33.5,1725.4,12993.0,229.0,40.71
potato,Loam,Rabi,117.7,53.5,42.8,5.87,21.5,699.2,5008.0,214.0,18.13
tomato,Sandy Loam,Kharif,148.0,67.2,53.8,7.28,23.3,724.7,5192.0,269.0,18.52
millets,Red Soil,Kharif,46.8,21.2,17.0,7.2,34.5,399.9,3510.0,85.0,1.75
maize,Alluvial,Zaid,108.4,49.2,39.4,6.72,31.6,719.7,4686.0,197.0,4.02
sugarcane,Clay Loam,Rabi,106.7,48.5,38.8,6.66,30.2,1509.6,12456.0,194.0,47.23
mustard,Alluvial,Rabi,40.7,18.5,14.8,7.1,19.9,210.0,2174.0,74.0,1.03
rice,Alluvial,Kharif,89.1,40.5,32.4,6.21,25.2,1712.5,12629.0,162.0,3.71
wheat,Alluvial,Rabi,94.6,43.0,34.4,7.39,25.2,632.5,6215.0,172.0,2.64
groundnut,Red Soil,Kharif,66.0,30.0,24.0,7.26,32.7,516.2,4287.0,120.0,1.68
sugarcane,Loam,Zaid,165.0,75.0,60.0,6.66,28.3,1496.4,17250.0,300.0,70.19
mustard,Alluvial,Rabi,76.5,34.8,27.8,7.36,20.5,352.0,2716.0,139.0,1.23
wheat,Alluvial,Rabi,60.5,27.5,22.0,6.24,19.6,501.5,5167.0,110.0,2.74
cotton,Black Soil,Kharif,55.0,25.0,20.0,7.36,26.1,1102.1,5371.0,100.0,1.13
cotton,Black Soil,Kharif,91.3,41.5,33.2,7.11,34.2,733.2,8747.0,166.0,1.94
maize,Red Soil,Zaid,107.3,48.8,39.0,5.96,26.4,812.5,5168.0,195.0,5.13
millets,Sandy Loam,Kharif,26.4,12.0,9.6,7.05,28.0,553.9,2235.0,48.0,1.21
sugarcane,Clay Loam,Kharif,179.3,81.5,65.2,7.05,28.2,1475.3,19825.0,326.0,68.51
wheat,Alluvial,Rabi,87.5,39.8,31.8,6.11,20.3,634.6,5839.0,159.0,3.22
tomato,Loam,Kharif,76.5,34.8,27.8,6.84,16.4,596.4,6213.0,139.0,13.71
potato,Sandy Loam,Rabi,89.1,40.5,32.4,5.76,18.9,566.5,3153.0,162.0,11.25
millets,Sandy Loam,Kharif,31.9,14.5,11.6,7.12,27.8,460.0,2458.0,58.0,1.37
cotton,Black Soil,Kharif,84.7,38.5,30.8,7.55,25.8,827.7,7884.0,154.0,1.75
tomato,Loam,Kharif,88.0,40.0,32.0,6.51,26.8,742.1,4286.0,160.0,15.33
wheat,Alluvial,Rabi,77.6,35.2,28.2,7.37,15.9,416.8,4515.0,141.0,2.49
chickpea,Loam,Rabi,33.6,15.2,12.2,6.86,22.7,401.1,3027.0,61.0,1.75
rice,Alluvial,Kharif,110.0,50.0,40.0,6.62,29.1,1711.4,13660.0,200.0,4.36
groundnut,Loam,Kharif,55.0,25.0,20.0,6.39,23.8,659.0,2968.0,100.0,1.28
wheat,Alluvial,Rabi,69.3,31.5,25.2,6.82,24.8,851.4,3232.0,126.0,1.95
mustard,Sandy Loam,Rabi,64.4,29.2,23.4,6.21,16.8,596.3,2319.0,117.0,1.27
mustard,Loam,Rabi,54.5,24.8,19.8,7.07,14.9,216.0,2843.0,99.0,1.37
millets,Loam,Kharif,29.2,13.2,10.6,6.14,29.5,346.3,2872.0,53.0,1.55
rice,Clay Loam,Kharif,122.1,55.5,44.4,5.8,28.3,1678.3,7767.0,222.0,2.66
groundnut,Sandy Loam,Kharif,66.0,30.0,24.0,6.02,26.3,905.1,3477.0,120.0,1.72
soybean,Black Soil,Kharif,40.2,18.2,14.6,6.49,31.3,732.6,2915.0,73.0,1.19
chickpea,Sandy Loam,Rabi,33.0,15.0,12.0,6.74,26.3,356.9,3093.0,60.0,1.38
groundnut,Loam,Kharif,69.9,31.8,25.4,7.05,23.3,504.1,3255.0,127.0,1.3
tomato,Alluvial,Rabi,124.3,56.5,45.2,6.67,25.8,579.6,5435.0,226.0,21.42
tomato,Sandy Loam,Rabi,135.9,61.8,49.4,5.96,23.3,512.4,7798.0,247.0,22.81
tomato,Alluvial,Kharif,100.7,45.8,36.6,6.8,24.0,703.7,4290.0,183.0,16.91
rice,Alluvial,Kharif,97.4,44.2,35.4,6.64,31.5,1749.5,8398.0,177.0,3.06
maize,Sandy Loam,Rabi,70.4,32.0,25.6,6.6,25.5,786.7,5160.0,128.0,4.73
tomato,Loam,Zaid,119.9,54.5,43.6,6.9,25.0,735.5,7484.0,218.0,24.09
millets,Loam,Kharif,51.7,23.5,18.8,7.47,27.9,525.1,2206.0,94.0,1.27
sugarcane,Loam,Zaid,171.6,78.0,62.4,7.01,34.0,1529.2,17681.0,312.0,66.63
maize,Red Soil,Kharif,79.8,36.2,29.0,6.59,27.1,628.7,6268.0,145.0,4.49
wheat,Alluvial,Rabi,83.6,38.0,30.4,7.25,21.4,639.8,5195.0,152.0,3.03
potato,Sandy Loam,Rabi,126.0,57.2,45.8,5.13,17.9,624.3,3946.0,229.0,13.49
tomato,Alluvial,Zaid,128.2,58.2,46.6,6.52,25.6,572.7,4397.0,233.0,16.93
mustard,Alluvial,Rabi,51.2,23.2,18.6,6.17,10.9,258.4,2063.0,93.0,0.84
millets,Red Soil,Kharif,47.3,21.5,17.2,6.54,27.0,291.8,2447.0,86.0,1.45
mustard,Alluvial,Rabi,80.3,36.5,29.2,7.04,17.3,498.6,3303.0,146.0,1.81
rice,Clay,Kharif,90.2,41.0,32.8,6.38,27.2,1687.8,8711.0,164.0,2.94
cotton,Black Soil,Kharif,91.3,41.5,33.2,7.12,32.1,804.0,7671.0,166.0,1.9
maize,Alluvial,Rabi,112.2,51.0,40.8,6.21,26.3,774.2,5171.0,204.0,4.95
wheat,Loam,Rabi,110.6,50.2,40.2,6.43,23.1,470.1,6020.0,201.0,3.22
rice,Clay,Kharif,96.8,44.0,35.2,6.44,29.4,1927.7,12205.0,176.0,4.16
maize,Alluvial,Rabi,95.7,43.5,34.8,6.28,23.7,929.4,5497.0,174.0,4.59
wheat,Clay Loam,Rabi,80.3,36.5,29.2,7.34,25.1,637.8,5481.0,146.0,2.77
sugarcane,Alluvial,Rabi,146.3,66.5,53.2,7.12,31.9,1674.9,12143.0,266.0,41.64
rice,Clay Loam,Kharif,72.6,33.0,26.4,6.32,36.0,1701.2,10038.0,132.0,2.43
maize,Sandy Loam,Kharif,58.3,26.5,21.2,6.22,27.8,748.1,7084.0,106.0,4.1
groundnut,Loam,Kharif,69.9,31.8,25.4,6.5,25.2,757.0,4809.0,127.0,2.09
millets,Sandy Loam,Kharif,45.1,20.5,16.4,5.95,30.2,286.8,3583.0,82.0,1.77
sugarcane,Loam,Rabi,110.6,50.2,40.2,6.0,29.9,1655.4,13022.0,201.0,43.56
wheat,Alluvial,Rabi,101.2,46.0,36.8,7.02,22.6,760.3,3331.0,184.0,2.29
wheat,Loam,Rabi,95.2,43.2,34.6,6.4,17.9,863.0,6089.0,173.0,3.42
rice,Clay,Kharif,111.1,50.5,40.4,6.29,29.5,1732.6,13198.0,202.0,4.19
sugarcane,Alluvial,Kharif,177.7,80.8,64.6,6.69,28.4,1807.1,14908.0,323.0,63.22
groundnut,Loam,Kharif,36.9,16.8,13.4,7.14,26.6,634.4,3174.0,67.0,1.26
mustard,Loam,Rabi,53.9,24.5,19.6,6.69,20.7,184.4,2084.0,98.0,1.03
chickpea,Black Soil,Rabi,47.9,21.8,17.4,7.75,19.2,650.9,2635.0,87.0,1.54
soybean,Black Soil,Kharif,53.4,24.2,19.4,5.99,29.8,798.2,3989.0,97.0,1.8
groundnut,Sandy Loam,Kharif,61.6,28.0,22.4,5.93,28.2,617.7,3566.0,112.0,1.85
maize,Sandy Loam,Rabi,117.2,53.2,42.6,6.46,24.2,955.9,4943.0,213.0,4.93
maize,Alluvial,Rabi,108.9,49.5,39.6,6.11,23.7,738.6,3620.0,198.0,2.9
millets,Red Soil,Kharif,38.0,17.2,13.8,7.26,33.1,400.2,2970.0,69.0,1.94
cotton,Black Soil,Kharif,97.9,44.5,35.6,7.3,30.6,766.0,5502.0,178.0,1.92
mustard,Sandy Loam,Rabi,52.8,24.0,19.2,6.87,19.2,398.9,3539.0,96.0,1.43
maize,Alluvial,Kharif,94.6,43.0,34.4,6.57,26.4,795.5,5761.0,172.0,4.92
rice,Alluvial,Kharif,100.7,45.8,36.6,5.75,27.1,1913.8,8840.0,183.0,3.03
potato,Loam,Rabi,105.6,48.0,38.4,6.91,13.5,395.1,4495.0,192.0,11.51
millets,Loam,Kharif,38.0,17.2,13.8,6.05,33.6,303.0,3512.0,69.0,1.76
maize,Alluvial,Zaid,109.5,49.8,39.8,6.44,27.7,499.6,6115.0,199.0,4.59
cotton,Loam,Kharif,76.5,34.8,27.8,6.5,29.0,833.1,7269.0,139.0,1.93
millets,Loam,Kharif,48.4,22.0,17.6,6.36,36.8,551.5,3730.0,88.0,1.6
tomato,Loam,Rabi,107.8,49.0,39.2,6.57,29.0,765.4,5882.0,196.0,20.26
tomato,Alluvial,Zaid,147.4,67.0,53.6,6.64,17.8,645.8,7154.0,268.0,19.83
cotton,Clay Loam,Kharif,84.7,38.5,30.8,7.4,29.0,871.3,7574.0,154.0,2.21
mustard,Alluvial,Rabi,39.6,18.0,14.4,7.0,20.2,429.0,1720.0,72.0,0.8
maize,Alluvial,Zaid,78.7,35.8,28.6,6.34,24.5,983.1,6562.0,143.0,4.86
rice,Clay Loam,Kharif,111.7,50.8,40.6,6.57,29.8,1616.8,7514.0,203.0,2.54
rice,Clay,Kharif,97.9,44.5,35.6,6.33,33.3,1654.1,11905.0,178.0,3.95
potato,Loam,Rabi,111.7,50.8,40.6,6.12,19.4,478.9,6335.0,203.0,21.49
potato,Sandy Loam,Rabi,82.0,37.2,29.8,6.37,23.0,596.2,5070.0,149.0,14.13
wheat,Clay Loam,Rabi,55.0,25.0,20.0,7.03,20.9,713.6,5255.0,100.0,3.14
tomato,Loam,Zaid,131.5,59.8,47.8,6.43,29.7,522.2,5600.0,239.0,18.39
tomato,Loam,Zaid,88.6,40.2,32.2,6.83,25.9,589.8,5049.0,161.0,17.85
soybean,Black Soil,Kharif,51.7,23.5,18.8,6.85,26.4,920.6,4619.0,94.0,2.43
tomato,Sandy Loam,Rabi,105.1,47.8,38.2,7.01,25.3,607.9,4505.0,191.0,16.22
millets,Loam,Kharif,25.3,11.5,9.2,6.78,29.1,550.6,2680.0,46.0,1.4
chickpea,Sandy Loam,Rabi,46.2,21.0,16.8,7.04,21.2,274.3,1943.0,84.0,1.16
maize,Sandy Loam,Zaid,95.2,43.2,34.6,6.96,29.1,721.6,7068.0,173.0,4.2
chickpea,Sandy Loam,Rabi,45.7,20.8,16.6,7.06,21.3,700.5,3286.0,83.0,1.72
wheat,Alluvial,Rabi,75.9,34.5,27.6,6.61,21.4,606.4,2897.0,138.0,1.92
tomato,Sandy Loam,Zaid,124.9,56.8,45.4,6.05,23.6,860.5,4062.0,227.0,15.53
wheat,Loam,Rabi,62.2,28.2,22.6,7.04,13.1,711.5,3483.0,113.0,1.78
maize,Alluvial,Kharif,77.6,35.2,28.2,6.22,25.0,1009.9,5572.0,141.0,5.11
millets,Red Soil,Kharif,48.4,22.0,17.6,7.01,34.3,649.2,2912.0,88.0,1.99
maize,Alluvial,Rabi,67.1,30.5,24.4,6.93,21.8,713.5,3439.0,122.0,2.0
soybean,Clay Loam,Kharif,60.5,27.5,22.0,7.05,31.0,899.1,5197.0,110.0,1.91
soybean,Clay Loam,Kharif,41.2,18.8,15.0,6.35,26.6,692.0,5337.0,75.0,2.26
maize,Alluvial,Kharif,68.2,31.0,24.8,7.07,25.1,853.9,7015.0,124.0,4.33
wheat,Alluvial,Rabi,93.5,42.5,34.0,6.46,20.6,484.2,3300.0,170.0,2.37
cotton,Black Soil,Kharif,57.2,26.0,20.8,7.27,30.0,968.9,8362.0,104.0,2.05
cotton,Black Soil,Kharif,64.9,29.5,23.6,7.27,26.9,726.3,8436.0,118.0,1.92
sugarcane,Clay Loam,Kharif,97.4,44.2,35.4,6.34,29.8,1914.0,18548.0,177.0,60.81
soybean,Clay Loam,Kharif,45.1,20.5,16.4,6.61,27.3,695.5,3933.0,82.0,2.19
groundnut,Sandy Loam,Kharif,50.1,22.8,18.2,6.41,27.7,817.7,4310.0,91.0,2.41
millets,Red Soil,Kharif,44.6,20.2,16.2,7.0,28.6,592.5,2418.0,81.0,1.37
wheat,Clay Loam,Rabi,72.1,32.8,26.2,6.39,30.0,581.6,5670.0,131.0,2.48
sugarcane,Loam,Zaid,161.7,73.5,58.8,6.66,32.9,1463.2,12287.0,294.0,44.63
millets,Red Soil,Kharif,42.4,19.2,15.4,6.9,33.3,520.3,3123.0,77.0,2.07
maize,Red Soil,Kharif,116.6,53.0,42.4,6.92,30.2,862.4,4754.0,212.0,4.09
soybean,Clay Loam,Kharif,56.7,25.8,20.6,6.38,26.5,697.6,4571.0,103.0,2.38
groundnut,Red Soil,Kharif,60.5,27.5,22.0,6.31,32.0,653.4,4665.0,110.0,1.86
maize,Loam,Rabi,79.2,36.0,28.8,6.54,29.1,810.8,5469.0,144.0,3.85
cotton,Clay Loam,Kharif,92.4,42.0,33.6,7.45,29.9,964.4,5574.0,168.0,1.74
chickpea,Black Soil,Rabi,42.4,19.2,15.4,7.01,24.8,310.5,3741.0,77.0,1.76
sugarcane,Alluvial,Zaid,183.2,83.2,66.6,6.87,24.5,1672.8,14621.0,333.0,47.58
maize,Loam,Kharif,85.8,39.0,31.2,6.8,22.5,880.6,6416.0,156.0,4.22
groundnut,Sandy Loam,Kharif,37.4,17.0,13.6,6.54,26.8,612.0,5374.0,68.0,2.1
soybean,Loam,Kharif,57.8,26.2,21.0,6.82,27.8,798.8,4706.0,105.0,2.28
cotton,Black Soil,Kharif,74.8,34.0,27.2,6.87,33.3,925.0,6125.0,136.0,1.65
potato,Loam,Rabi,153.5,69.8,55.8,5.72,22.3,649.1,5100.0,279.0,19.13
chickpea,Sandy Loam,Rabi,26.4,12.0,9.6,6.71,24.4,490.4,3282.0,48.0,1.27
chickpea,Sandy Loam,Rabi,38.0,17.2,13.8,7.92,23.7,450.5,1802.0,69.0,0.76
soybean,Black Soil,Kharif,52.8,24.0,19.2,6.72,27.8,717.0,5063.0,96.0,2.51
chickpea,Loam,Rabi,44.0,20.0,16.0,6.79,21.3,395.0,2864.0,80.0,1.63
sugarcane,Clay Loam,Rabi,115.5,52.5,42.0,7.41,24.7,1801.0,16056.0,210.0,43.06
millets,Sandy Loam,Kharif,41.2,18.8,15.0,6.96,33.2,447.2,2356.0,75.0,1.42
tomato,Loam,Rabi,85.8,39.0,31.2,7.1,27.7,774.5,7360.0,156.0,17.19
cotton,Black Soil,Kharif,65.5,29.8,23.8,7.36,25.7,961.0,8799.0,119.0,1.55
cotton,Clay Loam,Kharif,77.0,35.0,28.0,7.12,24.3,866.2,4639.0,140.0,0.88
potato,Sandy Loam,Rabi,108.9,49.5,39.6,5.76,14.5,705.8,6052.0,198.0,14.99
soybean,Clay Loam,Kharif,34.7,15.8,12.6,6.4,27.4,825.1,5463.0,63.0,2.05
sugarcane,Alluvial,Rabi,149.6,68.0,54.4,6.88,28.3,1574.9,16574.0,272.0,74.71
mustard,Alluvial,Rabi,70.4,32.0,25.6,7.2,24.2,349.1,2258.0,128.0,1.1
soybean,Loam,Kharif,34.1,15.5,12.4,6.74,27.3,750.2,3958.0,62.0,2.27
tomato,Sandy Loam,Zaid,133.7,60.8,48.6,6.36,26.2,700.4,6325.0,243.0,25.03
tomato,Alluvial,Zaid,143.6,65.2,52.2,6.12,23.2,787.4,6097.0,261.0,24.96
cotton,Black Soil,Kharif,90.2,41.0,32.8,6.54,27.8,1074.0,4362.0,164.0,0.91
millets,Sandy Loam,Kharif,29.7,13.5,10.8,6.33,27.9,600.8,3728.0,54.0,1.49
millets,Red Soil,Kharif,28.1,12.8,10.2,6.48,33.2,526.3,3480.0,51.0,1.65
chickpea,Sandy Loam,Rabi,48.4,22.0,17.6,6.81,25.4,616.9,1990.0,88.0,0.96
potato,Sandy Loam,Rabi,95.2,43.2,34.6,6.34,20.1,397.3,4277.0,173.0,16.96
maize,Alluvial,Zaid,71.0,32.2,25.8,6.36,24.9,908.7,4490.0,129.0,4.1
tomato,Alluvial,Rabi,92.4,42.0,33.6,7.34,27.0,685.1,7313.0,168.0,19.99
potato,Sandy Loam,Rabi,144.7,65.8,52.6,6.76,15.5,595.2,6138.0,263.0,15.99
maize,Alluvial,Rabi,98.5,44.8,35.8,6.97,31.5,829.1,4380.0,179.0,3.37
cotton,Black Soil,Kharif,79.8,36.2,29.0,6.58,32.2,1062.3,5032.0,145.0,1.22
millets,Loam,Kharif,38.0,17.2,13.8,6.37,28.0,385.4,3367.0,69.0,1.63
wheat,Clay Loam,Rabi,103.4,47.0,37.6,6.9,24.3,634.3,4862.0,188.0,3.16
potato,Loam,Rabi,89.7,40.8,32.6,6.38,19.7,533.1,6266.0,163.0,18.03
potato,Loam,Rabi,85.2,38.8,31.0,6.64,18.0,421.1,3964.0,155.0,13.83
soybean,Clay Loam,Kharif,51.2,23.2,18.6,6.72,28.4,842.4,3902.0,93.0,2.2
sugarcane,Loam,Rabi,132.6,60.2,48.2,7.04,29.6,1649.4,17326.0,241.0,66.44
potato,Sandy Loam,Rabi,141.4,64.2,51.4,5.86,14.1,513.5,5397.0,257.0,18.14
sugarcane,Loam,Kharif,162.8,74.0,59.2,7.16,33.5,1549.2,11975.0,296.0,39.83
rice,Clay Loam,Kharif,110.6,50.2,40.2,6.47,25.8,1482.5,7532.0,201.0,2.3
sugarcane,Loam,Zaid,157.9,71.8,57.4,6.66,32.1,1720.9,10850.0,287.0,35.12
chickpea,Black Soil,Rabi,39.6,18.0,14.4,7.09,14.2,489.9,2331.0,72.0,1.01
soybean,Black Soil,Kharif,33.6,15.2,12.2,6.99,22.5,862.1,4279.0,61.0,1.53
cotton,Black Soil,Kharif,88.0,40.0,32.0,7.24,23.8,937.2,8800.0,160.0,1.88
cotton,Black Soil,Kharif,97.4,44.2,35.4,6.88,34.2,761.3,6234.0,177.0,1.69
tomato,Loam,Kharif,109.5,49.8,39.8,6.87,18.7,839.2,5204.0,199.0,17.0
groundnut,Red Soil,Kharif,36.9,16.8,13.4,6.26,25.8,587.0,2955.0,67.0,1.25
rice,Clay Loam,Kharif,91.3,41.5,33.2,6.09,27.8,1567.8,8584.0,166.0,3.39
soybean,Black Soil,Kharif,30.8,14.0,11.2,6.67,28.4,788.9,4818.0,56.0,2.03
soybean,Loam,Kharif,55.6,25.2,20.2,6.26,25.5,717.9,4537.0,101.0,2.21
rice,Clay,Kharif,98.5,44.8,35.8,6.65,28.0,1662.7,14158.0,179.0,4.28
groundnut,Red Soil,Kharif,57.2,26.0,20.8,6.67,34.1,760.3,4510.0,104.0,1.77
maize,Red Soil,Kharif,63.8,29.0,23.2,6.07,24.6,724.7,6538.0,116.0,4.05
mustard,Alluvial,Rabi,61.6,28.0,22.4,6.26,18.6,463.7,1871.0,112.0,0.98
wheat,Clay Loam,Rabi,83.6,38.0,30.4,6.76,16.7,623.1,2987.0,152.0,1.78
potato,Loam,Rabi,145.2,66.0,52.8,5.86,16.6,662.3,4072.0,264.0,18.14
chickpea,Sandy Loam,Rabi,44.0,20.0,16.0,6.78,18.2,528.2,3356.0,80.0,1.57
groundnut,Loam,Kharif,64.9,29.5,23.6,6.54,26.8,776.1,3126.0,118.0,1.71
tomato,Sandy Loam,Zaid,129.8,59.0,47.2,6.51,26.2,857.6,6724.0,236.0,26.29
groundnut,Sandy Loam,Kharif,47.3,21.5,17.2,6.58,25.3,480.1,3764.0,86.0,1.7
wheat,Alluvial,Rabi,60.0,27.2,21.8,7.05,18.2,627.7,5481.0,109.0,2.88
cotton,Clay Loam,Kharif,60.5,27.5,22.0,7.39,31.2,988.5,7015.0,110.0,1.94
maize,Loam,Zaid,69.9,31.8,25.4,6.76,25.8,951.8,3390.0,127.0,2.7
groundnut,Sandy Loam,Kharif,50.1,22.8,18.2,6.42,25.5,506.3,5346.0,91.0,1.91
tomato,Sandy Loam,Zaid,84.2,38.2,30.6,6.49,20.8,574.8,5863.0,153.0,21.56
tomato,Loam,Zaid,101.2,46.0,36.8,7.08,23.5,699.3,4986.0,184.0,19.02
sugarcane,Loam,Rabi,127.1,57.8,46.2,6.78,30.8,1657.5,20496.0,231.0,69.27
cotton,Loam,Kharif,87.5,39.8,31.8,7.23,27.1,1076.8,6416.0,159.0,1.95
mustard,Alluvial,Rabi,59.4,27.0,21.6,7.34,15.8,401.8,2202.0,108.0,1.22
tomato,Loam,Kharif,131.5,59.8,47.8,6.41,25.7,643.8,5778.0,239.0,21.34
millets,Sandy Loam,Kharif,49.0,22.2,17.8,6.64,37.6,563.6,2855.0,89.0,1.66
mustard,Alluvial,Rabi,57.2,26.0,20.8,6.63,10.0,493.0,2430.0,104.0,1.03
maize,Loam,Rabi,117.7,53.5,42.8,6.73,22.1,969.8,4197.0,214.0,3.17
tomato,Alluvial,Rabi,130.4,59.2,47.4,6.17,24.7,847.7,7363.0,237.0,25.1
soybean,Loam,Kharif,62.7,28.5,22.8,5.96,23.7,799.2,4337.0,114.0,1.74
rice,Clay,Kharif,115.5,52.5,42.0,6.68,34.6,1673.4,8876.0,210.0,2.88
sugarcane,Clay Loam,Rabi,106.7,48.5,38.8,6.78,28.5,1709.1,19997.0,194.0,63.23
rice,Clay,Kharif,89.1,40.5,32.4,6.55,28.2,1622.0,10406.0,162.0,4.27
sugarcane,Loam,Rabi,148.0,67.2,53.8,6.32,29.8,1613.7,16684.0,269.0,60.71
soybean,Black Soil,Kharif,45.7,20.8,16.6,7.04,23.7,774.2,5470.0,83.0,1.87
mustard,Sandy Loam,Rabi,74.8,34.0,27.2,7.09,19.3,266.9,3565.0,136.0,1.54
groundnut,Sandy Loam,Kharif,40.7,18.5,14.8,6.17,24.7,845.2,5189.0,74.0,1.7
cotton,Clay Loam,Kharif,96.3,43.8,35.0,7.05,24.7,1022.7,7592.0,175.0,1.83
potato,Sandy Loam,Rabi,151.2,68.8,55.0,6.64,17.4,428.1,4374.0,275.0,15.18
sugarcane,Alluvial,Zaid,187.0,85.0,68.0,6.49,28.9,1736.0,22670.0,340.0,71.74
chickpea,Sandy Loam,Rabi,25.9,11.8,9.4,6.16,14.3,692.6,2271.0,47.0,0.71
maize,Loam,Zaid,78.1,35.5,28.4,6.12,27.1,1040.2,4158.0,142.0,2.87
mustard,Sandy Loam,Rabi,63.3,28.8,23.0,6.43,16.0,553.9,2916.0,115.0,1.51
potato,Sandy Loam,Rabi,92.4,42.0,33.6,6.5,18.9,640.2,5379.0,168.0,15.82
potato,Loam,Rabi,112.2,51.0,40.8,6.65,20.7,657.1,4900.0,204.0,20.03
maize,Red Soil,Rabi,75.9,34.5,27.6,6.27,26.1,1070.7,4055.0,138.0,3.43
chickpea,Loam,Rabi,41.8,19.0,15.2,7.0,12.5,436.4,1985.0,76.0,0.71
millets,Loam,Kharif,48.4,22.0,17.6,6.28,28.7,375.4,3250.0,88.0,1.93
potato,Loam,Rabi,122.7,55.8,44.6,6.03,25.9,726.3,3177.0,223.0,10.67
chickpea,Black Soil,Rabi,25.9,11.8,9.4,7.31,20.8,528.9,2096.0,47.0,1.07
millets,Red Soil,Kharif,44.6,20.2,16.2,7.1,32.6,447.6,3592.0,81.0,2.2
cotton,Black Soil,Kharif,73.7,33.5,26.8,7.41,35.3,925.6,8778.0,134.0,1.69
sugarcane,Alluvial,Rabi,139.7,63.5,50.8,7.08,27.8,1763.9,20674.0,254.0,59.3
millets,Loam,Kharif,27.5,12.5,10.0,6.65,29.5,633.5,3183.0,50.0,1.89
wheat,Clay Loam,Rabi,105.1,47.8,38.2,7.36,24.8,563.0,5261.0,191.0,2.84
tomato,Sandy Loam,Kharif,97.4,44.2,35.4,6.45,20.5,569.7,4545.0,177.0,15.72
rice,Alluvial,Kharif,93.5,42.5,34.0,7.12,22.8,1511.1,11910.0,170.0,2.91
millets,Loam,Kharif,38.0,17.2,13.8,6.47,35.7,342.9,2460.0,69.0,1.49
groundnut,Loam,Kharif,64.4,29.2,23.4,6.94,26.3,622.3,3801.0,117.0,1.77
cotton,Loam,Kharif,74.8,34.0,27.2,6.58,29.7,848.7,8777.0,136.0,1.93
maize,Loam,Zaid,62.7,28.5,22.8,5.62,21.8,906.8,5629.0,114.0,3.01
groundnut,Red Soil,Kharif,34.1,15.5,12.4,6.5,27.9,919.1,4393.0,62.0,1.75
maize,Red Soil,Zaid,88.6,40.2,32.2,6.95,22.0,791.3,4005.0,161.0,2.79
soybean,Loam,Kharif,55.0,25.0,20.0,7.76,27.0,828.8,4277.0,100.0,2.16
groundnut,Loam,Kharif,58.3,26.5,21.2,5.63,31.4,751.5,4275.0,106.0,1.6
sugarcane,Loam,Zaid,119.9,54.5,43.6,6.35,25.6,1592.0,16931.0,218.0,57.35
potato,Sandy Loam,Rabi,151.2,68.8,55.0,5.98,18.6,563.3,4323.0,275.0,20.16
groundnut,Red Soil,Kharif,61.1,27.8,22.2,5.93,28.8,730.6,5372.0,111.0,2.18
tomato,Alluvial,Rabi,101.2,46.0,36.8,6.57,21.6,466.3,5223.0,184.0,20.33
rice,Alluvial,Kharif,72.1,32.8,26.2,6.91,31.9,1629.1,14234.0,131.0,3.29
maize,Sandy Loam,Kharif,81.4,37.0,29.6,6.25,28.7,847.4,3930.0,148.0,3.11
cotton,Clay Loam,Kharif,69.9,31.8,25.4,7.39,25.4,997.5,8886.0,127.0,1.71
potato,Loam,Rabi,93.5,42.5,34.0,6.04,21.4,415.7,4484.0,170.0,16.95
millets,Red Soil,Kharif,51.2,23.2,18.6,6.28,32.2,495.9,3608.0,93.0,2.17
rice,Clay Loam,Kharif,113.9,51.8,41.4,6.64,27.7,1764.4,13119.0,207.0,4.66
millets,Red Soil,Kharif,35.8,16.2,13.0,6.62,36.2,400.2,3169.0,65.0,1.63
tomato,Alluvial,Kharif,137.0,62.2,49.8,6.13,19.8,670.7,6941.0,249.0,19.23
cotton,Clay Loam,Kharif,79.8,36.2,29.0,7.29,31.9,780.1,6902.0,145.0,2.04
groundnut,Red Soil,Kharif,54.5,24.8,19.8,6.07,26.2,665.3,3835.0,99.0,1.96
potato,Loam,Rabi,99.6,45.2,36.2,6.18,18.7,686.1,5600.0,181.0,20.03
rice,Clay Loam,Kharif,101.8,46.2,37.0,6.7,24.0,1785.3,8797.0,185.0,2.7
tomato,Loam,Zaid,116.6,53.0,42.4,6.36,22.8,522.0,5183.0,212.0,20.75
mustard,Sandy Loam,Rabi,74.8,34.0,27.2,7.06,18.4,400.5,2845.0,136.0,1.73
mustard,Alluvial,Rabi,67.7,30.8,24.6,6.5,21.0,150.0,1982.0,123.0,1.06
groundnut,Sandy Loam,Kharif,50.1,22.8,18.2,5.66,26.6,577.2,4699.0,91.0,1.84
sugarcane,Loam,Rabi,191.4,87.0,69.6,6.66,28.1,1611.9,23348.0,348.0,70.83
rice,Clay Loam,Kharif,126.5,57.5,46.0,6.25,25.4,1818.3,13238.0,230.0,3.87
cotton,Black Soil,Kharif,102.9,46.8,37.4,7.47,30.4,864.6,6459.0,187.0,2.06
maize,Red Soil,Kharif,88.0,40.0,32.0,6.78,26.7,1000.2,5968.0,160.0,5.46
groundnut,Loam,Kharif,49.0,22.2,17.8,6.88,30.3,710.9,4097.0,89.0,1.84
groundnut,Sandy Loam,Kharif,51.2,23.2,18.6,6.63,31.8,787.7,3591.0,93.0,1.75
soybean,Black Soil,Kharif,43.5,19.8,15.8,6.48,28.2,670.5,3164.0,79.0,1.53
potato,Loam,Rabi,97.9,44.5,35.6,6.44,19.7,404.4,4047.0,178.0,15.42
millets,Loam,Kharif,46.8,21.2,17.0,6.53,28.6,460.8,3116.0,85.0,1.81
sugarcane,Loam,Rabi,157.3,71.5,57.2,7.55,25.9,1459.0,23097.0,286.0,52.72
chickpea,Black Soil,Rabi,42.4,19.2,15.4,7.35,22.3,614.6,2370.0,77.0,1.4
potato,Sandy Loam,Rabi,145.8,66.2,53.0,5.69,22.4,514.4,4005.0,265.0,16.19
cotton,Loam,Kharif,89.1,40.5,32.4,7.5,26.5,752.0,6776.0,162.0,1.91
mustard,Alluvial,Rabi,76.5,34.8,27.8,6.51,15.5,414.1,2521.0,139.0,1.48
groundnut,Red Soil,Kharif,34.1,15.5,12.4,6.19,23.5,660.1,5312.0,62.0,1.64
tomato,Loam,Kharif,140.2,63.8,51.0,6.13,24.7,866.2,7138.0,255.0,24.56
mustard,Sandy Loam,Rabi,40.7,18.5,14.8,6.85,13.4,344.0,2734.0,74.0,1.17
chickpea,Sandy Loam,Rabi,26.4,12.0,9.6,7.0,24.2,336.3,3115.0,48.0,1.46
groundnut,Red Soil,Kharif,66.0,30.0,24.0,6.62,27.3,718.3,3984.0,120.0,1.97
rice,Clay,Kharif,89.7,40.8,32.6,5.85,31.4,1850.6,14555.0,163.0,3.17
chickpea,Black Soil,Rabi,29.7,13.5,10.8,7.1,25.9,373.5,3499.0,54.0,1.29
chickpea,Loam,Rabi,47.9,21.8,17.4,6.85,23.8,571.2,3714.0,87.0,1.79
soybean,Black Soil,Kharif,33.0,15.0,12.0,6.73,25.1,849.9,3877.0,60.0,1.78
tomato,Sandy Loam,Zaid,122.1,55.5,44.4,6.28,22.8,794.0,4931.0,222.0,20.72
mustard,Loam,Rabi,69.3,31.5,25.2,6.43,18.3,265.0,2852.0,126.0,1.46
rice,Clay Loam,Kharif,74.2,33.8,27.0,6.62,26.2,1843.0,7413.0,135.0,2.13
tomato,Sandy Loam,Kharif,77.0,35.0,28.0,6.37,20.6,750.0,4401.0,140.0,14.52
groundnut,Red Soil,Kharif,53.9,24.5,19.6,6.58,25.9,655.4,3443.0,98.0,1.82
sugarcane,Alluvial,Zaid,116.6,53.0,42.4,6.84,23.7,1536.7,22918.0,212.0,55.73
millets,Sandy Loam,Kharif,35.2,16.0,12.8,6.57,31.7,537.3,1963.0,64.0,1.21
rice,Alluvial,Kharif,82.5,37.5,30.0,7.11,26.1,1638.3,10188.0,150.0,3.25
potato,Loam,Rabi,84.2,38.2,30.6,5.98,15.3,492.5,6275.0,153.0,17.38
soybean,Black Soil,Kharif,41.8,19.0,15.2,7.22,26.0,814.8,5314.0,76.0,2.42
soybean,Black Soil,Kharif,52.8,24.0,19.2,7.32,29.2,941.8,5668.0,96.0,1.97
chickpea,Loam,Rabi,28.6,13.0,10.4,6.66,21.8,393.0,2513.0,52.0,1.48
potato,Sandy Loam,Rabi,131.5,59.8,47.8,6.2,16.4,748.4,4081.0,239.0,16.84
wheat,Clay Loam,Rabi,95.7,43.5,34.8,6.98,20.1,765.5,5141.0,174.0,3.35
chickpea,Sandy Loam,Rabi,47.9,21.8,17.4,6.51,24.1,581.3,1852.0,87.0,0.87
chickpea,Sandy Loam,Rabi,40.7,18.5,14.8,7.55,21.6,618.8,3047.0,74.0,1.46
groundnut,Loam,Kharif,69.3,31.5,25.2,5.66,28.6,750.3,4204.0,126.0,2.17
mustard,Loam,Rabi,74.8,34.0,27.2,7.11,16.9,361.1,3398.0,136.0,1.71
rice,Alluvial,Kharif,115.0,52.2,41.8,6.79,33.6,1884.3,13147.0,209.0,3.59
groundnut,Sandy Loam,Kharif,36.3,16.5,13.2,6.42,27.6,448.9,3320.0,66.0,1.74
soybean,Loam,Kharif,49.5,22.5,18.0,6.7,31.4,827.1,5262.0,90.0,2.15
maize,Red Soil,Zaid,114.4,52.0,41.6,5.98,28.2,812.7,7119.0,208.0,4.81
wheat,Loam,Rabi,59.4,27.0,21.6,7.47,18.3,885.8,4685.0,108.0,2.8
soybean,Black Soil,Kharif,40.7,18.5,14.8,7.0,26.7,599.5,2741.0,74.0,1.17
cotton,Black Soil,Kharif,72.6,33.0,26.4,7.18,28.1,740.9,8368.0,132.0,2.07
groundnut,Red Soil,Kharif,54.5,24.8,19.8,5.97,31.2,871.9,3501.0,99.0,1.64
rice,Clay,Kharif,116.6,53.0,42.4,6.31,21.6,1601.1,13988.0,212.0,3.27
sugarcane,Clay Loam,Rabi,119.9,54.5,43.6,6.42,30.6,1856.9,21551.0,218.0,59.86
millets,Loam,Kharif,42.4,19.2,15.4,7.36,31.6,580.0,2091.0,77.0,1.17
tomato,Sandy Loam,Zaid,139.7,63.5,50.8,7.12,23.0,609.3,7463.0,254.0,25.05
sugarcane,Alluvial,Kharif,122.7,55.8,44.6,6.41,34.1,1510.0,12238.0,223.0,33.69
groundnut,Loam,Kharif,35.2,16.0,12.8,6.95,30.2,623.9,3855.0,64.0,1.61
groundnut,Loam,Kharif,44.6,20.2,16.2,6.31,28.8,599.5,4147.0,81.0,2.14
chickpea,Black Soil,Rabi,43.5,19.8,15.8,6.66,26.5,419.2,2750.0,79.0,1.35
groundnut,Loam,Kharif,42.4,19.2,15.4,6.14,31.2,602.8,3016.0,77.0,1.36
soybean,Loam,Kharif,44.6,20.2,16.2,6.78,32.4,901.5,3281.0,81.0,1.47
soybean,Clay Loam,Kharif,42.9,19.5,15.6,7.01,23.6,935.2,3005.0,78.0,1.33
maize,Sandy Loam,Rabi,69.3,31.5,25.2,6.57,28.7,963.9,6195.0,126.0,4.18
millets,Red Soil,Kharif,46.8,21.2,17.0,6.93,33.0,415.1,2795.0,85.0,1.85
tomato,Loam,Kharif,121.6,55.2,44.2,6.17,24.2,689.2,7708.0,221.0,24.89
cotton,Loam,Kharif,75.9,34.5,27.6,7.32,31.6,931.2,8086.0,138.0,1.76
groundnut,Sandy Loam,Kharif,52.8,24.0,19.2,5.68,22.9,640.7,3020.0,96.0,1.13
chickpea,Black Soil,Rabi,28.6,13.0,10.4,8.14,19.1,587.5,2140.0,52.0,0.86
potato,Loam,Rabi,101.8,46.2,37.0,5.8,14.7,525.7,4076.0,185.0,15.56
tomato,Loam,Zaid,102.9,46.8,37.4,5.98,24.6,476.0,5058.0,187.0,20.13
tomato,Alluvial,Zaid,96.3,43.8,35.0,6.55,23.1,831.7,6711.0,175.0,24.97
chickpea,Sandy Loam,Rabi,45.7,20.8,16.6,7.09,22.4,456.3,1898.0,83.0,1.17
millets,Sandy Loam,Kharif,39.6,18.0,14.4,6.61,34.8,657.9,2374.0,72.0,1.64
rice,Clay,Kharif,109.5,49.8,39.8,7.25,26.7,1812.3,14071.0,199.0,3.87
groundnut,Loam,Kharif,59.4,27.0,21.6,6.34,27.1,671.5,3242.0,108.0,1.85
chickpea,Sandy Loam,Rabi,40.2,18.2,14.6,7.73,22.7,460.5,2624.0,73.0,1.5
groundnut,Red Soil,Kharif,49.5,22.5,18.0,7.7,24.8,619.6,3072.0,90.0,1.18
sugarcane,Loam,Kharif,94.6,43.0,34.4,6.77,28.7,1631.8,17186.0,172.0,66.91
rice,Clay Loam,Kharif,88.0,40.0,32.0,6.8,29.9,1590.1,9308.0,160.0,3.05
soybean,Clay Loam,Kharif,55.6,25.2,20.2,6.5,28.9,908.6,3730.0,101.0,1.9
sugarcane,Loam,Kharif,165.6,75.2,60.2,6.72,30.5,1701.6,15765.0,301.0,68.03
sugarcane,Clay Loam,Zaid,124.3,56.5,45.2,6.76,36.4,1605.1,21230.0,226.0,53.75
maize,Red Soil,Zaid,85.2,38.8,31.0,6.63,27.7,967.9,5626.0,155.0,4.35
rice,Clay Loam,Kharif,64.9,29.5,23.6,6.43,25.1,1700.0,7076.0,118.0,1.89
millets,Sandy Loam,Kharif,27.5,12.5,10.0,6.65,36.7,566.9,1963.0,50.0,0.93
sugarcane,Loam,Kharif,192.5,87.5,70.0,6.82,30.7,1426.5,13813.0,350.0,61.54
tomato,Loam,Kharif,96.3,43.8,35.0,6.63,27.4,732.1,4961.0,175.0,16.48
cotton,Black Soil,Kharif,62.7,28.5,22.8,7.54,28.5,1052.9,5632.0,114.0,1.54
cotton,Loam,Kharif,82.0,37.2,29.8,7.33,28.5,908.4,6165.0,149.0,1.71
rice,Clay Loam,Kharif,122.7,55.8,44.6,7.16,22.1,1468.2,13089.0,223.0,2.97
wheat,Loam,Rabi,57.2,26.0,20.8,6.64,17.5,528.7,3367.0,104.0,1.98
groundnut,Sandy Loam,Kharif,66.0,30.0,24.0,6.38,24.0,604.4,3893.0,120.0,1.84
potato,Loam,Rabi,86.4,39.2,31.4,6.49,21.3,587.9,4354.0,157.0,17.3
wheat,Alluvial,Rabi,56.7,25.8,20.6,6.67,19.1,660.4,3923.0,103.0,2.93
millets,Sandy Loam,Kharif,36.3,16.5,13.2,6.41,25.5,505.6,1948.0,66.0,0.8
sugarcane,Alluvial,Zaid,154.0,70.0,56.0,6.67,28.5,1569.7,21522.0,280.0,70.05
mustard,Loam,Rabi,63.3,28.8,23.0,6.28,17.0,465.1,3397.0,115.0,1.46
maize,Sandy Loam,Rabi,95.7,43.5,34.8,6.92,27.3,871.1,5596.0,174.0,4.42
tomato,Sandy Loam,Rabi,146.9,66.8,53.4,6.38,25.0,443.0,5755.0,267.0,24.05
millets,Red Soil,Kharif,45.7,20.8,16.6,6.97,31.9,502.8,2779.0,83.0,2.08
rice,Clay,Kharif,108.9,49.5,39.6,6.53,28.1,1783.4,8875.0,198.0,3.94
potato,Loam,Rabi,104.0,47.2,37.8,5.83,20.6,610.6,3625.0,189.0,12.61
potato,Sandy Loam,Rabi,117.2,53.2,42.6,6.16,16.6,484.3,5641.0,213.0,17.49
mustard,Alluvial,Rabi,63.3,28.8,23.0,6.24,17.3,191.2,3582.0,115.0,1.37
maize,Alluvial,Kharif,99.6,45.2,36.2,6.27,27.8,1030.7,6912.0,181.0,4.91
chickpea,Sandy Loam,Rabi,33.0,15.0,12.0,7.36,21.4,319.1,2322.0,60.0,1.36
rice,Clay Loam,Kharif,74.8,34.0,27.2,7.11,26.6,1561.1,12816.0,136.0,3.18
potato,Loam,Rabi,80.3,36.5,29.2,4.99,20.4,470.6,6120.0,146.0,14.89
rice,Alluvial,Kharif,71.5,32.5,26.0,6.6,27.5,1705.5,8345.0,130.0,2.93
maize,Sandy Loam,Zaid,88.6,40.2,32.2,6.3,28.4,902.9,4907.0,161.0,4.77
maize,Sandy Loam,Kharif,82.5,37.5,30.0,5.67,23.7,1067.0,6902.0,150.0,4.3
cotton,Clay Loam,Kharif,61.1,27.8,22.2,7.64,33.7,898.7,5651.0,111.0,1.29
tomato,Loam,Rabi,144.7,65.8,52.6,6.31,22.1,768.0,5652.0,263.0,24.18
tomato,Alluvial,Zaid,136.4,62.0,49.6,6.75,19.2,825.2,6283.0,248.0,19.42
wheat,Loam,Rabi,76.5,34.8,27.8,7.02,23.4,726.9,5253.0,139.0,3.47
chickpea,Loam,Rabi,44.0,20.0,16.0,7.11,19.0,465.4,3196.0,80.0,1.56
mustard,Alluvial,Rabi,58.9,26.8,21.4,6.84,18.7,454.3,1842.0,107.0,0.97
maize,Sandy Loam,Zaid,115.0,52.2,41.8,6.14,25.2,764.8,7023.0,209.0,5.1
potato,Loam,Rabi,96.8,44.0,35.2,5.36,21.0,565.5,3638.0,176.0,12.22
groundnut,Loam,Kharif,53.4,24.2,19.4,7.09,28.6,718.1,4754.0,97.0,2.17
sugarcane,Alluvial,Kharif,150.2,68.2,54.6,6.49,28.3,1497.1,17043.0,273.0,66.05
groundnut,Red Soil,Kharif,70.4,32.0,25.6,6.03,26.3,554.7,5456.0,128.0,1.81
wheat,Alluvial,Rabi,60.5,27.5,22.0,6.33,18.4,700.3,3797.0,110.0,2.26
cotton,Clay Loam,Kharif,68.2,31.0,24.8,7.73,32.3,966.3,4779.0,124.0,1.09
tomato,Sandy Loam,Zaid,91.9,41.8,33.4,6.56,17.5,867.6,4485.0,167.0,12.17
maize,Red Soil,Kharif,88.0,40.0,32.0,6.97,29.8,698.6,7007.0,160.0,3.91
sugarcane,Loam,Zaid,99.0,45.0,36.0,6.96,27.9,1757.2,22314.0,180.0,61.82
millets,Loam,Kharif,47.9,21.8,17.4,6.04,35.4,452.9,3196.0,87.0,1.56
cotton,Clay Loam,Kharif,51.2,23.2,18.6,7.8,28.1,860.2,5333.0,93.0,1.14
chickpea,Loam,Rabi,42.4,19.2,15.4,6.41,22.1,665.1,3767.0,77.0,1.6
tomato,Sandy Loam,Zaid,119.4,54.2,43.4,6.06,26.0,400.9,6806.0,217.0,18.46
mustard,Sandy Loam,Rabi,46.2,21.0,16.8,5.87,12.4,443.2,2181.0,84.0,0.79
wheat,Clay Loam,Rabi,104.0,47.2,37.8,6.18,17.9,652.6,4041.0,189.0,2.94
sugarcane,Loam,Kharif,104.0,47.2,37.8,6.29,32.0,1664.3,22082.0,189.0,51.38
rice,Alluvial,Kharif,107.3,48.8,39.0,6.42,32.3,1833.6,12763.0,195.0,3.49
wheat,Clay Loam,Rabi,57.2,26.0,20.8,7.53,25.4,622.0,4084.0,104.0,1.98
chickpea,Sandy Loam,Rabi,27.5,12.5,10.0,6.68,18.0,437.4,2294.0,50.0,1.03
mustard,Alluvial,Rabi,73.2,33.2,26.6,6.57,19.2,335.1,2038.0,133.0,1.2
soybean,Black Soil,Kharif,36.3,16.5,13.2,7.1,30.5,730.8,5030.0,66.0,1.69
chickpea,Sandy Loam,Rabi,36.9,16.8,13.4,6.48,19.2,598.8,2255.0,67.0,1.18
wheat,Clay Loam,Rabi,94.1,42.8,34.2,6.68,24.1,740.8,6002.0,171.0,3.44
potato,Loam,Rabi,162.8,74.0,59.2,5.64,18.5,482.3,5846.0,296.0,20.23
sugarcane,Clay Loam,Kharif,190.9,86.8,69.4,6.34,28.4,1581.2,14664.0,347.0,57.58
groundnut,Loam,Kharif,63.3,28.8,23.0,6.72,29.6,810.2,2635.0,115.0,1.32
rice,Clay,Kharif,111.1,50.5,40.4,7.18,28.3,1516.0,11790.0,202.0,4.01
chickpea,Sandy Loam,Rabi,28.6,13.0,10.4,7.3,18.0,466.1,2433.0,52.0,1.18
wheat,Clay Loam,Rabi,80.9,36.8,29.4,7.36,21.5,577.3,4556.0,147.0,3.23
sugarcane,Loam,Kharif,139.2,63.2,50.6,6.59,34.0,1515.9,15154.0,253.0,54.9
chickpea,Sandy Loam,Rabi,29.2,13.2,10.6,6.54,22.7,557.8,2208.0,53.0,1.2
rice,Clay,Kharif,83.1,37.8,30.2,6.73,27.1,1849.7,13403.0,151.0,3.89
soybean,Loam,Kharif,44.0,20.0,16.0,7.02,33.1,850.0,2988.0,80.0,1.11
cotton,Clay Loam,Kharif,85.2,38.8,31.0,7.07,33.6,925.0,5031.0,155.0,1.23
cotton,Black Soil,Kharif,104.0,47.2,37.8,6.64,34.6,1145.8,7419.0,189.0,1.7
millets,Loam,Kharif,42.4,19.2,15.4,7.28,30.4,485.3,3641.0,77.0,1.82
cotton,Clay Loam,Kharif,88.0,40.0,32.0,6.86,32.4,927.3,8764.0,160.0,2.02
chickpea,Sandy Loam,Rabi,28.6,13.0,10.4,6.99,19.5,570.5,3037.0,52.0,1.62
chickpea,Black Soil,Rabi,38.0,17.2,13.8,7.07,24.5,396.6,3412.0,69.0,1.5
mustard,Alluvial,Rabi,52.8,24.0,19.2,6.87,20.2,440.4,2539.0,96.0,1.36
cotton,Clay Loam,Kharif,71.0,32.2,25.8,7.24,31.8,831.6,9256.0,129.0,1.89
rice,Clay Loam,Kharif,69.9,31.8,25.4,6.45,29.6,1961.4,12842.0,127.0,3.55
soybean,Loam,Kharif,45.1,20.5,16.4,6.87,28.9,721.4,5483.0,82.0,2.26
chickpea,Sandy Loam,Rabi,30.3,13.8,11.0,7.21,23.2,475.3,2125.0,55.0,1.17
wheat,Clay Loam,Rabi,76.5,34.8,27.8,6.86,20.3,558.2,4913.0,139.0,3.82
groundnut,Loam,Kharif,68.8,31.2,25.0,6.96,34.0,690.5,5089.0,125.0,1.62
soybean,Clay Loam,Kharif,55.6,25.2,20.2,6.57,29.3,705.0,4741.0,101.0,2.38
mustard,Sandy Loam,Rabi,64.4,29.2,23.4,6.46,18.3,150.0,2044.0,117.0,1.2
groundnut,Red Soil,Kharif,51.7,23.5,18.8,6.79,34.0,774.0,3169.0,94.0,1.31
sugarcane,Alluvial,Zaid,188.1,85.5,68.4,6.6,29.5,1759.1,12955.0,342.0,55.68
millets,Red Soil,Kharif,27.5,12.5,10.0,7.08,34.7,663.7,2474.0,50.0,1.4
sugarcane,Loam,Kharif,97.4,44.2,35.4,6.64,33.1,1595.6,16039.0,177.0,54.7
cotton,Clay Loam,Kharif,72.6,33.0,26.4,7.0,37.2,967.6,4467.0,132.0,0.82
maize,Sandy Loam,Zaid,57.8,26.2,21.0,6.16,26.7,715.4,3626.0,105.0,2.65
groundnut,Loam,Kharif,60.5,27.5,22.0,7.35,31.0,574.7,3079.0,110.0,1.22
tomato,Alluvial,Zaid,76.5,34.8,27.8,6.98,25.1,523.0,5379.0,139.0,20.16
rice,Alluvial,Kharif,121.0,55.0,44.0,6.71,26.5,1673.5,12831.0,220.0,3.6
potato,Sandy Loam,Rabi,90.2,41.0,32.8,6.11,19.5,548.8,5950.0,164.0,19.66
cotton,Clay Loam,Kharif,94.1,42.8,34.2,6.48,24.6,753.7,7859.0,171.0,1.41
potato,Sandy Loam,Rabi,82.5,37.5,30.0,5.81,18.0,703.2,3515.0,150.0,12.39
cotton,Black Soil,Kharif,69.3,31.5,25.2,6.85,32.7,927.0,7431.0,126.0,1.92
wheat,Alluvial,Rabi,96.3,43.8,35.0,7.02,21.5,640.2,4550.0,175.0,3.19
cotton,Clay Loam,Kharif,102.9,46.8,37.4,7.4,27.0,983.5,6678.0,187.0,2.03
sugarcane,Clay Loam,Kharif,131.5,59.8,47.8,6.36,32.7,1633.1,18274.0,239.0,57.6
groundnut,Loam,Kharif,44.0,20.0,16.0,6.74,29.4,690.8,3516.0,80.0,1.9
rice,Clay Loam,Kharif,122.7,55.8,44.6,6.55,28.5,1598.3,12344.0,223.0,4.52
millets,Red Soil,Kharif,26.4,12.0,9.6,6.9,28.1,551.8,2813.0,48.0,1.54
mustard,Alluvial,Rabi,66.6,30.2,24.2,7.04,19.0,383.4,2146.0,121.0,1.18
mustard,Loam,Rabi,42.4,19.2,15.4,7.66,18.0,241.8,3159.0,77.0,1.23
millets,Red Soil,Kharif,51.7,23.5,18.8,6.45,30.8,507.0,4021.0,94.0,2.19
soybean,Clay Loam,Kharif,44.6,20.2,16.2,6.83,26.8,782.1,5451.0,81.0,2.52
mustard,Loam,Rabi,80.9,36.8,29.4,6.05,15.3,439.8,2699.0,147.0,1.34
millets,Red Soil,Kharif,30.8,14.0,11.2,6.71,30.5,460.8,2680.0,56.0,1.68
millets,Red Soil,Kharif,51.7,23.5,18.8,6.82,29.8,634.2,3524.0,94.0,2.05
wheat,Alluvial,Rabi,110.0,50.0,40.0,6.63,18.2,628.3,4526.0,200.0,3.63
potato,Loam,Rabi,91.9,41.8,33.4,5.41,19.5,654.4,4438.0,167.0,17.09
groundnut,Red Soil,Kharif,63.3,28.8,23.0,6.34,30.0,687.7,5257.0,115.0,2.08
cotton,Clay Loam,Kharif,93.0,42.2,33.8,6.78,34.4,913.8,4689.0,169.0,1.12
groundnut,Loam,Kharif,51.7,23.5,18.8,6.58,25.6,495.9,3328.0,94.0,1.79
cotton,Black Soil,Kharif,59.4,27.0,21.6,6.98,26.2,914.5,4617.0,108.0,0.96
mustard,Alluvial,Rabi,53.9,24.5,19.6,7.09,19.6,413.1,3001.0,98.0,1.26
wheat,Loam,Rabi,69.9,31.8,25.4,6.34,18.8,818.9,3059.0,127.0,1.74
rice,Clay,Kharif,131.5,59.8,47.8,6.74,32.6,1700.0,13223.0,239.0,3.9
sugarcane,Clay Loam,Zaid,107.3,48.8,39.0,6.65,29.3,1645.1,12232.0,195.0,43.66
cotton,Loam,Kharif,57.8,26.2,21.0,6.54,32.4,721.8,6312.0,105.0,1.59
wheat,Clay Loam,Rabi,104.0,47.2,37.8,6.57,19.3,457.9,4748.0,189.0,3.62
sugarcane,Alluvial,Rabi,116.1,52.8,42.2,7.29,29.0,1698.5,22825.0,211.0,60.28
tomato,Alluvial,Rabi,133.1,60.5,48.4,6.49,21.2,797.2,6804.0,242.0,23.99
tomato,Loam,Kharif,92.4,42.0,33.6,7.01,23.8,707.7,7555.0,168.0,22.67
potato,Sandy Loam,Rabi,149.1,67.8,54.2,5.75,13.6,653.9,5995.0,271.0,18.48
soybean,Clay Loam,Kharif,51.2,23.2,18.6,6.73,29.4,766.8,4163.0,93.0,2.36
soybean,Loam,Kharif,30.8,14.0,11.2,6.85,23.3,828.6,5335.0,56.0,1.98
rice,Clay,Kharif,89.1,40.5,32.4,6.15,26.3,1669.3,8886.0,162.0,2.83
rice,Clay Loam,Kharif,66.0,30.0,24.0,6.8,29.7,1660.1,7252.0,120.0,1.93
groundnut,Loam,Kharif,48.4,22.0,17.6,6.53,28.1,683.4,4535.0,88.0,2.19
potato,Loam,Rabi,133.1,60.5,48.4,6.21,17.0,509.0,3474.0,242.0,12.39
rice,Alluvial,Kharif,69.3,31.5,25.2,6.29,27.8,1646.6,13608.0,126.0,4.15
wheat,Alluvial,Rabi,68.2,31.0,24.8,6.49,21.9,758.6,3735.0,124.0,2.77
chickpea,Loam,Rabi,42.9,19.5,15.6,6.27,24.2,426.9,2087.0,78.0,1.15
mustard,Sandy Loam,Rabi,42.4,19.2,15.4,7.15,14.5,352.5,3585.0,77.0,1.25
rice,Alluvial,Kharif,112.8,51.2,41.0,7.02,27.2,1960.5,10740.0,205.0,3.66
cotton,Black Soil,Kharif,103.4,47.0,37.6,7.28,29.6,727.6,6287.0,188.0,2.17
sugarcane,Loam,Kharif,150.7,68.5,54.8,6.89,28.5,1581.0,20712.0,274.0,63.41
chickpea,Black Soil,Rabi,30.8,14.0,11.2,7.6,20.2,654.8,3378.0,56.0,1.37
rice,Clay Loam,Kharif,91.3,41.5,33.2,6.44,26.8,1756.1,10253.0,166.0,3.87
chickpea,Loam,Rabi,33.6,15.2,12.2,7.38,18.4,602.3,2542.0,61.0,1.37
wheat,Clay Loam,Rabi,56.1,25.5,20.4,6.11,21.4,663.1,3279.0,102.0,1.85
tomato,Loam,Kharif,90.8,41.2,33.0,5.92,23.4,590.6,6826.0,165.0,18.73
chickpea,Black Soil,Rabi,28.1,12.8,10.2,6.5,24.0,577.6,3535.0,51.0,1.26
potato,Loam,Rabi,150.2,68.2,54.6,6.29,21.5,600.3,5493.0,273.0,19.64
cotton,Black Soil,Kharif,52.8,24.0,19.2,6.77,34.6,942.9,5621.0,96.0,1.12
sugarcane,Loam,Kharif,112.2,51.0,40.8,6.2,29.9,1567.1,20129.0,204.0,57.28
rice,Clay Loam,Kharif,98.5,44.8,35.8,6.78,35.1,1786.5,12257.0,179.0,3.26
chickpea,Sandy Loam,Rabi,28.6,13.0,10.4,7.55,26.4,496.4,3185.0,52.0,1.25
mustard,Alluvial,Rabi,60.0,27.2,21.8,6.54,17.2,285.6,1773.0,109.0,0.88
groundnut,Loam,Kharif,34.7,15.8,12.6,5.79,26.1,853.6,4464.0,63.0,1.54
soybean,Loam,Kharif,48.4,22.0,17.6,7.0,24.8,793.9,3809.0,88.0,1.89
rice,Alluvial,Kharif,111.7,50.8,40.6,6.45,22.6,1801.9,7353.0,203.0,2.14
tomato,Alluvial,Zaid,123.2,56.0,44.8,6.21,23.1,707.4,3886.0,224.0,14.92
mustard,Loam,Rabi,62.2,28.2,22.6,6.54,17.8,150.0,2720.0,113.0,1.58
groundnut,Sandy Loam,Kharif,68.8,31.2,25.0,5.76,31.6,593.5,3090.0,125.0,1.36
millets,Red Soil,Kharif,44.6,20.2,16.2,7.03,29.8,423.5,3157.0,81.0,1.75
millets,Loam,Kharif,34.7,15.8,12.6,6.45,25.3,494.0,3211.0,63.0,1.3
soybean,Clay Loam,Kharif,51.2,23.2,18.6,6.17,26.0,934.1,2977.0,93.0,1.32
wheat,Alluvial,Rabi,55.6,25.2,20.2,7.03,22.0,692.1,5644.0,101.0,3.15
rice,Alluvial,Kharif,82.5,37.5,30.0,6.65,24.8,1731.6,10361.0,150.0,3.47
sugarcane,Clay Loam,Zaid,159.0,72.2,57.8,6.77,24.6,1645.0,17562.0,289.0,53.86
groundnut,Loam,Kharif,55.0,25.0,20.0,5.97,27.6,681.8,3184.0,100.0,1.63
mustard,Loam,Rabi,76.5,34.8,27.8,6.66,17.8,576.3,1838.0,139.0,1.0
rice,Clay,Kharif,79.2,36.0,28.8,6.54,33.7,1784.8,13811.0,144.0,2.96
potato,Sandy Loam,Rabi,111.7,50.8,40.6,5.35,17.6,803.0,3058.0,203.0,10.14
soybean,Black Soil,Kharif,55.0,25.0,20.0,6.1,26.1,837.6,4086.0,100.0,2.23
cotton,Loam,Kharif,50.6,23.0,18.4,6.96,27.1,905.3,7651.0,92.0,1.66
soybean,Black Soil,Kharif,62.2,28.2,22.6,6.76,24.5,745.1,5544.0,113.0,2.26
maize,Loam,Zaid,80.9,36.8,29.4,6.61,25.7,891.2,6990.0,147.0,4.86
groundnut,Sandy Loam,Kharif,54.5,24.8,19.8,5.78,28.4,679.1,5174.0,99.0,1.94
rice,Alluvial,Kharif,108.4,49.2,39.4,6.05,24.8,1670.3,14367.0,197.0,3.38
sugarcane,Loam,Rabi,168.3,76.5,61.2,6.66,30.4,1805.7,12288.0,306.0,49.54
cotton,Clay Loam,Kharif,57.2,26.0,20.8,7.42,27.4,1003.2,7813.0,104.0,1.72
rice,Alluvial,Kharif,123.8,56.2,45.0,6.43,27.4,1590.9,13003.0,225.0,4.5
potato,Loam,Rabi,107.8,49.0,39.2,5.94,19.5,662.0,3960.0,196.0,17.62
groundnut,Red Soil,Kharif,47.9,21.8,17.4,6.57,35.2,607.7,2980.0,87.0,1.17
maize,Sandy Loam,Kharif,70.4,32.0,25.6,6.73,28.8,727.1,6846.0,128.0,4.16
potato,Sandy Loam,Rabi,111.7,50.8,40.6,5.81,22.0,638.7,4673.0,203.0,18.48
potato,Sandy Loam,Rabi,154.0,70.0,56.0,6.58,18.1,646.4,3758.0,280.0,16.47
soybean,Clay Loam,Kharif,60.5,27.5,22.0,6.96,26.8,814.1,4166.0,110.0,2.3
chickpea,Loam,Rabi,31.4,14.2,11.4,6.45,22.2,484.7,3497.0,57.0,1.64
maize,Alluvial,Kharif,94.6,43.0,34.4,6.83,25.5,774.3,7061.0,172.0,5.2
sugarcane,Alluvial,Kharif,172.2,78.2,62.6,7.13,27.9,1481.8,14401.0,313.0,57.17
sugarcane,Loam,Zaid,162.8,74.0,59.2,6.8,26.2,1570.2,11906.0,296.0,42.14
maize,Alluvial,Kharif,95.2,43.2,34.6,6.22,26.7,663.2,6563.0,173.0,5.19
sugarcane,Loam,Kharif,125.4,57.0,45.6,6.62,31.0,1580.6,21949.0,228.0,63.83
wheat,Alluvial,Rabi,69.9,31.8,25.4,6.32,20.8,647.8,3108.0,127.0,2.29
tomato,Alluvial,Rabi,133.1,60.5,48.4,6.1,25.2,583.6,5472.0,242.0,22.3
rice,Clay,Kharif,77.0,35.0,28.0,6.95,29.5,1953.0,14581.0,140.0,3.03
tomato,Alluvial,Rabi,106.2,48.2,38.6,7.3,22.8,579.3,5792.0,193.0,18.28
millets,Loam,Kharif,25.9,11.8,9.4,6.83,27.2,457.4,3349.0,47.0,1.48
chickpea,Loam,Rabi,29.7,13.5,10.8,6.67,21.5,600.8,2563.0,54.0,1.64
groundnut,Loam,Kharif,36.9,16.8,13.4,7.03,30.6,829.1,3538.0,67.0,1.38
wheat,Clay Loam,Rabi,82.5,37.5,30.0,7.27,17.2,640.1,4992.0,150.0,3.29
tomato,Alluvial,Kharif,83.6,38.0,30.4,5.76,22.9,520.4,4923.0,152.0,16.77
millets,Red Soil,Kharif,46.8,21.2,17.0,6.32,33.2,649.9,2932.0,85.0,1.96
potato,Loam,Rabi,137.0,62.2,49.8,5.5,17.3,519.4,6141.0,249.0,19.26
chickpea,Black Soil,Rabi,33.0,15.0,12.0,7.17,20.6,429.7,2274.0,60.0,1.45
chickpea,Loam,Rabi,34.7,15.8,12.6,7.33,25.6,489.7,2727.0,63.0,1.33
cotton,Loam,Kharif,93.0,42.2,33.8,7.58,32.5,1082.4,5227.0,169.0,1.55
tomato,Alluvial,Kharif,97.4,44.2,35.4,7.01,26.2,607.8,3946.0,177.0,12.15
sugarcane,Clay Loam,Kharif,178.2,81.0,64.8,6.59,22.0,1641.8,14770.0,324.0,53.35
chickpea,Loam,Rabi,29.2,13.2,10.6,6.88,19.9,467.5,2878.0,53.0,1.46
mustard,Loam,Rabi,66.0,30.0,24.0,7.29,26.9,362.9,3232.0,120.0,1.08
groundnut,Loam,Kharif,52.8,24.0,19.2,5.94,25.7,688.5,3573.0,96.0,1.82
rice,Alluvial,Kharif,132.6,60.2,48.2,6.43,32.0,1754.2,8013.0,241.0,2.52
tomato,Sandy Loam,Zaid,112.8,51.2,41.0,6.45,26.7,685.9,6321.0,205.0,22.5
millets,Sandy Loam,Kharif,39.6,18.0,14.4,6.68,34.5,535.6,2614.0,72.0,1.61
mustard,Alluvial,Rabi,58.9,26.8,21.4,6.94,18.2,197.8,2804.0,107.0,1.74
cotton,Black Soil,Kharif,67.7,30.8,24.6,7.29,28.5,955.7,7951.0,123.0,1.9
sugarcane,Alluvial,Zaid,189.2,86.0,68.8,6.56,29.4,1627.7,15699.0,344.0,75.29
cotton,Black Soil,Kharif,81.4,37.0,29.6,7.51,32.9,887.6,9002.0,148.0,1.93
maize,Red Soil,Rabi,62.2,28.2,22.6,5.98,23.7,874.6,3654.0,113.0,2.24
maize,Loam,Kharif,88.6,40.2,32.2,6.65,25.7,601.4,5785.0,161.0,4.26
wheat,Loam,Rabi,92.4,42.0,33.6,6.56,21.6,521.0,5283.0,168.0,3.84
maize,Sandy Loam,Rabi,62.2,28.2,22.6,7.18,26.3,883.7,5133.0,113.0,3.73
rice,Clay,Kharif,117.2,53.2,42.6,6.56,29.7,1695.7,8847.0,213.0,3.4
tomato,Alluvial,Zaid,109.5,49.8,39.8,6.45,25.7,559.5,5834.0,199.0,22.91
millets,Sandy Loam,Kharif,31.4,14.2,11.4,6.83,32.5,478.1,2334.0,57.0,1.42
millets,Red Soil,Kharif,26.4,12.0,9.6,6.81,29.9,384.4,2904.0,48.0,1.41
chickpea,Black Soil,Rabi,31.9,14.5,11.6,6.86,23.5,318.9,2304.0,58.0,1.23
mustard,Sandy Loam,Rabi,76.5,34.8,27.8,6.59,17.5,447.1,3013.0,139.0,1.88
maize,Alluvial,Rabi,69.9,31.8,25.4,6.94,24.7,605.8,3948.0,127.0,3.02
tomato,Alluvial,Kharif,108.4,49.2,39.4,6.48,25.6,667.2,3687.0,197.0,11.86
rice,Clay Loam,Kharif,109.5,49.8,39.8,5.94,28.0,1553.3,12148.0,199.0,3.5
soybean,Black Soil,Kharif,51.7,23.5,18.8,7.29,23.7,730.1,4177.0,94.0,2.12
tomato,Loam,Kharif,117.7,53.5,42.8,6.52,25.4,716.1,5344.0,214.0,20.54
tomato,Loam,Kharif,133.7,60.8,48.6,6.4,22.6,769.2,4933.0,243.0,22.81
groundnut,Sandy Loam,Kharif,60.0,27.2,21.8,6.21,26.9,611.4,4030.0,109.0,2.16
rice,Alluvial,Kharif,73.7,33.5,26.8,7.29,28.5,1596.1,12632.0,134.0,3.37
cotton,Clay Loam,Kharif,53.9,24.5,19.6,7.48,35.0,765.4,6794.0,98.0,1.61
maize,Red Soil,Rabi,67.1,30.5,24.4,6.77,30.5,870.5,4990.0,122.0,3.86
sugarcane,Alluvial,Kharif,156.8,71.2,57.0,6.37,30.2,1481.6,20583.0,285.0,73.32
mustard,Sandy Loam,Rabi,70.4,32.0,25.6,7.36,19.1,446.0,2896.0,128.0,1.38
millets,Loam,Kharif,42.9,19.5,15.6,7.25,35.7,335.0,2339.0,78.0,1.15
potato,Sandy Loam,Rabi,154.0,70.0,56.0,5.87,20.4,390.5,3603.0,280.0,14.56
wheat,Alluvial,Rabi,63.8,29.0,23.2,6.2,20.8,658.3,5810.0,116.0,3.04
rice,Clay Loam,Kharif,89.1,40.5,32.4,6.56,33.0,1853.8,11536.0,162.0,3.54
rice,Alluvial,Kharif,122.1,55.5,44.4,6.41,27.7,1659.0,10498.0,222.0,4.45
rice,Clay,Kharif,126.5,57.5,46.0,6.32,33.8,1791.3,13537.0,230.0,3.86
mustard,Alluvial,Rabi,57.2,26.0,20.8,6.97,18.9,220.1,3229.0,104.0,1.58
rice,Alluvial,Kharif,118.3,53.8,43.0,6.1,30.1,1684.0,12672.0,215.0,3.72
maize,Red Soil,Kharif,75.9,34.5,27.6,6.56,26.4,853.0,3892.0,138.0,3.27
chickpea,Sandy Loam,Rabi,47.3,21.5,17.2,6.18,26.9,561.9,3333.0,86.0,1.4
potato,Loam,Rabi,130.4,59.2,47.4,6.49,24.4,726.9,6303.0,237.0,15.28
soybean,Clay Loam,Kharif,43.5,19.8,15.8,6.68,23.8,754.2,3894.0,79.0,2.12
millets,Loam,Kharif,44.0,20.0,16.0,6.67,29.7,236.6,2463.0,80.0,1.49
soybean,Loam,Kharif,55.0,25.0,20.0,7.63,27.8,916.8,3046.0,100.0,1.2
tomato,Sandy Loam,Kharif,116.1,52.8,42.2,6.2,24.8,647.4,5594.0,211.0,22.1
maize,Sandy Loam,Kharif,71.0,32.2,25.8,6.97,30.6,970.3,5956.0,129.0,3.53
groundnut,Sandy Loam,Kharif,35.8,16.2,13.0,6.36,26.7,891.6,3310.0,65.0,1.57
chickpea,Loam,Rabi,43.5,19.8,15.8,7.34,24.4,398.4,2596.0,79.0,1.59
wheat,Loam,Rabi,110.6,50.2,40.2,6.76,19.1,735.9,3170.0,201.0,2.4
sugarcane,Loam,Kharif,188.7,85.8,68.6,6.6,28.1,1581.1,13512.0,343.0,52.64
soybean,Clay Loam,Kharif,52.3,23.8,19.0,6.61,25.9,912.9,4555.0,95.0,2.45
cotton,Black Soil,Kharif,85.2,38.8,31.0,8.23,28.0,835.8,6970.0,155.0,1.71
sugarcane,Loam,Rabi,144.1,65.5,52.4,6.44,30.0,1512.3,13471.0,262.0,60.72
cotton,Clay Loam,Kharif,65.5,29.8,23.8,7.17,28.4,914.1,8060.0,119.0,2.01
soybean,Black Soil,Kharif,33.0,15.0,12.0,6.14,26.0,977.1,4688.0,60.0,1.95
sugarcane,Loam,Zaid,154.6,70.2,56.2,7.4,29.7,1741.0,14690.0,281.0,54.24
maize,Red Soil,Zaid,116.6,53.0,42.4,6.43,28.6,929.6,6418.0,212.0,4.96
tomato,Loam,Kharif,107.8,49.0,39.2,6.75,21.1,686.3,5118.0,196.0,18.98
chickpea,Loam,Rabi,25.3,11.5,9.2,7.19,16.6,423.8,2913.0,46.0,1.23
rice,Alluvial,Kharif,123.2,56.0,44.8,6.72,30.5,1617.4,9424.0,224.0,3.33
potato,Sandy Loam,Rabi,79.8,36.2,29.0,5.92,19.3,670.5,5873.0,145.0,19.77
chickpea,Loam,Rabi,36.9,16.8,13.4,6.37,25.3,668.9,2869.0,67.0,1.44
maize,Loam,Zaid,107.3,48.8,39.0,6.96,26.4,697.8,4690.0,195.0,4.41
rice,Alluvial,Kharif,82.5,37.5,30.0,6.22,28.1,1737.4,7809.0,150.0,2.8
maize,Red Soil,Zaid,90.8,41.2,33.0,7.0,28.6,899.2,5790.0,165.0,4.43
cotton,Loam,Kharif,85.8,39.0,31.2,7.68,27.4,991.3,9039.0,156.0,1.58
maize,Sandy Loam,Kharif,78.1,35.5,28.4,5.85,28.8,615.4,5858.0,142.0,3.75
chickpea,Black Soil,Rabi,39.6,18.0,14.4,7.02,21.0,572.7,2825.0,72.0,1.94
potato,Loam,Rabi,86.9,39.5,31.6,5.62,22.1,663.0,4014.0,158.0,13.62
rice,Alluvial,Kharif,128.2,58.2,46.6,5.74,27.4,1661.6,11298.0,233.0,4.18
mustard,Loam,Rabi,58.3,26.5,21.2,5.69,21.3,588.4,3268.0,106.0,1.09
cotton,Loam,Kharif,101.8,46.2,37.0,7.71,31.2,813.9,5014.0,185.0,1.22
wheat,Alluvial,Rabi,58.9,26.8,21.4,7.3,22.3,903.3,4398.0,107.0,2.97
rice,Clay,Kharif,68.8,31.2,25.0,6.45,29.8,1836.0,8661.0,125.0,2.85
soybean,Black Soil,Kharif,39.1,17.8,14.2,5.46,29.7,932.8,2909.0,71.0,1.01
sugarcane,Clay Loam,Kharif,99.0,45.0,36.0,6.83,29.3,1873.4,13669.0,180.0,51.81
millets,Loam,Kharif,25.3,11.5,9.2,6.8,33.3,522.2,2414.0,46.0,1.3
wheat,Alluvial,Rabi,74.2,33.8,27.0,6.93,18.0,664.9,3423.0,135.0,2.17
millets,Loam,Kharif,29.2,13.2,10.6,7.24,27.4,332.3,2928.0,53.0,1.35
soybean,Loam,Kharif,54.5,24.8,19.8,6.31,23.3,900.8,2938.0,99.0,1.22
potato,Loam,Rabi,141.9,64.5,51.6,5.53,20.7,786.4,5223.0,258.0,20.65
cotton,Black Soil,Kharif,52.3,23.8,19.0,8.02,26.2,805.9,6776.0,95.0,1.31
millets,Loam,Kharif,44.0,20.0,16.0,7.08,34.2,441.0,3169.0,80.0,1.65
mustard,Loam,Rabi,71.0,32.2,25.8,7.27,14.0,399.8,1937.0,129.0,0.97
chickpea,Loam,Rabi,45.7,20.8,16.6,7.33,24.3,362.2,2509.0,83.0,1.36
maize,Red Soil,Rabi,91.9,41.8,33.4,6.03,28.2,943.0,5510.0,167.0,4.62
maize,Red Soil,Rabi,80.3,36.5,29.2,6.22,22.0,629.9,5980.0,146.0,4.05
tomato,Sandy Loam,Zaid,123.8,56.2,45.0,6.46,21.1,543.7,7605.0,225.0,21.7
tomato,Sandy Loam,Rabi,148.0,67.2,53.8,5.89,24.5,694.2,3666.0,269.0,11.14
chickpea,Sandy Loam,Rabi,35.2,16.0,12.8,6.95,18.9,617.4,2244.0,64.0,1.34
cotton,Clay Loam,Kharif,59.4,27.0,21.6,7.23,33.4,889.2,7668.0,108.0,1.81
tomato,Alluvial,Zaid,148.0,67.2,53.8,6.2,25.5,735.3,7040.0,269.0,23.63
chickpea,Loam,Rabi,34.7,15.8,12.6,7.02,21.8,495.3,1905.0,63.0,1.03
cotton,Black Soil,Kharif,80.3,36.5,29.2,7.46,30.9,806.9,6532.0,146.0,1.85
maize,Loam,Kharif,77.6,35.2,28.2,7.19,25.5,949.6,6445.0,141.0,4.18
tomato,Sandy Loam,Zaid,77.6,35.2,28.2,6.51,23.0,567.3,7020.0,141.0,21.29
mustard,Alluvial,Rabi,57.2,26.0,20.8,6.67,17.4,319.8,3104.0,104.0,1.48
cotton,Clay Loam,Kharif,83.6,38.0,30.4,7.11,28.9,895.1,5865.0,152.0,1.75
mustard,Sandy Loam,Rabi,62.2,28.2,22.6,6.51,23.4,525.8,3424.0,113.0,1.28
groundnut,Loam,Kharif,57.2,26.0,20.8,6.94,31.3,702.0,4312.0,104.0,1.79
mustard,Sandy Loam,Rabi,41.2,18.8,15.0,6.82,20.0,226.9,3100.0,75.0,1.5
mustard,Sandy Loam,Rabi,80.3,36.5,29.2,7.54,22.3,233.3,3194.0,146.0,1.17
maize,Alluvial,Kharif,101.2,46.0,36.8,6.11,25.9,669.9,3621.0,184.0,2.97
maize,Loam,Rabi,62.2,28.2,22.6,6.78,23.9,758.9,6633.0,113.0,4.12
tomato,Loam,Rabi,88.0,40.0,32.0,6.74,25.5,567.4,6969.0,160.0,22.39
rice,Clay Loam,Kharif,66.0,30.0,24.0,6.82,21.9,1801.3,12280.0,120.0,2.66
maize,Loam,Kharif,113.9,51.8,41.4,6.9,28.3,781.6,3435.0,207.0,2.52
groundnut,Sandy Loam,Kharif,51.7,23.5,18.8,6.88,24.9,601.0,5279.0,94.0,1.9
potato,Loam,Rabi,85.8,39.0,31.2,6.27,17.7,631.5,4050.0,156.0,14.68
maize,Sandy Loam,Kharif,75.9,34.5,27.6,6.83,24.9,693.8,7103.0,138.0,4.39
mustard,Loam,Rabi,49.0,22.2,17.8,6.56,20.5,439.0,2428.0,89.0,1.39
groundnut,Red Soil,Kharif,41.8,19.0,15.2,6.36,30.8,829.6,3386.0,76.0,1.61
maize,Alluvial,Zaid,85.8,39.0,31.2,7.64,26.1,897.6,4831.0,156.0,3.85
groundnut,Red Soil,Kharif,52.3,23.8,19.0,6.11,29.3,774.5,3931.0,95.0,1.79
wheat,Loam,Rabi,85.2,38.8,31.0,6.77,22.6,572.4,5757.0,155.0,3.58
groundnut,Loam,Kharif,55.0,25.0,20.0,6.52,26.9,735.9,5217.0,100.0,2.15
millets,Red Soil,Kharif,50.6,23.0,18.4,6.82,34.6,459.8,2462.0,92.0,1.44
groundnut,Sandy Loam,Kharif,62.7,28.5,22.8,6.06,25.6,690.8,3590.0,114.0,1.98
cotton,Black Soil,Kharif,96.8,44.0,35.2,7.35,29.4,1062.6,7258.0,176.0,2.21
groundnut,Loam,Kharif,60.5,27.5,22.0,6.79,27.7,499.4,4611.0,110.0,2.19
sugarcane,Clay Loam,Zaid,131.5,59.8,47.8,6.98,25.9,1470.5,11998.0,239.0,41.57
cotton,Black Soil,Kharif,71.0,32.2,25.8,6.6,28.0,952.1,9110.0,129.0,1.84
chickpea,Black Soil,Rabi,26.4,12.0,9.6,7.21,22.0,392.5,3256.0,48.0,1.56
potato,Sandy Loam,Rabi,155.7,70.8,56.6,5.71,11.0,572.2,5693.0,283.0,14.77
cotton,Black Soil,Kharif,61.6,28.0,22.4,7.51,27.9,1039.3,4888.0,112.0,1.08
millets,Loam,Kharif,35.8,16.2,13.0,6.88,34.5,316.0,2931.0,65.0,1.84
millets,Loam,Kharif,41.8,19.0,15.2,6.65,31.8,413.1,2885.0,76.0,2.02
maize,Sandy Loam,Kharif,69.9,31.8,25.4,7.09,24.4,716.7,4107.0,127.0,3.05
chickpea,Sandy Loam,Rabi,41.2,18.8,15.0,6.85,23.5,506.5,3201.0,75.0,1.5
chickpea,Black Soil,Rabi,24.2,11.0,8.8,7.04,21.4,460.8,3589.0,44.0,1.77
soybean,Loam,Kharif,35.8,16.2,13.0,6.66,30.2,598.5,4052.0,65.0,1.93
millets,Loam,Kharif,29.2,13.2,10.6,6.54,31.7,391.9,2698.0,53.0,1.67
wheat,Clay Loam,Rabi,90.8,41.2,33.0,6.87,21.5,542.4,4329.0,165.0,3.46
millets,Loam,Kharif,51.2,23.2,18.6,7.52,30.5,367.1,2361.0,93.0,1.31
maize,Sandy Loam,Kharif,91.3,41.5,33.2,6.79,25.4,849.6,7092.0,166.0,4.74
cotton,Loam,Kharif,57.2,26.0,20.8,7.04,29.9,869.7,6045.0,104.0,1.8
sugarcane,Loam,Zaid,101.8,46.2,37.0,6.73,32.7,1742.6,14366.0,185.0,50.73
groundnut,Loam,Kharif,60.5,27.5,22.0,6.57,30.3,832.8,3401.0,110.0,1.83
groundnut,Red Soil,Kharif,44.0,20.0,16.0,6.21,32.5,732.6,4378.0,80.0,1.83
soybean,Clay Loam,Kharif,42.4,19.2,15.4,6.42,26.5,791.3,5694.0,77.0,2.22
rice,Alluvial,Kharif,73.7,33.5,26.8,6.19,24.7,1430.5,9024.0,134.0,2.83
sugarcane,Clay Loam,Zaid,164.5,74.8,59.8,6.61,33.0,1757.0,15163.0,299.0,57.01
wheat,Alluvial,Rabi,79.2,36.0,28.8,6.58,20.8,703.0,5678.0,144.0,3.54
wheat,Clay Loam,Rabi,87.5,39.8,31.8,6.55,18.4,689.4,4620.0,159.0,3.35
maize,Red Soil,Kharif,57.8,26.2,21.0,5.97,31.6,926.1,5912.0,105.0,2.97
groundnut,Red Soil,Kharif,34.7,15.8,12.6,6.59,28.7,934.4,4016.0,63.0,1.9
tomato,Alluvial,Zaid,122.1,55.5,44.4,6.83,20.8,574.1,7792.0,222.0,20.84
maize,Alluvial,Kharif,69.3,31.5,25.2,6.48,25.8,753.5,6254.0,126.0,4.47
chickpea,Black Soil,Rabi,42.9,19.5,15.6,6.97,25.9,546.4,2734.0,78.0,1.69
maize,Loam,Kharif,94.1,42.8,34.2,6.47,26.6,874.5,3952.0,171.0,3.23
maize,Alluvial,Rabi,105.6,48.0,38.4,5.87,23.7,921.6,4253.0,192.0,3.07
potato,Loam,Rabi,104.0,47.2,37.8,6.22,18.2,596.6,5943.0,189.0,18.94
sugarcane,Clay Loam,Zaid,141.9,64.5,51.6,6.24,30.9,1787.0,17530.0,258.0,64.28
chickpea,Sandy Loam,Rabi,45.7,20.8,16.6,7.4,19.7,570.1,2768.0,83.0,1.63
sugarcane,Alluvial,Rabi,128.7,58.5,46.8,6.9,28.4,1581.7,12275.0,234.0,41.42
maize,Sandy Loam,Zaid,93.0,42.2,33.8,6.76,23.6,772.8,7010.0,169.0,4.63
potato,Loam,Rabi,88.0,40.0,32.0,6.32,18.5,563.9,5727.0,160.0,19.07
mustard,Loam,Rabi,44.6,20.2,16.2,6.83,20.5,543.6,2166.0,81.0,1.08
chickpea,Black Soil,Rabi,37.4,17.0,13.6,6.73,18.1,556.2,2382.0,68.0,1.28
sugarcane,Loam,Zaid,161.7,73.5,58.8,6.68,27.8,1658.4,17911.0,294.0,70.6
tomato,Alluvial,Zaid,144.7,65.8,52.6,6.08,25.6,481.0,7778.0,263.0,25.89
potato,Loam,Rabi,85.8,39.0,31.2,5.58,13.0,363.1,5811.0,156.0,12.95
mustard,Sandy Loam,Rabi,64.9,29.5,23.6,6.05,20.3,338.8,3610.0,118.0,1.35
wheat,Alluvial,Rabi,100.7,45.8,36.6,6.39,16.1,734.7,3616.0,183.0,2.42
chickpea,Black Soil,Rabi,31.9,14.5,11.6,7.33,25.4,420.8,1762.0,58.0,0.76
millets,Sandy Loam,Kharif,36.3,16.5,13.2,6.36,34.7,423.3,4000.0,66.0,1.62
wheat,Alluvial,Rabi,73.2,33.2,26.6,6.45,16.4,585.5,3249.0,133.0,1.91
maize,Loam,Kharif,73.2,33.2,26.6,6.84,22.2,810.3,4601.0,133.0,3.22
potato,Sandy Loam,Rabi,118.8,54.0,43.2,5.54,15.6,439.7,4175.0,216.0,16.29
cotton,Loam,Kharif,92.4,42.0,33.6,6.96,27.4,807.5,4764.0,168.0,1.2
soybean,Loam,Kharif,34.1,15.5,12.4,7.36,26.7,752.0,2883.0,62.0,1.07
wheat,Loam,Rabi,62.7,28.5,22.8,7.04,18.6,674.0,3792.0,114.0,2.75
chickpea,Loam,Rabi,39.1,17.8,14.2,7.51,21.2,495.1,2783.0,71.0,1.54
sugarcane,Clay Loam,Zaid,138.1,62.8,50.2,6.39,28.3,1527.8,11620.0,251.0,34.23
wheat,Clay Loam,Rabi,90.8,41.2,33.0,6.74,22.2,397.2,3017.0,165.0,1.87
cotton,Loam,Kharif,104.0,47.2,37.8,6.78,33.5,742.4,4464.0,189.0,0.99
mustard,Sandy Loam,Rabi,64.4,29.2,23.4,6.92,18.3,397.6,1691.0,117.0,0.87
groundnut,Red Soil,Kharif,66.6,30.2,24.2,5.97,27.0,676.8,5376.0,121.0,2.01
wheat,Clay Loam,Rabi,97.9,44.5,35.6,5.8,21.4,730.4,3848.0,178.0,2.76
potato,Sandy Loam,Rabi,80.9,36.8,29.4,5.89,15.8,729.6,5011.0,147.0,16.63
groundnut,Loam,Kharif,50.1,22.8,18.2,6.7,28.2,658.9,4211.0,91.0,2.21
groundnut,Loam,Kharif,34.7,15.8,12.6,7.09,31.1,863.5,4959.0,63.0,1.58
groundnut,Loam,Kharif,53.4,24.2,19.4,6.6,31.4,601.5,3571.0,97.0,1.74
mustard,Loam,Rabi,53.4,24.2,19.4,7.13,19.5,445.2,3117.0,97.0,1.38
mustard,Loam,Rabi,56.7,25.8,20.6,6.78,21.3,162.4,3187.0,103.0,1.45
sugarcane,Alluvial,Zaid,130.4,59.2,47.4,7.12,32.4,1799.6,17830.0,237.0,59.6
potato,Sandy Loam,Rabi,120.5,54.8,43.8,6.07,20.1,410.4,3763.0,219.0,16.43
sugarcane,Clay Loam,Rabi,146.3,66.5,53.2,6.78,28.4,1722.1,15026.0,266.0,62.34
wheat,Loam,Rabi,80.3,36.5,29.2,6.42,16.2,582.0,5359.0,146.0,2.92
wheat,Clay Loam,Rabi,61.1,27.8,22.2,7.1,17.0,490.1,3774.0,111.0,2.45
groundnut,Loam,Kharif,68.2,31.0,24.8,5.93,29.9,741.9,5077.0,124.0,1.99
chickpea,Black Soil,Rabi,45.1,20.5,16.4,6.61,23.1,423.6,2261.0,82.0,1.36
sugarcane,Loam,Rabi,150.2,68.2,54.6,5.79,26.6,1552.8,11603.0,273.0,33.23
mustard,Loam,Rabi,76.5,34.8,27.8,6.95,17.8,465.1,1735.0,139.0,0.87
rice,Clay Loam,Kharif,116.1,52.8,42.2,6.31,32.1,1641.3,8268.0,211.0,2.9
chickpea,Sandy Loam,Rabi,43.5,19.8,15.8,7.2,19.2,506.3,2988.0,79.0,1.8
potato,Sandy Loam,Rabi,112.8,51.2,41.0,6.3,11.1,623.7,4601.0,205.0,12.68
potato,Loam,Rabi,160.6,73.0,58.4,5.38,19.4,673.6,3636.0,292.0,13.66
cotton,Black Soil,Kharif,99.6,45.2,36.2,7.56,25.6,740.1,4366.0,181.0,0.94
chickpea,Black Soil,Rabi,34.1,15.5,12.4,8.29,26.2,465.3,3355.0,62.0,1.22
cotton,Loam,Kharif,97.4,44.2,35.4,7.22,30.9,936.9,6898.0,177.0,2.06
mustard,Loam,Rabi,75.4,34.2,27.4,7.24,17.8,386.0,2016.0,137.0,1.09
mustard,Alluvial,Rabi,79.8,36.2,29.0,6.83,19.9,330.8,3635.0,145.0,1.68
maize,Red Soil,Rabi,63.3,28.8,23.0,6.42,27.0,850.0,7034.0,115.0,4.44
chickpea,Black Soil,Rabi,25.3,11.5,9.2,7.26,15.2,622.7,3531.0,46.0,1.0
sugarcane,Clay Loam,Kharif,109.5,49.8,39.8,7.0,34.9,1763.4,11524.0,199.0,33.69
millets,Sandy Loam,Kharif,25.3,11.5,9.2,7.43,33.5,532.5,3453.0,46.0,1.43
tomato,Loam,Zaid,81.4,37.0,29.6,7.57,19.9,674.3,4075.0,148.0,9.34
groundnut,Loam,Kharif,61.1,27.8,22.2,6.41,26.0,744.2,4991.0,111.0,2.1
tomato,Sandy Loam,Kharif,94.1,42.8,34.2,6.23,19.2,634.8,7164.0,171.0,20.84
soybean,Clay Loam,Kharif,38.5,17.5,14.0,6.91,29.2,904.0,4549.0,70.0,1.85
sugarcane,Loam,Kharif,106.2,48.2,38.6,6.61,31.4,1503.9,13414.0,193.0,45.08
wheat,Clay Loam,Rabi,83.1,37.8,30.2,6.83,16.2,632.3,2890.0,151.0,1.65
wheat,Alluvial,Rabi,101.2,46.0,36.8,7.17,14.5,554.6,6135.0,184.0,3.06
wheat,Loam,Rabi,109.5,49.8,39.8,7.43,18.4,670.4,4715.0,199.0,3.31
potato,Sandy Loam,Rabi,155.1,70.5,56.4,5.8,24.7,713.5,3253.0,282.0,10.74
soybean,Clay Loam,Kharif,60.5,27.5,22.0,6.56,22.9,988.9,5021.0,110.0,1.96
potato,Loam,Rabi,141.9,64.5,51.6,6.16,20.6,521.6,4699.0,258.0,20.43
rice,Clay,Kharif,132.0,60.0,48.0,6.37,30.7,1881.2,7883.0,240.0,2.7
tomato,Sandy Loam,Rabi,75.4,34.2,27.4,6.05,29.0,438.1,4474.0,137.0,11.06
maize,Sandy Loam,Rabi,80.9,36.8,29.4,6.71,25.8,928.6,4849.0,147.0,4.51
cotton,Black Soil,Kharif,54.5,24.8,19.8,7.06,28.3,991.7,6112.0,99.0,1.41
mustard,Alluvial,Rabi,45.1,20.5,16.4,6.39,15.1,398.7,1815.0,82.0,0.78
mustard,Loam,Rabi,63.8,29.0,23.2,6.08,20.1,545.4,3505.0,116.0,1.18
potato,Sandy Loam,Rabi,139.2,63.2,50.6,5.6,20.6,532.6,5220.0,253.0,19.07
wheat,Alluvial,Rabi,57.8,26.2,21.0,6.87,16.5,636.0,6236.0,105.0,2.68
wheat,Loam,Rabi,56.7,25.8,20.6,6.65,19.0,821.7,4198.0,103.0,2.88
chickpea,Sandy Loam,Rabi,36.9,16.8,13.4,6.93,21.3,306.5,3564.0,67.0,1.65
groundnut,Red Soil,Kharif,58.9,26.8,21.4,6.45,28.5,545.6,3139.0,107.0,1.72
maize,Sandy Loam,Rabi,94.1,42.8,34.2,6.6,20.8,819.5,4003.0,171.0,3.26
maize,Alluvial,Kharif,105.1,47.8,38.2,6.63,28.2,568.1,3386.0,191.0,2.53
groundnut,Red Soil,Kharif,45.1,20.5,16.4,6.76,23.7,615.5,3693.0,82.0,1.73
mustard,Sandy Loam,Rabi,71.5,32.5,26.0,7.77,16.3,323.1,2510.0,130.0,1.25
maize,Alluvial,Rabi,110.6,50.2,40.2,6.37,23.9,786.3,7037.0,201.0,5.36
wheat,Clay Loam,Rabi,60.5,27.5,22.0,7.27,20.8,567.1,5167.0,110.0,2.88
maize,Sandy Loam,Kharif,74.2,33.8,27.0,6.64,30.6,726.6,6374.0,135.0,3.68
millets,Red Soil,Kharif,48.4,22.0,17.6,6.22,31.2,476.4,3204.0,88.0,1.81
soybean,Black Soil,Kharif,35.2,16.0,12.8,6.86,26.8,795.3,3859.0,64.0,2.1
potato,Sandy Loam,Rabi,127.6,58.0,46.4,5.98,21.9,616.1,3710.0,232.0,15.05
soybean,Loam,Kharif,61.1,27.8,22.2,6.87,26.1,719.9,3949.0,111.0,2.36
maize,Sandy Loam,Zaid,66.0,30.0,24.0,6.22,24.4,617.5,5754.0,120.0,4.68
chickpea,Black Soil,Rabi,44.0,20.0,16.0,6.82,21.4,519.3,3697.0,80.0,1.85
tomato,Sandy Loam,Zaid,77.0,35.0,28.0,6.68,22.4,938.6,5536.0,140.0,18.44
mustard,Alluvial,Rabi,53.9,24.5,19.6,6.75,15.7,308.8,3080.0,98.0,1.47
cotton,Clay Loam,Kharif,60.5,27.5,22.0,7.6,32.7,914.2,7254.0,110.0,1.51
maize,Loam,Zaid,95.7,43.5,34.8,6.65,24.3,891.8,5003.0,174.0,4.51
soybean,Clay Loam,Kharif,41.8,19.0,15.2,6.47,25.0,832.8,4305.0,76.0,2.12
millets,Sandy Loam,Kharif,42.4,19.2,15.4,6.68,33.6,556.1,3530.0,77.0,1.99
maize,Loam,Rabi,101.2,46.0,36.8,7.07,24.1,744.3,5079.0,184.0,4.37
soybean,Loam,Kharif,44.0,20.0,16.0,7.01,21.9,898.9,5446.0,80.0,1.83
chickpea,Sandy Loam,Rabi,24.2,11.0,8.8,6.8,16.3,390.1,2153.0,44.0,0.87
soybean,Black Soil,Kharif,56.7,25.8,20.6,6.49,28.4,698.3,3594.0,103.0,1.96
wheat,Loam,Rabi,90.8,41.2,33.0,6.68,18.6,896.2,5567.0,165.0,3.28
sugarcane,Loam,Zaid,117.7,53.5,42.8,6.93,30.7,1949.3,21838.0,214.0,66.33
sugarcane,Alluvial,Zaid,111.7,50.8,40.6,6.58,28.5,1836.5,19037.0,203.0,63.05
potato,Sandy Loam,Rabi,113.3,51.5,41.2,6.51,25.4,558.6,4749.0,206.0,14.62
mustard,Sandy Loam,Rabi,68.8,31.2,25.0,7.49,19.5,425.2,2720.0,125.0,1.33
maize,Sandy Loam,Rabi,94.1,42.8,34.2,6.38,22.8,1057.3,5865.0,171.0,4.73
millets,Red Soil,Kharif,34.7,15.8,12.6,6.34,32.2,544.8,2749.0,63.0,1.68
mustard,Sandy Loam,Rabi,47.3,21.5,17.2,6.26,15.4,428.1,2332.0,86.0,1.17
wheat,Loam,Rabi,78.7,35.8,28.6,6.64,21.9,752.5,3748.0,143.0,2.76
cotton,Loam,Kharif,61.6,28.0,22.4,7.62,31.3,839.5,5784.0,112.0,1.62
wheat,Clay Loam,Rabi,72.6,33.0,26.4,6.55,19.8,797.8,5937.0,132.0,3.66
potato,Loam,Rabi,87.5,39.8,31.8,6.36,24.7,514.6,3795.0,159.0,11.8
potato,Loam,Rabi,102.9,46.8,37.4,6.27,17.1,693.8,6237.0,187.0,18.68
chickpea,Sandy Loam,Rabi,27.0,12.2,9.8,6.71,24.9,530.8,2679.0,49.0,1.43
sugarcane,Alluvial,Rabi,175.5,79.8,63.8,6.9,26.1,1803.3,20796.0,319.0,63.7
millets,Loam,Kharif,27.5,12.5,10.0,6.62,27.3,551.6,3007.0,50.0,1.44
groundnut,Red Soil,Kharif,44.6,20.2,16.2,6.09,21.6,847.7,4079.0,81.0,1.41
soybean,Clay Loam,Kharif,61.6,28.0,22.4,6.82,29.5,693.7,4040.0,112.0,2.02
wheat,Clay Loam,Rabi,62.7,28.5,22.8,7.24,13.9,638.4,4427.0,114.0,2.53
soybean,Clay Loam,Kharif,58.3,26.5,21.2,6.76,27.6,924.4,5280.0,106.0,2.37
rice,Clay,Kharif,106.7,48.5,38.8,6.3,26.0,1756.9,10463.0,194.0,3.43
cotton,Clay Loam,Kharif,64.4,29.2,23.4,7.58,28.2,685.1,4558.0,117.0,0.99
chickpea,Black Soil,Rabi,27.5,12.5,10.0,7.3,23.6,338.6,3494.0,50.0,1.4
soybean,Clay Loam,Kharif,46.8,21.2,17.0,6.72,23.4,730.9,5118.0,85.0,2.06
wheat,Clay Loam,Rabi,100.7,45.8,36.6,7.28,20.1,634.5,4436.0,183.0,3.1
chickpea,Sandy Loam,Rabi,25.9,11.8,9.4,6.58,28.4,325.8,2012.0,47.0,0.71
millets,Sandy Loam,Kharif,32.5,14.8,11.8,6.04,33.4,492.3,3064.0,59.0,1.66
rice,Clay Loam,Kharif,112.2,51.0,40.8,6.25,22.5,1667.9,13185.0,204.0,3.31
mustard,Sandy Loam,Rabi,81.4,37.0,29.6,6.24,18.8,420.1,2296.0,148.0,1.37
mustard,Loam,Rabi,55.6,25.2,20.2,6.89,11.7,331.8,3531.0,101.0,1.32
tomato,Sandy Loam,Kharif,137.0,62.2,49.8,6.23,24.9,397.9,6687.0,249.0,24.77
tomato,Alluvial,Rabi,80.9,36.8,29.4,6.63,22.2,540.4,4594.0,147.0,16.56
potato,Sandy Loam,Rabi,152.9,69.5,55.6,6.34,20.7,416.3,4300.0,278.0,18.24
soybean,Loam,Kharif,40.7,18.5,14.8,6.87,26.2,699.5,4425.0,74.0,2.24
millets,Sandy Loam,Kharif,27.5,12.5,10.0,6.61,36.9,473.8,2126.0,50.0,1.02
maize,Sandy Loam,Zaid,62.7,28.5,22.8,6.73,27.6,777.6,3595.0,114.0,2.52
potato,Sandy Loam,Rabi,126.0,57.2,45.8,6.16,19.3,476.9,3904.0,229.0,17.7
chickpea,Black Soil,Rabi,26.4,12.0,9.6,6.58,22.5,742.2,2296.0,48.0,1.24
sugarcane,Clay Loam,Kharif,178.8,81.2,65.0,6.78,28.2,1569.2,12742.0,325.0,55.19
tomato,Alluvial,Kharif,127.1,57.8,46.2,6.41,24.0,490.9,5538.0,231.0,24.46
chickpea,Loam,Rabi,40.2,18.2,14.6,6.97,24.0,475.2,2297.0,73.0,1.37
millets,Red Soil,Kharif,46.2,21.0,16.8,6.93,32.7,409.3,2551.0,84.0,1.74
soybean,Black Soil,Kharif,53.4,24.2,19.4,6.25,29.3,961.7,4224.0,97.0,2.27
mustard,Sandy Loam,Rabi,61.6,28.0,22.4,7.21,22.2,402.8,3092.0,112.0,1.19
tomato,Loam,Zaid,134.2,61.0,48.8,7.19,19.1,663.0,4871.0,244.0,17.18
chickpea,Sandy Loam,Rabi,45.7,20.8,16.6,6.16,18.4,526.1,2090.0,83.0,0.96
rice,Alluvial,Kharif,99.0,45.0,36.0,6.65,31.4,1819.2,13799.0,180.0,3.81
maize,Alluvial,Rabi,97.9,44.5,35.6,7.41,26.1,723.6,5965.0,178.0,4.4
sugarcane,Alluvial,Rabi,190.3,86.5,69.2,6.55,28.3,1577.8,14496.0,346.0,54.81
mustard,Loam,Rabi,64.9,29.5,23.6,6.76,21.3,451.3,2641.0,118.0,1.5
groundnut,Red Soil,Kharif,38.5,17.5,14.0,7.17,28.6,848.2,4870.0,70.0,1.82
millets,Loam,Kharif,38.0,17.2,13.8,7.31,38.0,630.7,2234.0,69.0,1.02
rice,Clay Loam,Kharif,108.4,49.2,39.4,6.08,24.3,1540.7,10297.0,197.0,3.33
cotton,Black Soil,Kharif,55.6,25.2,20.2,7.02,28.9,958.2,6911.0,101.0,1.82
mustard,Loam,Rabi,77.6,35.2,28.2,7.08,25.1,469.0,3196.0,141.0,1.09
potato,Sandy Loam,Rabi,154.6,70.2,56.2,6.07,22.5,589.2,3938.0,281.0,16.96
groundnut,Sandy Loam,Kharif,53.9,24.5,19.6,5.99,27.6,863.0,3268.0,98.0,1.61
millets,Loam,Kharif,50.6,23.0,18.4,6.58,39.0,539.3,2326.0,92.0,1.29
maize,Sandy Loam,Zaid,93.0,42.2,33.8,6.81,25.1,809.6,3760.0,169.0,2.61
tomato,Loam,Kharif,148.5,67.5,54.0,6.32,23.9,570.7,7534.0,270.0,25.36
cotton,Clay Loam,Kharif,60.0,27.2,21.8,7.34,37.0,833.1,7752.0,109.0,1.31
soybean,Black Soil,Kharif,53.9,24.5,19.6,6.31,22.2,797.1,4206.0,98.0,1.94
soybean,Clay Loam,Kharif,55.6,25.2,20.2,7.45,23.3,560.1,5227.0,101.0,1.62
maize,Sandy Loam,Zaid,89.1,40.5,32.4,6.16,29.8,770.8,5193.0,162.0,4.09
chickpea,Black Soil,Rabi,27.0,12.2,9.8,7.26,22.7,727.5,3459.0,49.0,1.52
rice,Clay,Kharif,130.4,59.2,47.4,6.47,28.2,1609.3,6916.0,237.0,2.28
tomato,Loam,Rabi,117.2,53.2,42.6,6.49,21.1,669.6,5094.0,213.0,17.16
tomato,Loam,Zaid,155.7,70.8,56.6,6.43,19.1,564.1,4577.0,283.0,16.72
sugarcane,Clay Loam,Rabi,192.5,87.5,70.0,6.85,26.0,1737.8,19914.0,350.0,66.63
mustard,Sandy Loam,Rabi,58.9,26.8,21.4,6.83,17.0,195.6,3011.0,107.0,1.68
wheat,Alluvial,Rabi,105.6,48.0,38.4,7.26,26.2,670.8,5377.0,192.0,2.67
tomato,Alluvial,Zaid,88.0,40.0,32.0,6.24,25.4,802.9,6178.0,160.0,21.13
soybean,Clay Loam,Kharif,60.0,27.2,21.8,7.0,29.4,582.8,4957.0,109.0,2.35
tomato,Loam,Kharif,111.1,50.5,40.4,7.19,26.8,550.0,3867.0,202.0,9.8
millets,Red Soil,Kharif,28.1,12.8,10.2,6.5,34.6,353.0,2398.0,51.0,1.35
groundnut,Loam,Kharif,52.8,24.0,19.2,6.33,22.1,689.3,4300.0,96.0,1.84
rice,Alluvial,Kharif,122.7,55.8,44.6,6.29,28.1,1564.4,11081.0,223.0,4.67
potato,Sandy Loam,Rabi,90.2,41.0,32.8,6.07,24.4,916.9,5015.0,164.0,15.26
millets,Loam,Kharif,49.5,22.5,18.0,6.56,23.8,533.2,2517.0,90.0,1.3
tomato,Loam,Rabi,90.8,41.2,33.0,6.31,18.9,866.9,6192.0,165.0,18.18
cotton,Clay Loam,Kharif,94.6,43.0,34.4,8.08,27.5,942.2,5357.0,172.0,1.37
cotton,Loam,Kharif,51.7,23.5,18.8,7.18,28.6,1042.0,8332.0,94.0,1.79
soybean,Clay Loam,Kharif,50.6,23.0,18.4,7.15,24.5,992.4,3041.0,92.0,1.33
tomato,Alluvial,Rabi,122.1,55.5,44.4,5.4,20.4,586.4,4345.0,222.0,12.48
tomato,Alluvial,Kharif,121.6,55.2,44.2,6.34,22.8,404.0,6542.0,221.0,23.0
sugarcane,Loam,Kharif,135.9,61.8,49.4,6.93,29.1,1723.0,14283.0,247.0,59.0
tomato,Alluvial,Rabi,122.1,55.5,44.4,7.24,20.5,667.3,7177.0,222.0,17.32
mustard,Sandy Loam,Rabi,62.2,28.2,22.6,6.36,17.0,260.1,2880.0,113.0,1.52
groundnut,Loam,Kharif,38.0,17.2,13.8,6.45,30.4,838.6,2761.0,69.0,1.2
soybean,Clay Loam,Kharif,30.8,14.0,11.2,7.05,31.5,849.0,4147.0,56.0,1.72
wheat,Alluvial,Rabi,66.6,30.2,24.2,6.79,16.3,718.5,3469.0,121.0,2.35
maize,Sandy Loam,Zaid,108.4,49.2,39.4,6.4,19.2,867.2,5961.0,197.0,3.81
maize,Loam,Zaid,112.2,51.0,40.8,5.95,32.2,496.9,7039.0,204.0,3.73
maize,Sandy Loam,Kharif,116.1,52.8,42.2,6.91,22.5,808.0,4786.0,211.0,4.11
cotton,Clay Loam,Kharif,75.4,34.2,27.4,7.44,32.8,909.5,6533.0,137.0,1.6
tomato,Loam,Zaid,99.6,45.2,36.2,5.94,22.0,556.5,6550.0,181.0,20.36
groundnut,Red Soil,Kharif,47.9,21.8,17.4,6.07,33.7,654.0,2699.0,87.0,1.04
sugarcane,Clay Loam,Rabi,102.3,46.5,37.2,6.62,26.5,1494.9,17150.0,186.0,57.73
potato,Loam,Rabi,121.0,55.0,44.0,6.02,16.0,608.9,3327.0,220.0,12.52
cotton,Loam,Kharif,103.4,47.0,37.6,7.24,27.4,906.2,8927.0,188.0,1.91
wheat,Loam,Rabi,110.0,50.0,40.0,6.82,19.4,439.2,4696.0,200.0,3.91
wheat,Alluvial,Rabi,87.5,39.8,31.8,6.91,18.5,510.3,3720.0,159.0,2.98
tomato,Alluvial,Zaid,125.4,57.0,45.6,7.34,25.9,666.0,5764.0,228.0,19.8
cotton,Clay Loam,Kharif,69.9,31.8,25.4,7.09,28.4,991.4,5787.0,127.0,1.67
millets,Loam,Kharif,36.9,16.8,13.4,6.08,38.4,481.1,3915.0,67.0,1.19
tomato,Alluvial,Zaid,112.2,51.0,40.8,6.67,21.9,714.4,6661.0,204.0,19.76
wheat,Clay Loam,Rabi,86.9,39.5,31.6,6.64,22.8,532.5,4790.0,158.0,3.43
soybean,Loam,Kharif,62.2,28.2,22.6,7.11,23.6,740.0,4052.0,113.0,2.06
maize,Sandy Loam,Rabi,112.8,51.2,41.0,5.97,29.9,1023.9,5630.0,205.0,4.6
cotton,Black Soil,Kharif,59.4,27.0,21.6,6.74,29.0,920.8,7345.0,108.0,1.65
wheat,Loam,Rabi,109.5,49.8,39.8,7.7,17.6,692.4,5561.0,199.0,2.91
sugarcane,Clay Loam,Rabi,163.9,74.5,59.6,6.66,30.5,1770.7,12959.0,298.0,59.42
potato,Sandy Loam,Rabi,151.8,69.0,55.2,5.8,17.8,387.7,5705.0,276.0,22.2
soybean,Loam,Kharif,31.4,14.2,11.4,6.45,27.2,559.5,4275.0,57.0,2.0
wheat,Loam,Rabi,86.4,39.2,31.4,6.42,23.7,713.0,3506.0,157.0,2.28
wheat,Alluvial,Rabi,76.5,34.8,27.8,7.18,24.2,698.6,5952.0,139.0,3.0
groundnut,Loam,Kharif,51.7,23.5,18.8,7.0,25.7,672.5,5376.0,94.0,1.9
mustard,Alluvial,Rabi,48.4,22.0,17.6,6.74,22.1,453.9,2367.0,88.0,1.42
groundnut,Red Soil,Kharif,60.0,27.2,21.8,5.8,26.8,599.9,4440.0,109.0,1.92
potato,Loam,Rabi,106.2,48.2,38.6,5.45,19.1,630.0,4017.0,193.0,16.12
mustard,Loam,Rabi,50.1,22.8,18.2,7.44,18.1,352.1,2516.0,91.0,1.46
sugarcane,Loam,Kharif,161.2,73.2,58.6,7.06,28.7,1564.8,14454.0,293.0,61.51
millets,Loam,Kharif,37.4,17.0,13.6,7.05,28.2,682.3,1962.0,68.0,0.99
maize,Red Soil,Zaid,78.1,35.5,28.4,6.71,22.2,735.2,7017.0,142.0,4.18
potato,Loam,Rabi,88.6,40.2,32.2,6.84,20.9,528.2,5513.0,161.0,16.16
maize,Sandy Loam,Rabi,114.4,52.0,41.6,6.65,28.1,753.9,6415.0,208.0,5.37
millets,Sandy Loam,Kharif,46.2,21.0,16.8,6.7,32.5,316.3,2577.0,84.0,1.83
tomato,Sandy Loam,Kharif,152.9,69.5,55.6,6.53,26.9,577.5,5967.0,278.0,21.6
chickpea,Sandy Loam,Rabi,39.1,17.8,14.2,6.58,24.1,438.5,3272.0,71.0,1.58
soybean,Loam,Kharif,53.9,24.5,19.6,6.29,24.5,820.9,3357.0,98.0,1.61
maize,Loam,Rabi,104.5,47.5,38.0,6.12,28.4,809.2,5743.0,190.0,4.6
soybean,Black Soil,Kharif,42.9,19.5,15.6,7.33,27.8,580.8,4626.0,78.0,1.92
rice,Alluvial,Kharif,83.1,37.8,30.2,6.82,23.6,1680.5,14796.0,151.0,3.53
maize,Sandy Loam,Zaid,93.5,42.5,34.0,6.56,28.6,646.4,3819.0,170.0,3.36
chickpea,Sandy Loam,Rabi,33.6,15.2,12.2,7.4,23.7,412.3,2777.0,61.0,1.71
groundnut,Red Soil,Kharif,35.2,16.0,12.8,6.52,31.7,843.1,3671.0,64.0,1.66
rice,Alluvial,Kharif,90.2,41.0,32.8,7.23,26.1,1723.7,7745.0,164.0,2.45
cotton,Black Soil,Kharif,86.4,39.2,31.4,6.81,31.2,1068.7,4488.0,157.0,1.01
soybean,Black Soil,Kharif,49.5,22.5,18.0,5.97,31.1,1021.1,4108.0,90.0,1.85
groundnut,Sandy Loam,Kharif,51.7,23.5,18.8,6.54,24.9,841.3,4310.0,94.0,2.04
chickpea,Black Soil,Rabi,36.9,16.8,13.4,7.1,20.2,339.7,2708.0,67.0,1.64
sugarcane,Clay Loam,Rabi,150.7,68.5,54.8,6.68,26.5,1767.8,11783.0,274.0,39.75
sugarcane,Alluvial,Rabi,157.3,71.5,57.2,6.72,32.5,1440.3,11852.0,286.0,42.77
sugarcane,Loam,Rabi,96.8,44.0,35.2,6.66,32.2,1470.3,11094.0,176.0,32.85
millets,Red Soil,Kharif,35.2,16.0,12.8,6.66,28.2,372.0,3032.0,64.0,1.72
groundnut,Loam,Kharif,45.1,20.5,16.4,6.51,23.2,912.1,4596.0,82.0,1.71
wheat,Alluvial,Rabi,107.3,48.8,39.0,6.99,17.2,702.4,5950.0,195.0,3.62
chickpea,Loam,Rabi,24.8,11.2,9.0,7.21,24.6,506.2,1905.0,45.0,0.79
chickpea,Sandy Loam,Rabi,33.0,15.0,12.0,6.31,23.7,521.5,2401.0,60.0,1.28
wheat,Clay Loam,Rabi,110.0,50.0,40.0,6.67,15.0,874.6,3011.0,200.0,1.66
groundnut,Red Soil,Kharif,59.4,27.0,21.6,6.25,32.9,757.4,3504.0,108.0,1.56
sugarcane,Clay Loam,Zaid,117.7,53.5,42.8,6.16,29.4,1677.5,14119.0,214.0,54.53
maize,Alluvial,Rabi,96.3,43.8,35.0,5.58,25.5,744.4,6903.0,175.0,4.01
potato,Sandy Loam,Rabi,130.4,59.2,47.4,6.68,17.0,479.4,3905.0,237.0,14.94
potato,Sandy Loam,Rabi,82.0,37.2,29.8,6.08,19.1,661.3,3288.0,149.0,12.6
cotton,Black Soil,Kharif,88.6,40.2,32.2,7.19,27.0,978.4,4386.0,161.0,1.01
groundnut,Loam,Kharif,69.9,31.8,25.4,6.3,31.9,628.0,3671.0,127.0,1.61
tomato,Alluvial,Rabi,150.7,68.5,54.8,6.56,21.3,766.8,6805.0,274.0,25.05
maize,Alluvial,Kharif,69.9,31.8,25.4,6.51,24.3,860.4,4692.0,127.0,3.86
cotton,Loam,Kharif,82.0,37.2,29.8,6.95,33.5,1155.1,4688.0,149.0,0.99
groundnut,Red Soil,Kharif,40.7,18.5,14.8,6.34,28.9,732.3,4732.0,74.0,2.08
sugarcane,Clay Loam,Kharif,137.0,62.2,49.8,6.85,29.1,1651.8,11360.0,249.0,35.61
soybean,Black Soil,Kharif,49.0,22.2,17.8,6.3,29.3,756.2,3882.0,89.0,2.1
tomato,Alluvial,Rabi,152.9,69.5,55.6,7.0,24.2,700.0,7500.0,278.0,22.97
cotton,Black Soil,Kharif,55.6,25.2,20.2,7.69,25.4,924.1,6222.0,101.0,1.48
tomato,Sandy Loam,Kharif,99.0,45.0,36.0,6.01,19.6,733.0,5063.0,180.0,16.04
groundnut,Loam,Kharif,40.7,18.5,14.8,5.89,26.2,649.9,4218.0,74.0,1.63
cotton,Clay Loam,Kharif,78.7,35.8,28.6,7.08,25.6,1114.1,4979.0,143.0,1.08
rice,Clay,Kharif,79.2,36.0,28.8,6.63,25.7,1536.0,14831.0,144.0,3.49
chickpea,Loam,Rabi,38.5,17.5,14.0,7.51,19.9,544.8,1875.0,70.0,0.9
mustard,Loam,Rabi,77.0,35.0,28.0,6.75,22.5,350.7,2310.0,140.0,1.2
chickpea,Black Soil,Rabi,37.4,17.0,13.6,6.36,27.4,635.1,2481.0,68.0,1.19
tomato,Loam,Rabi,122.7,55.8,44.6,6.64,19.9,627.1,6447.0,223.0,21.57
wheat,Clay Loam,Rabi,65.5,29.8,23.8,6.54,24.7,683.8,5030.0,119.0,2.79
sugarcane,Alluvial,Rabi,177.7,80.8,64.6,7.24,30.0,1653.9,16212.0,323.0,75.17
maize,Loam,Kharif,86.9,39.5,31.6,6.68,25.6,822.7,4868.0,158.0,4.61
tomato,Sandy Loam,Kharif,89.1,40.5,32.4,7.25,27.1,500.2,4918.0,162.0,14.99
millets,Red Soil,Kharif,41.8,19.0,15.2,6.45,25.1,231.6,2257.0,76.0,1.07
potato,Loam,Rabi,151.8,69.0,55.2,6.11,16.7,617.8,4215.0,276.0,18.68
tomato,Loam,Zaid,121.6,55.2,44.2,6.44,19.9,580.0,5328.0,221.0,17.78
rice,Clay Loam,Kharif,113.9,51.8,41.4,7.26,27.6,1698.9,10864.0,207.0,4.09
chickpea,Black Soil,Rabi,45.7,20.8,16.6,8.2,19.9,504.0,2880.0,83.0,1.26
millets,Loam,Kharif,37.4,17.0,13.6,6.82,31.2,571.7,1978.0,68.0,1.09
rice,Clay,Kharif,96.3,43.8,35.0,6.41,29.9,1992.6,10045.0,175.0,3.83
cotton,Black Soil,Kharif,80.3,36.5,29.2,7.02,31.6,1026.5,5867.0,146.0,1.91
maize,Red Soil,Kharif,70.4,32.0,25.6,6.74,24.0,612.3,4471.0,128.0,3.89
cotton,Clay Loam,Kharif,98.5,44.8,35.8,7.11,28.5,1125.4,4679.0,179.0,1.24
groundnut,Loam,Kharif,63.3,28.8,23.0,6.16,29.3,705.3,4079.0,115.0,2.07
chickpea,Black Soil,Rabi,38.0,17.2,13.8,6.76,28.1,321.3,1865.0,69.0,0.76
wheat,Loam,Rabi,66.0,30.0,24.0,6.88,18.6,712.6,3789.0,120.0,2.72
chickpea,Sandy Loam,Rabi,29.7,13.5,10.8,6.89,21.5,277.5,2230.0,54.0,1.24
millets,Loam,Kharif,50.6,23.0,18.4,7.03,28.1,588.6,2903.0,92.0,1.75
sugarcane,Loam,Zaid,111.7,50.8,40.6,6.42,29.5,1548.9,12851.0,203.0,45.12
tomato,Sandy Loam,Rabi,99.0,45.0,36.0,6.06,23.5,564.5,6826.0,180.0,22.65
maize,Sandy Loam,Rabi,100.7,45.8,36.6,6.41,26.0,746.1,4684.0,183.0,4.7
tomato,Sandy Loam,Zaid,79.8,36.2,29.0,6.36,29.8,656.1,5382.0,145.0,15.42
chickpea,Sandy Loam,Rabi,40.7,18.5,14.8,7.26,27.0,662.5,2654.0,74.0,1.34
maize,Loam,Zaid,71.0,32.2,25.8,6.74,24.9,697.2,5030.0,129.0,4.82
maize,Alluvial,Kharif,103.4,47.0,37.6,6.43,28.2,568.9,4744.0,188.0,4.93
wheat,Clay Loam,Rabi,106.2,48.2,38.6,6.6,22.4,651.8,5003.0,193.0,3.68
tomato,Alluvial,Rabi,104.0,47.2,37.8,6.66,30.0,623.7,7701.0,189.0,17.04
maize,Red Soil,Rabi,113.3,51.5,41.2,6.84,25.9,879.4,6597.0,206.0,4.59
mustard,Loam,Rabi,66.6,30.2,24.2,6.48,21.5,243.9,2925.0,121.0,1.37
potato,Loam,Rabi,135.3,61.5,49.2,6.02,12.1,852.4,6219.0,246.0,16.42
millets,Loam,Kharif,44.0,20.0,16.0,6.95,30.2,639.6,2997.0,80.0,1.69
groundnut,Red Soil,Kharif,36.9,16.8,13.4,6.31,28.3,803.1,3452.0,67.0,1.74
potato,Loam,Rabi,146.9,66.8,53.4,6.35,18.1,586.7,6258.0,267.0,20.36
millets,Loam,Kharif,28.1,12.8,10.2,7.05,34.5,495.9,2687.0,51.0,1.37
chickpea,Black Soil,Rabi,26.4,12.0,9.6,6.91,21.9,305.3,2630.0,48.0,1.57
tomato,Loam,Kharif,107.8,49.0,39.2,6.39,17.8,478.2,5096.0,196.0,16.43
millets,Red Soil,Kharif,27.5,12.5,10.0,6.86,34.7,277.3,2010.0,50.0,1.08
mustard,Sandy Loam,Rabi,56.7,25.8,20.6,6.75,18.2,364.4,1978.0,103.0,1.22
sugarcane,Clay Loam,Zaid,151.2,68.8,55.0,6.94,29.6,1692.7,16439.0,275.0,67.18
rice,Alluvial,Kharif,112.8,51.2,41.0,6.71,29.7,1643.4,14473.0,205.0,4.18
cotton,Black Soil,Kharif,63.3,28.8,23.0,6.96,32.8,852.9,9049.0,115.0,1.75
rice,Clay,Kharif,93.0,42.2,33.8,6.81,25.3,1494.2,7395.0,169.0,2.11
soybean,Loam,Kharif,32.5,14.8,11.8,7.52,26.8,605.9,2948.0,59.0,1.18
millets,Red Soil,Kharif,43.5,19.8,15.8,6.92,29.5,455.8,2014.0,79.0,1.1
potato,Loam,Rabi,96.3,43.8,35.0,6.4,15.9,446.8,6289.0,175.0,16.41
rice,Alluvial,Kharif,79.8,36.2,29.0,6.12,34.1,1649.8,11305.0,145.0,3.05
wheat,Loam,Rabi,64.9,29.5,23.6,6.25,25.0,902.2,4829.0,118.0,2.54
wheat,Loam,Rabi,79.8,36.2,29.0,6.31,24.5,733.8,5207.0,145.0,2.82
groundnut,Loam,Kharif,38.5,17.5,14.0,6.5,24.6,565.6,3651.0,70.0,1.55
mustard,Sandy Loam,Rabi,77.6,35.2,28.2,6.98,21.5,414.6,3400.0,141.0,1.51
cotton,Clay Loam,Kharif,94.1,42.8,34.2,7.09,34.3,940.6,8256.0,171.0,1.66
tomato,Alluvial,Rabi,79.2,36.0,28.8,6.45,21.3,746.5,5850.0,144.0,19.65
maize,Sandy Loam,Rabi,60.5,27.5,22.0,6.29,17.8,775.2,5433.0,110.0,3.03
groundnut,Loam,Kharif,44.6,20.2,16.2,6.67,29.3,531.4,4666.0,81.0,1.92
soybean,Black Soil,Kharif,40.2,18.2,14.6,6.86,26.0,811.3,4086.0,73.0,2.12
maize,Loam,Zaid,101.8,46.2,37.0,6.89,21.0,876.7,4901.0,185.0,3.73
soybean,Loam,Kharif,41.2,18.8,15.0,6.93,24.0,977.4,3507.0,75.0,1.69
potato,Loam,Rabi,137.0,62.2,49.8,6.26,19.0,620.1,4182.0,249.0,22.43
mustard,Sandy Loam,Rabi,74.8,34.0,27.2,7.04,19.8,230.9,3574.0,136.0,1.57
millets,Loam,Kharif,48.4,22.0,17.6,6.69,25.5,579.3,3702.0,88.0,1.81
cotton,Loam,Kharif,71.5,32.5,26.0,8.19,31.2,1016.1,5638.0,130.0,1.53
mustard,Loam,Rabi,77.0,35.0,28.0,6.97,21.4,316.9,3499.0,140.0,1.5
chickpea,Black Soil,Rabi,28.1,12.8,10.2,7.61,17.8,454.5,2025.0,51.0,0.77
wheat,Alluvial,Rabi,71.5,32.5,26.0,7.25,17.1,884.6,2993.0,130.0,1.62
millets,Sandy Loam,Kharif,31.4,14.2,11.4,6.93,39.8,635.4,1962.0,57.0,0.84
sugarcane,Loam,Zaid,96.3,43.8,35.0,6.88,32.5,1852.0,15322.0,175.0,50.8
