N,P,K,temperature,humidity,pH,rainfall,soil_type,season,crop
41.2,13.8,12.4,19.6,89.4,6.96,641.6,Sandy Loam,Kharif,chickpea
110.1,68.8,41.8,19.5,66.5,5.6,466.6,Loam,Rabi,potato
135.3,74.6,58.2,25.2,56.9,6.74,1427.5,Loam,Kharif,sugarcane
136.7,38.5,44.9,20.0,78.2,6.54,521.3,Sandy Loam,Rabi,potato
97.8,58.2,35.1,27.1,80.4,5.94,1567.5,Clay,Kharif,rice
49.1,33.6,50.1,23.9,61.6,6.79,1091.7,Loam,Rabi,maize
50.0,52.5,24.6,24.0,60.7,6.58,284.8,Alluvial,Rabi,mustard
94.6,31.6,21.1,31.7,87.9,7.54,974.3,Clay Loam,Rabi,cotton
81.5,41.1,41.7,27.7,47.5,6.03,1910.9,Clay Loam,Kharif,rice
61.7,19.3,9.4,30.1,62.0,6.94,908.4,Sandy Loam,Zaid,groundnut
68.2,32.7,17.8,30.7,64.5,6.48,830.8,Loam,Kharif,cotton
110.1,32.7,57.9,13.3,83.4,6.21,607.2,Clay Loam,Rabi,potato
56.5,14.7,21.7,31.6,79.6,6.86,693.6,Red Soil,Kharif,groundnut
110.7,55.3,45.8,20.1,53.7,5.93,585.8,Red Soil,Zaid,potato
10.0,12.7,17.0,26.7,61.1,7.32,350.9,Black Soil,Rabi,chickpea
23.4,10.1,19.5,20.9,76.0,6.99,558.2,Black Soil,Kharif,soybean
146.5,45.9,43.8,28.8,79.8,6.2,544.6,Sandy Loam,Zaid,tomato
35.6,24.3,19.1,13.8,53.2,6.69,418.3,Alluvial,Rabi,mustard
68.3,8.6,5.0,27.6,55.1,6.08,584.3,Red Soil,Kharif,millets
47.7,9.4,15.6,27.7,34.5,6.54,702.1,Loam,Kharif,soybean
82.7,30.2,34.5,28.2,64.6,7.02,649.6,Sandy Loam,Kharif,cotton
63.2,58.6,32.5,18.8,37.2,6.95,955.1,Alluvial,Rabi,wheat
111.8,59.1,43.8,22.7,58.3,6.72,672.3,Alluvial,Kharif,maize
37.5,17.9,5.0,33.4,40.0,6.46,335.7,Loam,Kharif,millets
89.5,55.9,57.2,25.4,57.4,6.46,797.3,Red Soil,Rabi,maize
110.1,44.0,32.9,24.2,82.4,6.57,696.2,Loam,Zaid,maize
126.2,68.0,26.4,21.0,68.0,6.23,650.1,Red Soil,Rabi,potato
132.1,54.8,51.1,25.6,75.3,7.01,892.8,Sandy Loam,Zaid,tomato
59.4,24.2,55.1,32.5,49.1,7.28,728.0,Loam,Kharif,cotton
67.5,31.8,5.0,35.7,65.5,6.53,404.8,Red Soil,Kharif,millets
12.2,27.5,18.2,27.9,72.4,6.53,599.9,Sandy Loam,Rabi,chickpea
82.2,41.2,22.3,19.4,49.9,6.56,878.8,Sandy Loam,Rabi,maize
82.2,28.1,36.6,25.5,70.7,6.11,798.3,Sandy Loam,Rabi,maize
18.1,10.6,31.9,34.5,79.8,6.74,364.8,Red Soil,Kharif,millets
88.1,35.3,18.8,26.2,95.0,6.96,1177.0,Black Soil,Rabi,cotton
60.8,18.8,22.7,31.8,83.8,6.9,569.0,Sandy Loam,Kharif,millets
79.3,14.0,5.0,14.5,78.3,6.92,186.1,Black Soil,Rabi,mustard
134.0,67.3,31.8,23.3,81.6,6.16,1582.5,Loam,Kharif,sugarcane
83.9,61.7,49.6,25.6,86.9,6.06,456.8,Loam,Rabi,potato
104.8,73.9,36.4,36.1,66.4,7.02,1625.3,Clay Loam,Kharif,sugarcane
33.2,20.9,5.0,25.5,32.8,7.21,820.3,Clay Loam,Kharif,soybean
77.5,34.9,35.3,30.6,62.5,7.31,1019.6,Black Soil,Kharif,cotton
78.7,38.8,20.4,18.8,63.3,7.15,412.2,Loam,Rabi,wheat
51.6,22.8,19.7,18.8,86.8,6.69,549.1,Clay Loam,Rabi,wheat
32.6,5.0,15.2,25.7,73.0,6.71,1015.3,Black Soil,Kharif,soybean
146.0,78.8,60.2,29.2,44.4,7.31,1608.8,Loam,Zaid,sugarcane
103.7,58.4,51.3,25.0,61.9,7.14,569.8,Sandy Loam,Kharif,tomato
118.6,61.6,28.6,27.4,66.0,6.33,426.9,Loam,Rabi,tomato
66.8,46.1,27.3,24.1,68.1,7.39,718.0,Loam,Rabi,wheat
110.9,68.2,44.9,23.3,72.9,6.24,564.0,Loam,Rabi,tomato
47.4,22.9,13.0,26.7,76.8,6.47,601.6,Sandy Loam,Kharif,groundnut
75.8,37.5,21.3,35.7,62.8,7.59,1182.9,Black Soil,Kharif,cotton
109.0,30.7,35.5,26.2,70.6,6.36,1784.4,Clay Loam,Kharif,rice
128.4,37.6,24.2,30.6,64.3,6.05,985.4,Loam,Rabi,maize
93.6,26.1,26.5,18.1,64.7,6.34,681.4,Clay Loam,Rabi,wheat
39.4,31.9,28.4,25.4,72.8,7.08,1054.0,Black Soil,Kharif,soybean
58.6,25.6,19.8,19.4,55.6,6.78,693.6,Sandy Loam,Rabi,mustard
73.9,24.1,28.5,23.2,46.5,7.45,406.8,Sandy Loam,Rabi,mustard
108.5,44.0,33.4,22.2,51.0,6.23,277.2,Sandy Loam,Kharif,tomato
47.9,38.1,15.5,29.6,58.5,7.01,716.4,Clay,Kharif,groundnut
32.8,14.5,9.2,27.1,52.7,6.11,705.8,Red Soil,Kharif,groundnut
89.0,29.8,30.6,26.8,67.0,6.74,942.8,Sandy Loam,Rabi,maize
10.7,18.5,10.1,31.5,57.3,6.54,270.5,Sandy Loam,Kharif,millets
83.1,66.8,42.4,18.4,79.2,5.93,393.0,Alluvial,Rabi,potato
56.8,40.0,39.3,20.5,76.7,7.45,878.8,Clay Loam,Rabi,cotton
33.0,22.9,15.4,21.7,64.5,6.86,595.5,Loam,Rabi,chickpea
124.6,63.1,45.8,19.5,64.5,6.04,581.7,Sandy Loam,Rabi,potato
130.7,69.5,44.4,18.2,65.5,6.03,426.4,Sandy Loam,Rabi,potato
104.2,46.0,29.7,20.1,50.8,6.78,366.0,Alluvial,Rabi,wheat
108.6,49.6,25.8,23.8,39.7,6.27,452.1,Sandy Loam,Kharif,tomato
177.2,76.6,60.9,27.0,57.2,6.9,1372.2,Sandy Loam,Kharif,sugarcane
49.9,26.9,34.6,35.5,81.2,6.27,1805.9,Clay,Zaid,rice
64.7,51.1,19.0,29.6,82.6,7.36,1155.4,Clay Loam,Kharif,cotton
58.3,26.1,41.4,20.9,74.6,6.67,345.2,Sandy Loam,Rabi,mustard
52.9,27.7,23.6,33.5,69.8,7.13,762.7,Loam,Kharif,cotton
83.1,38.7,30.6,25.7,53.8,7.32,734.3,Loam,Zaid,maize
157.6,60.4,77.5,31.6,81.1,6.93,1678.1,Clay Loam,Zaid,sugarcane
53.4,21.9,18.4,20.7,64.0,7.01,499.7,Alluvial,Rabi,chickpea
55.3,21.5,5.0,33.8,78.7,7.2,707.7,Loam,Kharif,soybean
39.5,23.8,25.7,23.4,60.0,6.14,546.5,Black Soil,Rabi,chickpea
27.2,12.5,13.1,29.4,61.4,6.97,489.5,Sandy Loam,Kharif,millets
165.0,71.7,48.3,30.9,91.1,7.21,1700.1,Black Soil,Zaid,sugarcane
36.3,32.2,5.7,33.4,80.5,6.37,604.6,Red Soil,Kharif,millets
150.7,65.1,42.4,24.0,55.8,6.33,445.0,Sandy Loam,Rabi,potato
64.0,27.5,39.7,27.6,62.0,7.4,915.4,Clay Loam,Zaid,cotton
72.2,8.9,22.5,25.0,66.8,6.72,804.4,Loam,Kharif,soybean
54.9,12.7,24.9,16.2,76.8,7.03,616.6,Black Soil,Rabi,chickpea
24.2,15.5,16.9,27.6,93.2,6.96,391.1,Sandy Loam,Rabi,chickpea
105.9,68.8,45.1,32.5,85.8,6.06,1624.3,Loam,Kharif,sugarcane
83.0,10.1,23.3,21.1,69.4,6.05,1881.5,Clay Loam,Kharif,rice
45.4,9.6,19.8,24.2,79.6,6.83,745.0,Clay Loam,Kharif,soybean
59.9,21.7,15.2,22.4,71.0,6.86,647.1,Clay Loam,Kharif,soybean
20.5,7.8,13.1,25.8,80.7,6.59,959.3,Loam,Kharif,soybean
61.2,11.8,33.8,29.3,54.6,6.65,505.4,Sandy Loam,Kharif,millets
130.2,70.2,53.4,29.5,66.6,6.27,1621.5,Clay Loam,Kharif,sugarcane
97.6,40.0,27.9,31.4,58.2,6.13,949.3,Sandy Loam,Kharif,maize
49.4,47.8,30.4,18.9,41.3,6.77,343.0,Alluvial,Rabi,wheat
110.9,55.3,42.7,30.3,86.5,6.72,1692.1,Alluvial,Kharif,rice
85.1,71.9,38.9,31.1,65.5,7.14,1724.0,Clay Loam,Kharif,rice
58.4,27.4,5.0,20.6,60.7,6.53,146.9,Loam,Rabi,mustard
26.7,16.0,5.0,17.6,60.2,6.78,500.4,Black Soil,Rabi,chickpea
59.2,10.4,20.6,26.3,95.0,6.38,399.8,Sandy Loam,Rabi,chickpea
98.9,40.1,15.4,24.1,49.4,5.94,894.9,Red Soil,Kharif,maize
43.2,5.0,5.0,28.7,62.3,6.64,721.8,Sandy Loam,Kharif,groundnut
38.0,24.4,23.5,15.4,68.1,6.54,117.8,Alluvial,Kharif,mustard
59.8,32.5,38.9,27.3,54.0,6.4,619.8,Loam,Kharif,maize
115.1,58.4,37.8,21.8,90.9,6.15,728.1,Red Soil,Zaid,maize
81.9,37.1,44.8,28.8,57.8,6.45,1556.7,Clay Loam,Kharif,rice
116.5,75.9,50.2,21.0,73.9,6.34,438.2,Loam,Kharif,tomato
45.1,19.1,16.1,23.6,54.5,6.8,525.1,Sandy Loam,Rabi,chickpea
34.0,37.2,11.6,24.4,48.2,7.91,570.7,Sandy Loam,Rabi,chickpea
58.3,35.3,29.4,27.5,75.9,7.47,841.8,Alluvial,Kharif,cotton
77.3,40.9,20.6,17.2,73.4,6.94,636.3,Alluvial,Zaid,wheat
86.7,13.2,11.1,21.9,68.6,6.76,950.9,Loam,Kharif,soybean
10.0,26.1,19.6,22.2,32.0,7.2,523.0,Loam,Kharif,chickpea
66.5,20.5,8.9,17.6,54.0,7.39,532.7,Loam,Rabi,chickpea
98.0,44.1,41.1,23.5,47.5,7.16,641.7,Alluvial,Rabi,wheat
117.5,47.1,58.3,27.0,77.5,7.15,856.9,Sandy Loam,Rabi,tomato
70.1,31.7,29.9,24.1,66.3,6.57,753.4,Loam,Kharif,groundnut
15.6,16.1,7.1,20.7,65.3,6.88,509.0,Red Soil,Zaid,millets
86.6,67.0,31.9,20.8,70.6,6.64,1683.2,Clay,Kharif,rice
17.1,24.1,21.8,21.6,59.0,6.43,749.9,Loam,Rabi,chickpea
47.7,17.6,37.7,28.8,75.7,6.31,401.8,Loam,Kharif,groundnut
148.4,58.3,47.7,33.5,57.9,6.53,1618.6,Alluvial,Zaid,sugarcane
111.8,79.3,32.1,21.8,61.7,6.18,632.5,Loam,Kharif,tomato
123.2,59.4,29.2,17.3,65.2,5.94,699.4,Black Soil,Rabi,potato
97.5,45.1,58.5,27.5,81.3,6.63,931.2,Alluvial,Zaid,tomato
97.5,65.4,36.0,17.3,63.5,5.79,722.7,Loam,Rabi,potato
80.2,60.6,10.4,16.4,91.1,6.12,639.4,Loam,Rabi,wheat
102.6,29.3,28.5,32.3,74.7,7.31,1112.6,Loam,Kharif,cotton
32.4,19.4,10.2,29.6,77.0,7.02,576.7,Sandy Loam,Kharif,millets
145.5,75.0,58.4,26.3,74.1,7.33,1757.9,Clay Loam,Zaid,sugarcane
123.4,37.8,65.8,32.9,20.0,6.83,790.4,Clay Loam,Zaid,maize
61.6,32.6,10.9,27.2,82.5,6.62,979.9,Red Soil,Kharif,groundnut
84.5,10.3,18.6,28.7,57.5,7.26,1044.6,Black Soil,Kharif,cotton
42.5,24.7,23.8,29.1,77.6,5.63,617.8,Sandy Loam,Kharif,groundnut
120.5,51.7,23.6,25.1,58.6,6.23,474.2,Loam,Rabi,tomato
57.5,11.9,12.1,17.1,58.2,7.35,100.8,Sandy Loam,Rabi,mustard
121.7,44.9,37.1,30.3,81.5,6.84,754.7,Sandy Loam,Kharif,tomato
96.5,45.9,22.2,28.7,44.3,6.22,591.0,Alluvial,Rabi,maize
108.7,37.8,15.4,28.6,45.1,6.93,898.6,Black Soil,Kharif,cotton
112.1,54.2,42.4,29.9,66.8,6.48,640.1,Loam,Zaid,tomato
96.0,11.5,37.4,24.8,32.8,6.3,844.0,Alluvial,Zaid,maize
70.9,36.2,20.0,22.0,69.1,6.6,272.5,Loam,Rabi,mustard
52.5,64.3,45.7,21.6,49.9,7.5,850.3,Clay Loam,Rabi,wheat
100.2,63.4,27.2,18.6,77.2,6.54,539.3,Sandy Loam,Rabi,potato
87.9,45.8,40.4,31.9,52.8,7.28,988.1,Clay Loam,Kharif,cotton
35.1,16.6,19.9,32.2,76.6,6.72,527.4,Red Soil,Kharif,millets
70.1,25.7,22.5,22.8,51.6,6.12,216.8,Sandy Loam,Rabi,mustard
49.6,7.6,10.7,16.6,77.3,7.27,438.9,Alluvial,Rabi,mustard
109.2,55.4,43.5,32.6,69.6,5.86,715.3,Sandy Loam,Kharif,tomato
79.2,5.0,17.8,29.7,55.7,6.95,605.1,Sandy Loam,Kharif,groundnut
121.3,56.1,31.8,19.8,83.7,6.55,773.3,Loam,Rabi,potato
81.1,31.4,13.5,25.7,63.5,6.18,896.9,Alluvial,Kharif,maize
37.7,38.2,35.6,32.8,77.6,6.87,973.1,Clay Loam,Kharif,soybean
110.0,39.9,37.3,25.7,81.1,6.74,1004.1,Black Soil,Zaid,maize
109.2,26.2,14.3,27.4,52.4,7.12,939.1,Loam,Kharif,cotton
87.4,55.1,48.5,20.3,46.2,6.15,657.4,Loam,Zaid,tomato
71.8,25.0,9.8,17.7,82.2,7.22,626.6,Sandy Loam,Rabi,mustard
111.2,42.8,48.4,27.9,70.2,6.9,1803.6,Loam,Zaid,sugarcane
51.2,14.3,5.0,24.1,70.2,6.39,624.0,Loam,Kharif,groundnut
94.5,37.7,18.3,33.2,58.9,7.27,737.3,Black Soil,Kharif,cotton
21.1,5.0,23.2,22.1,87.2,7.19,598.6,Sandy Loam,Rabi,chickpea
79.9,39.3,23.1,27.7,66.0,7.92,839.4,Loam,Kharif,cotton
49.3,17.6,27.3,15.9,45.1,6.32,423.5,Sandy Loam,Rabi,mustard
25.4,21.7,23.5,22.5,51.1,6.62,456.5,Sandy Loam,Rabi,chickpea
77.9,55.4,21.9,29.3,45.4,7.1,912.6,Loam,Kharif,cotton
40.9,42.1,23.6,19.2,59.7,6.74,663.8,Alluvial,Rabi,mustard
64.5,12.3,14.1,29.7,50.7,6.46,638.1,Red Soil,Kharif,groundnut
48.0,15.6,17.3,26.6,66.3,7.08,512.7,Black Soil,Rabi,chickpea
74.3,36.0,40.8,27.9,57.6,7.07,967.0,Black Soil,Rabi,cotton
98.3,42.4,27.5,31.1,55.8,6.29,710.6,Red Soil,Kharif,maize
76.2,65.4,61.4,25.4,62.5,5.67,481.1,Sandy Loam,Zaid,tomato
10.0,26.2,6.4,31.0,77.9,6.86,1168.1,Loam,Kharif,soybean
104.2,49.6,41.1,24.2,47.8,6.67,768.6,Alluvial,Kharif,tomato
126.5,54.6,51.0,21.9,80.5,6.39,891.0,Loam,Zaid,tomato
41.7,31.5,5.0,26.3,62.8,6.11,701.5,Sandy Loam,Kharif,groundnut
81.8,26.5,14.2,23.2,73.4,6.65,434.0,Loam,Rabi,mustard
88.6,32.4,21.7,30.0,53.7,6.84,1029.5,Clay Loam,Kharif,cotton
95.7,35.8,39.8,25.8,53.6,6.7,1648.1,Alluvial,Kharif,rice
78.9,50.6,22.3,23.7,60.0,6.68,800.5,Clay Loam,Rabi,wheat
47.3,11.2,5.0,23.9,50.6,7.24,420.2,Black Soil,Kharif,chickpea
10.0,14.4,16.4,15.9,72.5,6.55,623.7,Black Soil,Rabi,chickpea
109.2,24.0,14.6,24.2,53.3,6.83,637.6,Clay Loam,Rabi,wheat
46.3,11.2,30.5,24.3,68.5,6.51,678.6,Sandy Loam,Kharif,groundnut
17.9,24.2,5.0,29.8,72.0,6.43,488.0,Sandy Loam,Kharif,millets
86.4,44.8,43.9,29.5,68.0,5.77,606.2,Red Soil,Rabi,maize
55.4,19.8,38.9,26.9,42.1,7.25,898.0,Black Soil,Kharif,cotton
67.9,41.4,31.6,20.9,51.9,6.3,920.3,Loam,Kharif,maize
46.2,8.5,16.2,29.0,69.8,6.35,302.2,Red Soil,Kharif,millets
72.6,42.4,33.5,19.0,61.4,6.41,618.8,Alluvial,Zaid,wheat
93.0,56.9,19.7,19.7,56.8,6.56,1757.2,Alluvial,Kharif,rice
98.1,34.6,35.7,26.3,71.5,5.99,684.5,Loam,Zaid,maize
72.6,23.0,21.4,29.3,63.8,6.08,584.4,Red Soil,Kharif,groundnut
24.3,33.7,5.0,39.2,55.2,6.78,399.6,Red Soil,Kharif,millets
59.5,37.6,25.5,21.8,85.3,6.33,352.8,Loam,Rabi,mustard
24.5,15.8,19.4,26.9,61.9,7.19,915.4,Loam,Kharif,soybean
126.3,42.8,50.1,16.5,46.8,5.42,353.2,Sandy Loam,Rabi,potato
10.0,13.4,15.2,34.5,85.4,6.66,684.5,Loam,Zaid,millets
113.7,83.4,44.2,14.9,61.2,5.1,304.5,Sandy Loam,Rabi,potato
65.3,28.4,20.3,17.5,80.6,7.21,326.2,Loam,Rabi,mustard
43.8,11.8,5.0,29.2,82.9,6.43,773.1,Red Soil,Kharif,groundnut
83.0,39.8,22.9,27.4,79.3,6.46,1807.4,Clay Loam,Kharif,rice
46.9,5.0,6.6,24.4,58.9,6.27,661.0,Sandy Loam,Kharif,groundnut
80.1,25.5,5.3,28.4,66.7,6.44,778.6,Loam,Kharif,groundnut
28.2,11.2,5.4,26.5,69.8,6.85,903.3,Clay Loam,Kharif,soybean
132.6,26.8,45.7,23.2,66.7,6.63,897.9,Loam,Rabi,tomato
38.0,18.7,23.9,19.5,95.0,6.99,382.6,Sandy Loam,Rabi,mustard
39.3,13.2,30.3,20.8,72.4,6.9,892.0,Loam,Kharif,groundnut
154.5,54.3,60.7,17.8,69.4,6.49,705.4,Loam,Rabi,potato
41.1,45.6,11.4,18.6,45.0,6.25,997.1,Clay Loam,Kharif,soybean
107.9,57.1,47.4,24.0,79.1,6.49,794.0,Sandy Loam,Kharif,tomato
30.0,32.5,28.1,30.2,25.8,6.13,763.3,Loam,Zaid,groundnut
115.2,34.5,35.9,26.7,64.2,6.88,836.2,Sandy Loam,Kharif,maize
41.4,20.0,26.6,28.7,75.0,6.37,367.3,Black Soil,Kharif,groundnut
56.5,40.1,40.8,21.1,71.2,6.26,671.2,Red Soil,Rabi,maize
161.5,58.6,49.6,29.5,67.9,6.17,1558.0,Clay Loam,Zaid,sugarcane
54.3,13.6,15.9,32.1,73.3,6.99,631.9,Loam,Kharif,soybean
140.9,50.2,24.7,26.5,57.5,6.42,898.9,Loam,Rabi,maize
124.4,59.2,42.5,17.6,77.0,5.13,487.1,Sandy Loam,Rabi,potato
78.5,39.4,8.1,18.1,50.9,6.57,251.3,Sandy Loam,Rabi,mustard
153.9,39.8,67.2,20.9,86.6,5.86,228.4,Sandy Loam,Rabi,potato
52.5,42.3,32.3,32.2,57.6,7.05,743.9,Clay Loam,Kharif,cotton
45.5,34.5,8.8,24.1,26.3,6.27,271.8,Sandy Loam,Rabi,mustard
79.6,48.9,45.9,30.6,95.0,7.0,1708.8,Clay Loam,Kharif,rice
10.0,26.6,14.3,36.3,68.9,6.99,341.0,Sandy Loam,Kharif,millets
111.7,46.2,42.7,21.1,69.3,6.15,663.5,Loam,Rabi,potato
99.6,53.5,38.7,35.6,58.7,6.54,1003.6,Loam,Kharif,maize
133.0,58.4,37.2,23.2,47.6,5.72,678.9,Loam,Rabi,potato
33.3,5.1,6.0,28.8,72.0,6.73,696.2,Loam,Kharif,soybean
179.8,53.4,48.0,30.9,95.0,6.62,1717.5,Alluvial,Kharif,sugarcane
79.2,57.6,41.3,17.4,53.8,6.08,349.1,Alluvial,Kharif,tomato
142.0,81.3,67.9,29.2,72.9,6.67,1591.5,Loam,Rabi,sugarcane
126.5,69.8,45.3,29.7,69.7,7.12,1407.9,Alluvial,Rabi,sugarcane
16.1,5.0,22.2,35.6,75.1,6.34,562.2,Sandy Loam,Kharif,millets
39.5,17.4,5.0,23.4,64.5,7.01,453.3,Black Soil,Rabi,chickpea
86.6,17.2,29.8,19.3,79.2,6.83,662.5,Alluvial,Rabi,wheat
34.6,5.0,18.2,36.7,63.9,6.59,382.9,Red Soil,Kharif,millets
117.6,47.1,46.1,26.9,80.5,5.44,405.1,Sandy Loam,Rabi,potato
81.1,56.6,16.3,26.9,64.7,7.48,796.7,Loam,Kharif,cotton
138.2,63.0,49.9,25.3,69.2,6.7,1257.2,Clay Loam,Zaid,sugarcane
115.7,62.0,47.2,21.2,94.8,5.82,385.2,Sandy Loam,Rabi,potato
63.7,25.8,13.8,29.9,78.5,6.79,678.1,Red Soil,Kharif,groundnut
44.7,51.3,42.9,26.9,47.0,6.65,1858.6,Clay Loam,Kharif,rice
108.0,22.6,53.5,24.4,52.8,6.18,619.6,Red Soil,Kharif,tomato
22.0,16.9,5.0,33.1,65.1,6.87,412.6,Loam,Kharif,millets
60.5,30.3,17.2,29.9,20.0,6.08,974.4,Loam,Kharif,soybean
82.1,54.5,44.4,30.2,64.2,7.12,1812.6,Clay Loam,Kharif,rice
54.0,35.8,20.3,27.9,62.9,6.37,744.0,Sandy Loam,Kharif,groundnut
41.0,11.7,12.6,36.2,64.8,7.45,561.3,Loam,Kharif,millets
89.2,42.6,22.9,19.9,43.6,6.94,612.6,Clay Loam,Rabi,wheat
70.2,22.9,16.8,13.4,65.9,6.57,416.0,Loam,Rabi,mustard
152.2,52.2,49.5,30.8,62.1,6.61,1786.0,Alluvial,Zaid,sugarcane
78.5,30.5,10.6,28.8,45.8,6.84,833.5,Loam,Kharif,maize
132.3,74.1,57.0,30.5,45.2,7.31,1610.2,Loam,Rabi,sugarcane
33.7,35.6,28.7,29.2,69.0,7.31,775.8,Red Soil,Kharif,groundnut
115.0,56.5,37.4,34.4,74.4,6.57,1825.2,Alluvial,Kharif,rice
65.9,35.2,18.7,30.9,74.5,6.51,611.4,Sandy Loam,Kharif,groundnut
97.0,31.2,31.2,28.8,88.9,7.14,929.6,Clay Loam,Kharif,cotton
112.0,36.3,31.4,26.5,61.7,6.18,1767.3,Clay,Kharif,rice
26.5,5.0,13.7,23.7,80.7,6.66,1024.7,Loam,Kharif,soybean
117.0,30.2,59.5,23.4,45.6,6.03,678.7,Red Soil,Rabi,potato
66.5,37.5,15.9,21.1,52.4,6.88,518.1,Sandy Loam,Rabi,mustard
46.4,63.5,35.4,25.2,70.5,6.3,1819.8,Alluvial,Kharif,rice
60.8,35.2,10.2,27.4,49.9,6.7,679.1,Loam,Kharif,soybean
48.0,39.7,21.9,17.2,60.8,6.92,276.6,Loam,Kharif,mustard
54.7,13.6,22.2,24.1,81.6,7.01,286.3,Loam,Rabi,chickpea
101.4,31.5,32.7,26.0,68.0,6.75,736.5,Clay Loam,Kharif,cotton
73.2,46.3,25.7,21.0,65.0,7.31,532.4,Sandy Loam,Rabi,mustard
80.8,32.5,22.1,16.6,66.6,7.09,513.1,Loam,Rabi,wheat
26.7,25.8,11.8,25.3,86.4,6.62,544.8,Loam,Kharif,soybean
113.7,41.5,30.3,27.3,62.6,5.98,1553.3,Alluvial,Kharif,rice
107.2,35.4,29.7,23.9,67.1,6.9,696.9,Red Soil,Rabi,maize
45.2,17.6,15.8,26.9,65.4,6.09,764.4,Loam,Kharif,soybean
67.9,27.6,5.0,25.6,84.9,7.23,429.3,Sandy Loam,Rabi,chickpea
98.9,53.3,30.1,23.3,76.5,5.95,873.2,Sandy Loam,Kharif,tomato
41.4,16.5,11.2,21.9,52.3,6.97,752.5,Loam,Rabi,chickpea
41.5,21.1,29.7,32.6,87.8,6.25,520.8,Loam,Kharif,groundnut
56.2,29.1,16.8,34.9,62.2,7.92,1130.8,Clay Loam,Kharif,cotton
58.5,13.7,11.0,22.5,47.0,6.48,663.5,Black Soil,Kharif,soybean
40.7,23.7,16.3,38.3,49.1,6.9,475.2,Clay,Kharif,millets
78.1,29.7,20.1,25.1,82.0,7.03,604.7,Loam,Zaid,maize
74.0,29.4,5.0,25.8,66.4,6.36,799.9,Clay Loam,Kharif,soybean
60.7,27.6,28.1,33.8,61.3,7.44,533.2,Alluvial,Kharif,cotton
28.7,22.6,35.3,22.3,59.8,6.36,681.8,Red Soil,Kharif,groundnut
27.3,30.8,19.0,28.9,37.1,7.5,464.2,Sandy Loam,Kharif,millets
120.6,39.3,24.3,14.5,74.3,5.91,487.2,Sandy Loam,Rabi,potato
17.6,18.5,6.7,16.7,51.1,6.82,478.0,Sandy Loam,Zaid,chickpea
153.9,61.5,33.5,26.9,84.6,6.73,860.0,Loam,Rabi,tomato
43.2,26.5,10.3,20.1,48.1,7.2,603.2,Black Soil,Rabi,chickpea
50.7,14.3,12.0,18.7,65.3,7.0,431.2,Black Soil,Rabi,chickpea
140.9,60.4,43.4,30.8,57.1,6.82,1498.8,Loam,Rabi,sugarcane
57.5,22.3,5.0,23.3,77.7,7.19,494.7,Sandy Loam,Rabi,chickpea
55.9,35.3,5.0,38.6,90.8,5.9,421.4,Red Soil,Kharif,groundnut
104.8,36.2,46.4,27.1,70.9,6.9,1900.8,Clay,Kharif,rice
105.1,71.1,46.6,18.5,50.8,5.76,616.0,Sandy Loam,Rabi,potato
17.5,7.4,29.2,29.8,67.3,6.23,399.3,Sandy Loam,Kharif,millets
60.4,13.9,22.1,26.0,63.8,6.04,873.9,Black Soil,Rabi,soybean
130.8,32.5,36.8,34.8,47.5,6.78,902.0,Black Soil,Kharif,cotton
10.0,34.4,18.1,35.1,77.0,6.73,466.1,Sandy Loam,Kharif,millets
47.7,26.4,28.5,32.0,60.8,6.63,816.3,Black Soil,Kharif,soybean
76.6,32.7,23.1,18.4,69.7,6.51,351.3,Alluvial,Rabi,mustard
59.7,28.0,6.5,26.2,41.2,6.27,511.0,Clay Loam,Kharif,soybean
77.5,23.4,21.1,27.2,65.2,6.46,968.7,Red Soil,Zaid,maize
134.5,58.3,62.4,27.4,61.2,6.91,1570.2,Loam,Zaid,sugarcane
164.8,70.3,44.9,26.5,61.9,6.72,1796.5,Clay Loam,Rabi,sugarcane
61.2,20.6,24.0,26.7,83.2,7.08,983.3,Black Soil,Kharif,cotton
74.5,62.4,25.4,22.1,70.7,6.15,628.3,Sandy Loam,Zaid,tomato
164.5,79.3,54.1,29.6,69.1,6.73,1574.2,Alluvial,Zaid,sugarcane
128.9,42.1,34.8,35.2,68.1,6.95,1662.3,Clay Loam,Kharif,rice
34.7,7.9,27.6,23.0,53.2,7.14,686.3,Clay Loam,Kharif,soybean
50.9,5.0,9.3,32.9,61.1,5.63,298.4,Loam,Kharif,millets
34.1,21.0,10.5,33.0,82.5,7.13,494.7,Red Soil,Kharif,millets
93.0,29.8,29.6,18.4,78.9,6.81,164.9,Sandy Loam,Rabi,mustard
114.6,58.1,33.4,21.2,51.1,7.15,1640.1,Red Soil,Kharif,rice
120.6,38.3,34.3,25.9,91.2,6.27,1600.3,Alluvial,Kharif,rice
54.1,21.2,19.6,23.0,79.8,6.9,908.7,Red Soil,Kharif,groundnut
63.5,20.8,22.7,19.7,57.3,6.76,392.2,Sandy Loam,Rabi,mustard
61.3,39.0,46.4,37.5,62.5,7.34,555.2,Loam,Kharif,cotton
128.0,51.4,34.9,22.0,49.5,5.98,808.4,Loam,Rabi,tomato
124.8,32.1,32.8,21.1,73.7,5.32,344.9,Loam,Rabi,potato
115.0,34.2,47.2,25.5,34.7,5.81,1467.2,Alluvial,Kharif,rice
99.8,86.5,39.4,21.8,54.5,6.05,626.4,Sandy Loam,Rabi,potato
83.6,83.0,31.2,28.8,57.5,6.46,584.0,Loam,Kharif,tomato
66.8,5.0,5.8,27.2,87.3,6.08,587.6,Loam,Rabi,groundnut
50.7,48.9,19.0,16.9,73.1,6.41,391.4,Sandy Loam,Rabi,mustard
98.8,5.0,21.4,36.5,59.4,6.61,688.4,Black Soil,Kharif,soybean
67.6,38.3,18.1,12.5,52.0,6.42,771.4,Loam,Rabi,wheat
101.2,37.0,43.2,28.1,92.8,6.08,826.1,Red Soil,Zaid,tomato
61.3,22.3,39.5,29.5,71.5,7.67,821.1,Black Soil,Kharif,cotton
93.8,39.7,27.1,31.4,45.6,7.28,1049.6,Loam,Kharif,cotton
78.3,49.5,32.4,26.5,73.1,6.0,582.4,Sandy Loam,Zaid,tomato
10.0,19.1,26.2,30.1,37.6,6.25,251.6,Red Soil,Kharif,millets
112.7,32.5,43.2,35.1,84.6,6.25,1597.8,Clay Loam,Kharif,rice
74.8,31.0,12.5,27.1,82.0,7.28,874.8,Loam,Kharif,cotton
29.4,29.9,24.2,38.5,44.9,6.3,881.0,Loam,Kharif,soybean
119.6,43.6,18.5,29.1,93.5,5.8,598.9,Sandy Loam,Rabi,maize
10.0,5.0,31.7,26.3,63.9,6.18,722.6,Loam,Kharif,groundnut
83.1,29.9,16.2,36.3,61.2,7.07,971.0,Clay Loam,Kharif,cotton
90.5,39.8,40.3,21.9,50.4,5.79,564.5,Alluvial,Rabi,wheat
112.2,64.5,41.6,20.4,83.8,6.86,550.4,Loam,Rabi,tomato
70.8,29.0,48.9,13.4,78.4,6.89,701.6,Loam,Rabi,wheat
23.5,13.6,17.7,33.8,68.8,6.52,659.5,Alluvial,Kharif,groundnut
62.4,33.0,15.7,18.2,48.9,6.23,161.0,Alluvial,Rabi,mustard
89.6,35.1,30.9,25.9,55.8,8.15,1065.1,Black Soil,Kharif,cotton
72.0,13.7,17.7,28.5,64.3,6.35,464.1,Clay Loam,Kharif,soybean
34.2,30.2,16.7,27.5,76.4,6.41,811.9,Black Soil,Kharif,soybean
111.8,21.0,31.1,30.9,63.2,7.03,953.3,Loam,Kharif,cotton
88.9,54.0,27.9,25.7,66.2,6.54,931.8,Alluvial,Zaid,maize
87.4,52.0,39.5,33.2,27.1,6.57,1788.2,Clay,Rabi,rice
84.2,21.8,16.0,31.8,71.2,6.75,933.5,Clay Loam,Kharif,cotton
63.0,24.0,5.3,28.4,82.5,6.55,425.9,Sandy Loam,Kharif,millets
95.2,36.3,26.1,23.4,92.3,6.76,709.6,Sandy Loam,Kharif,groundnut
84.5,17.7,8.9,38.3,52.7,7.8,1026.7,Clay,Kharif,cotton
108.2,42.1,40.5,31.0,80.0,6.82,1017.8,Sandy Loam,Kharif,maize
74.0,37.1,24.5,23.5,73.0,6.88,608.9,Loam,Rabi,wheat
95.8,41.8,25.5,27.9,63.9,6.79,1778.5,Alluvial,Kharif,rice
122.9,49.0,48.7,29.0,69.9,6.91,1640.4,Alluvial,Kharif,rice
89.1,56.2,21.8,25.1,72.0,5.51,877.5,Alluvial,Kharif,maize
111.5,25.2,21.3,28.6,56.9,7.88,1066.6,Loam,Kharif,cotton
36.0,18.1,8.8,29.2,40.7,6.21,693.0,Red Soil,Kharif,groundnut
37.9,12.7,18.3,24.7,58.4,6.87,638.7,Loam,Kharif,soybean
81.2,38.3,10.7,25.8,80.6,7.63,573.1,Loam,Kharif,maize
47.0,15.3,31.4,27.1,54.0,6.76,435.7,Sandy Loam,Kharif,millets
103.6,18.9,9.5,16.0,47.0,6.72,562.5,Sandy Loam,Rabi,mustard
79.1,39.0,13.1,16.3,43.7,7.19,154.3,Alluvial,Rabi,mustard
56.9,18.1,26.0,34.4,50.1,6.96,804.7,Black Soil,Zaid,soybean
48.1,19.9,42.5,33.5,54.8,6.77,624.7,Red Soil,Kharif,groundnut
101.5,64.3,40.8,21.2,69.3,5.46,834.4,Sandy Loam,Rabi,potato
35.7,27.8,5.7,25.4,58.1,7.43,327.4,Loam,Rabi,chickpea
65.1,36.3,28.4,30.9,67.4,7.92,755.4,Clay Loam,Kharif,cotton
120.6,45.2,47.2,31.3,95.0,6.47,567.2,Loam,Kharif,tomato
34.8,24.0,5.1,28.4,39.0,6.49,829.9,Clay Loam,Kharif,soybean
156.3,44.1,37.6,17.3,72.7,5.4,814.4,Loam,Rabi,potato
46.0,17.1,5.0,25.5,60.0,6.63,734.9,Red Soil,Kharif,groundnut
65.3,19.5,19.8,9.1,87.4,7.25,617.8,Loam,Rabi,mustard
26.3,34.8,11.7,30.0,61.5,6.79,705.2,Sandy Loam,Kharif,groundnut
81.4,43.8,15.3,29.6,43.0,7.07,1018.3,Clay Loam,Kharif,cotton
88.6,39.8,39.6,26.4,58.5,6.65,404.3,Loam,Rabi,wheat
78.6,5.0,9.6,28.3,31.9,6.88,764.4,Loam,Kharif,soybean
122.8,48.5,41.1,23.8,50.2,6.84,1980.8,Clay,Kharif,rice
155.2,74.7,54.0,35.8,83.8,6.44,1648.8,Clay Loam,Rabi,sugarcane
146.9,68.5,50.3,25.0,76.0,7.54,1612.3,Loam,Zaid,sugarcane
34.5,27.8,9.3,37.5,71.2,6.84,612.4,Red Soil,Kharif,millets
122.9,49.7,34.5,14.9,85.4,6.53,804.0,Sandy Loam,Rabi,potato
111.1,54.2,37.9,23.8,82.9,5.67,637.8,Loam,Zaid,tomato
104.3,33.0,21.4,21.6,78.1,6.7,762.8,Alluvial,Rabi,tomato
122.6,23.3,33.4,18.9,67.2,5.84,852.9,Alluvial,Rabi,tomato
32.2,16.6,17.0,25.9,64.3,6.55,876.3,Loam,Kharif,soybean
94.9,18.9,5.8,32.7,57.4,7.43,967.1,Black Soil,Kharif,cotton
28.5,5.0,17.5,24.1,64.9,6.84,893.2,Black Soil,Kharif,soybean
74.2,35.1,42.1,23.6,42.4,6.78,557.5,Sandy Loam,Rabi,wheat
56.0,22.3,32.5,26.6,40.6,5.57,454.7,Black Soil,Kharif,soybean
56.4,35.2,5.0,34.1,53.3,6.66,398.9,Loam,Kharif,millets
105.1,59.4,50.0,27.0,50.8,6.73,659.3,Loam,Rabi,tomato
96.5,5.0,24.0,33.5,72.6,6.38,415.3,Red Soil,Kharif,millets
151.5,46.0,46.2,23.9,58.1,6.61,1712.2,Clay,Kharif,rice
83.5,44.3,44.9,15.7,80.3,6.75,641.5,Alluvial,Rabi,wheat
93.1,35.8,25.3,31.5,72.8,7.34,939.5,Clay Loam,Kharif,cotton
54.8,19.4,30.5,29.7,89.3,6.91,823.9,Black Soil,Kharif,soybean
137.4,51.5,36.7,20.7,40.7,6.23,435.3,Sandy Loam,Rabi,potato
10.0,12.0,15.9,30.2,77.2,7.33,434.8,Loam,Kharif,millets
160.4,57.5,45.9,23.6,46.7,6.39,660.5,Clay,Zaid,tomato
61.6,5.0,5.0,31.7,58.9,6.72,673.2,Clay Loam,Kharif,soybean
51.3,43.0,21.3,18.8,67.9,7.08,473.7,Alluvial,Rabi,wheat
165.1,38.5,52.3,32.2,46.0,6.43,1602.4,Clay Loam,Zaid,sugarcane
82.2,52.4,25.5,31.0,70.6,6.68,963.1,Black Soil,Kharif,cotton
28.9,49.5,13.2,27.5,72.5,5.87,685.8,Red Soil,Kharif,groundnut
117.8,32.3,35.5,14.6,84.3,6.06,540.3,Loam,Rabi,potato
96.4,38.4,22.2,19.8,51.8,6.24,766.5,Sandy Loam,Kharif,maize
106.5,64.3,47.9,20.6,61.1,6.51,699.0,Loam,Rabi,tomato
82.6,19.6,21.5,19.0,51.7,6.96,344.1,Alluvial,Rabi,mustard
59.2,5.0,21.6,29.7,81.5,6.39,429.8,Loam,Kharif,millets
101.8,19.6,30.7,26.1,65.0,7.15,882.5,Red Soil,Zaid,maize
80.3,43.4,23.5,31.2,95.0,6.27,604.2,Loam,Rabi,maize
96.2,46.7,41.4,28.3,58.5,6.42,633.3,Sandy Loam,Kharif,maize
44.4,25.2,26.4,36.9,53.9,7.14,394.0,Clay Loam,Kharif,millets
53.0,14.7,41.6,30.7,74.6,7.48,908.7,Clay Loam,Kharif,cotton
99.5,47.5,21.6,27.7,71.8,6.77,845.3,Loam,Rabi,maize
53.6,5.0,18.8,32.1,48.0,6.97,543.2,Sandy Loam,Rabi,millets
122.6,49.1,44.7,27.7,73.7,6.7,1710.6,Clay,Kharif,rice
53.4,11.5,19.1,30.6,65.7,6.56,413.8,Sandy Loam,Kharif,millets
81.4,49.9,39.7,28.3,44.0,6.58,1644.4,Alluvial,Kharif,rice
137.0,65.6,42.2,29.3,52.7,6.83,746.3,Red Soil,Kharif,tomato
83.7,54.4,36.6,30.0,87.5,7.91,749.1,Loam,Zaid,cotton
88.5,37.6,31.6,19.3,53.5,7.0,767.4,Alluvial,Rabi,wheat
10.0,5.0,5.0,26.6,47.4,7.18,787.4,Sandy Loam,Rabi,chickpea
43.6,19.0,8.2,24.7,58.3,6.88,508.0,Loam,Kharif,millets
125.4,54.8,46.5,22.9,75.8,6.11,864.2,Alluvial,Zaid,tomato
118.4,49.2,46.6,28.9,49.3,6.58,681.8,Sandy Loam,Kharif,tomato
122.0,50.6,46.2,31.6,54.3,6.66,1749.5,Loam,Kharif,sugarcane
86.4,57.1,33.0,19.5,63.8,6.49,709.0,Clay Loam,Rabi,wheat
78.3,53.5,30.1,28.2,60.3,6.75,971.2,Clay Loam,Kharif,cotton
46.2,14.7,17.3,26.3,89.7,6.8,770.3,Red Soil,Kharif,groundnut
74.1,5.0,16.8,32.1,84.0,6.33,842.9,Loam,Rabi,millets
56.2,32.6,5.0,23.9,60.8,7.14,635.8,Loam,Rabi,chickpea
130.6,33.8,13.1,26.8,77.6,5.24,744.4,Alluvial,Rabi,maize
56.2,21.5,18.9,14.5,47.3,6.85,404.6,Alluvial,Rabi,mustard
56.4,16.7,21.9,21.4,69.5,7.04,431.9,Black Soil,Kharif,chickpea
92.9,28.2,35.4,26.5,58.1,6.88,754.5,Sandy Loam,Zaid,maize
29.4,7.5,16.4,17.4,59.7,6.84,409.8,Loam,Zaid,chickpea
19.6,5.0,13.5,23.8,67.9,7.16,443.9,Black Soil,Rabi,chickpea
81.1,60.6,30.0,19.3,60.9,6.88,811.8,Sandy Loam,Rabi,potato
89.4,13.4,21.4,30.6,73.3,7.77,1104.5,Clay Loam,Kharif,cotton
48.6,27.3,21.5,31.9,69.2,6.59,928.4,Loam,Kharif,cotton
93.7,64.7,27.8,26.3,49.7,7.08,657.3,Sandy Loam,Kharif,tomato
147.1,50.0,55.9,34.8,46.2,7.41,1908.2,Clay Loam,Kharif,rice
10.0,32.1,47.1,31.5,69.4,6.95,997.3,Black Soil,Kharif,soybean
32.5,20.7,16.7,28.9,95.0,7.2,907.0,Loam,Kharif,groundnut
14.9,27.8,5.0,20.3,92.4,6.44,411.6,Loam,Rabi,chickpea
36.0,13.4,32.7,16.9,58.8,6.77,431.5,Loam,Rabi,mustard
108.3,30.5,53.7,34.6,63.1,6.79,1850.2,Alluvial,Kharif,rice
122.3,50.2,59.5,28.3,62.3,7.0,1473.0,Loam,Kharif,sugarcane
62.5,28.6,20.2,27.2,51.6,6.77,938.7,Clay Loam,Kharif,soybean
78.7,40.6,43.8,25.0,67.4,6.71,460.6,Clay Loam,Rabi,wheat
38.7,13.1,12.2,19.2,37.5,7.15,610.8,Black Soil,Rabi,chickpea
105.6,36.3,46.4,19.0,76.5,6.65,480.7,Loam,Rabi,tomato
90.4,76.8,60.4,33.3,77.5,7.4,1581.0,Loam,Rabi,sugarcane
16.3,23.3,21.5,19.4,74.5,6.44,529.7,Black Soil,Rabi,chickpea
84.6,26.3,41.8,29.8,77.7,7.29,1115.3,Black Soil,Kharif,cotton
83.1,41.0,23.5,29.6,51.0,7.72,688.5,Clay Loam,Kharif,cotton
139.1,51.5,57.7,35.1,53.5,6.93,1711.0,Clay Loam,Kharif,sugarcane
82.8,28.3,28.3,30.3,72.4,7.9,852.5,Clay Loam,Kharif,cotton
28.7,5.8,31.4,25.1,64.6,6.58,561.2,Loam,Rabi,chickpea
121.5,36.3,32.6,30.1,32.5,7.7,1048.4,Black Soil,Kharif,cotton
96.9,21.9,29.7,24.8,73.6,7.1,818.7,Black Soil,Kharif,cotton
123.1,64.7,65.6,33.0,48.9,6.71,1590.1,Clay Loam,Kharif,sugarcane
73.9,34.7,37.9,21.8,70.2,6.8,649.6,Alluvial,Rabi,wheat
87.9,58.8,52.8,13.3,49.8,5.58,516.6,Clay,Rabi,potato
81.1,20.4,30.2,16.9,51.4,6.2,322.4,Sandy Loam,Rabi,mustard
56.8,36.7,37.7,14.6,63.4,6.33,266.6,Sandy Loam,Zaid,mustard
24.8,31.1,17.3,26.6,69.0,6.57,569.9,Red Soil,Kharif,groundnut
38.8,8.4,17.1,31.9,65.3,6.72,831.0,Black Soil,Kharif,soybean
89.6,31.2,24.2,23.8,53.2,6.93,590.5,Loam,Rabi,mustard
103.0,54.0,27.1,28.0,80.9,6.29,1586.5,Alluvial,Kharif,rice
58.7,47.8,19.7,28.3,61.8,7.27,1062.2,Clay Loam,Kharif,cotton
39.9,27.1,8.9,19.4,95.0,7.06,390.1,Loam,Rabi,mustard
98.3,56.3,47.2,29.1,82.5,5.92,1654.0,Clay,Kharif,rice
136.7,19.2,26.8,30.0,95.0,6.32,772.6,Loam,Zaid,maize
112.6,70.2,51.7,18.1,43.8,6.0,501.2,Sandy Loam,Rabi,potato
50.6,27.7,28.5,18.9,92.5,7.47,323.0,Alluvial,Rabi,mustard
90.9,38.3,41.2,33.1,45.8,7.12,890.4,Black Soil,Kharif,cotton
94.0,23.1,39.9,19.3,66.2,6.91,672.8,Loam,Rabi,wheat
53.6,29.9,16.2,29.6,82.6,6.87,653.0,Black Soil,Kharif,soybean
132.6,59.0,65.9,26.8,85.6,7.2,1747.2,Loam,Rabi,sugarcane
121.6,58.4,32.7,20.2,81.0,6.51,780.8,Loam,Rabi,wheat
45.0,36.3,16.5,27.6,62.5,6.13,952.5,Sandy Loam,Zaid,groundnut
76.9,26.2,38.3,35.9,69.1,6.91,1025.7,Clay Loam,Kharif,cotton
57.8,33.9,5.0,21.3,52.3,5.96,210.1,Loam,Rabi,mustard
41.8,46.6,24.9,19.4,63.5,6.38,918.6,Sandy Loam,Rabi,mustard
138.4,65.5,46.6,15.9,69.0,6.32,274.9,Sandy Loam,Rabi,potato
18.6,20.3,5.0,31.6,63.0,6.44,421.0,Red Soil,Kharif,millets
62.1,38.5,27.8,29.4,74.8,6.67,534.7,Red Soil,Rabi,maize
62.7,24.0,28.8,29.0,39.7,6.1,1108.8,Sandy Loam,Rabi,maize
39.7,30.3,40.8,17.6,79.3,6.59,282.3,Loam,Rabi,mustard
72.5,39.6,28.7,32.9,64.8,7.08,824.5,Loam,Kharif,cotton
92.9,44.7,47.2,29.4,76.2,7.25,519.0,Red Soil,Rabi,tomato
50.6,48.6,37.1,27.1,59.0,6.44,753.3,Sandy Loam,Kharif,groundnut
34.6,36.1,24.2,32.8,55.6,6.62,431.2,Red Soil,Kharif,millets
88.6,50.6,41.0,28.9,48.8,7.38,640.0,Loam,Rabi,tomato
26.3,17.8,14.1,32.4,78.3,7.27,286.8,Loam,Kharif,millets
95.5,51.3,40.7,29.6,56.4,6.41,1049.1,Loam,Kharif,maize
124.7,63.0,40.7,23.5,73.8,6.45,726.7,Alluvial,Rabi,tomato
19.3,37.8,15.8,22.6,63.8,6.79,860.7,Black Soil,Rabi,chickpea
24.7,26.6,16.0,29.0,52.3,6.73,810.4,Red Soil,Kharif,millets
160.2,54.6,50.8,24.8,53.2,6.04,512.1,Sandy Loam,Zaid,tomato
73.8,17.4,8.8,22.2,51.7,7.36,618.5,Loam,Kharif,groundnut
37.2,18.9,13.7,25.8,44.7,6.5,608.8,Black Soil,Kharif,cotton
40.7,12.4,11.5,24.3,68.7,6.73,702.2,Black Soil,Kharif,groundnut
60.8,44.4,50.4,26.7,67.8,6.84,584.8,Sandy Loam,Zaid,maize
84.0,26.6,12.9,27.9,62.2,7.11,725.4,Red Soil,Kharif,groundnut
120.0,47.5,34.1,22.5,79.2,7.17,769.7,Sandy Loam,Zaid,maize
132.6,70.0,30.4,24.4,56.1,6.36,1849.7,Alluvial,Kharif,rice
42.2,5.0,41.0,36.5,80.4,7.22,455.8,Sandy Loam,Kharif,millets
131.2,69.2,40.5,18.7,64.8,5.99,607.4,Clay Loam,Zaid,potato
12.6,21.3,5.0,27.7,53.8,7.04,573.6,Black Soil,Kharif,soybean
106.8,50.6,50.9,17.4,82.1,5.97,712.4,Loam,Rabi,potato
96.7,37.1,27.8,19.6,58.0,6.2,708.9,Alluvial,Rabi,maize
72.5,39.1,20.8,29.2,52.6,6.7,838.4,Clay Loam,Kharif,cotton
51.1,25.8,9.1,34.2,79.2,6.39,503.0,Red Soil,Kharif,millets
52.3,37.5,36.6,25.0,57.8,6.97,1038.5,Loam,Kharif,cotton
71.0,23.0,39.4,28.9,72.0,6.78,616.5,Sandy Loam,Rabi,maize
23.1,18.9,19.3,25.5,73.2,6.88,639.9,Clay Loam,Kharif,soybean
86.1,67.9,38.4,25.7,52.3,6.08,1750.4,Black Soil,Kharif,rice
75.0,18.9,35.4,21.6,69.9,6.37,751.3,Clay Loam,Zaid,wheat
75.2,63.0,41.9,16.8,77.1,5.55,627.7,Sandy Loam,Rabi,potato
52.5,29.2,13.4,20.8,73.3,7.1,477.6,Black Soil,Rabi,chickpea
98.7,32.5,39.4,26.6,65.2,6.84,692.3,Sandy Loam,Zaid,maize
57.1,36.6,31.6,20.2,68.2,7.39,366.2,Alluvial,Rabi,mustard
48.0,40.7,22.5,30.5,70.4,6.2,602.8,Red Soil,Kharif,groundnut
40.5,22.7,42.5,18.5,65.8,6.72,709.2,Clay Loam,Rabi,wheat
129.1,50.5,38.2,24.5,77.1,6.29,736.8,Alluvial,Rabi,tomato
42.8,50.5,30.5,28.2,75.9,7.3,1054.8,Loam,Kharif,cotton
70.5,24.6,30.9,20.5,44.1,6.38,485.0,Alluvial,Rabi,wheat
155.5,61.9,46.3,22.4,69.2,6.7,687.6,Sandy Loam,Rabi,potato
125.8,62.7,54.8,24.5,64.6,6.99,1445.9,Alluvial,Rabi,sugarcane
150.3,53.6,43.9,22.9,61.2,6.51,622.1,Sandy Loam,Zaid,tomato
24.8,19.9,5.0,21.6,63.0,6.69,554.1,Sandy Loam,Zaid,chickpea
50.6,22.8,10.7,33.6,72.5,6.87,688.4,Sandy Loam,Kharif,millets
88.2,49.9,30.5,25.7,57.9,7.33,858.3,Clay Loam,Kharif,cotton
36.2,18.3,5.0,33.2,49.8,6.55,478.7,Loam,Rabi,millets
82.1,30.3,14.1,29.7,47.5,7.06,697.4,Black Soil,Kharif,cotton
120.5,49.2,40.9,29.1,58.5,6.4,1678.2,Alluvial,Kharif,rice
84.0,50.6,46.0,29.4,71.9,6.51,1484.9,Clay,Kharif,rice
59.4,38.9,17.6,13.1,52.8,6.81,413.3,Sandy Loam,Rabi,mustard
82.6,20.3,35.0,16.9,54.0,6.66,528.0,Alluvial,Rabi,wheat
78.1,36.0,19.9,21.2,79.0,6.5,708.4,Red Soil,Kharif,groundnut
102.4,53.3,26.0,25.2,55.4,6.11,1826.0,Clay,Kharif,rice
62.6,13.4,26.4,31.0,28.4,6.62,723.9,Clay Loam,Rabi,maize
81.1,35.7,23.8,28.7,58.4,7.17,801.1,Red Soil,Kharif,groundnut
10.0,5.0,13.4,29.0,75.3,6.52,419.6,Loam,Kharif,millets
43.9,7.5,16.2,24.4,79.7,6.43,894.2,Black Soil,Kharif,soybean
89.6,30.9,26.0,30.1,87.3,7.52,942.8,Loam,Kharif,cotton
71.4,25.3,23.8,26.0,95.0,5.89,716.1,Loam,Rabi,maize
10.0,35.9,15.7,20.4,68.2,6.74,613.1,Sandy Loam,Rabi,chickpea
96.0,54.0,42.2,25.7,67.3,6.64,875.8,Red Soil,Zaid,maize
94.0,22.4,28.4,24.7,48.6,6.76,1619.0,Clay Loam,Kharif,rice
149.7,57.3,45.2,23.1,81.0,6.46,613.9,Sandy Loam,Rabi,tomato
90.3,40.8,29.4,32.5,58.9,6.1,524.6,Red Soil,Kharif,groundnut
132.5,58.5,38.7,16.3,77.7,5.91,850.0,Loam,Rabi,potato
93.0,43.1,46.4,18.7,58.0,6.77,651.5,Loam,Zaid,tomato
62.9,24.7,22.9,24.7,48.3,8.07,863.3,Clay Loam,Kharif,cotton
101.0,36.9,34.3,15.0,65.5,6.85,684.8,Loam,Rabi,wheat
106.9,31.6,47.7,21.7,68.6,5.41,892.5,Sandy Loam,Rabi,potato
108.7,54.7,32.6,32.4,70.9,6.3,1860.0,Clay,Kharif,rice
79.1,6.4,10.3,33.3,67.0,6.96,542.1,Loam,Zaid,groundnut
84.4,31.4,29.4,28.8,51.2,7.02,1120.1,Clay Loam,Kharif,cotton
86.7,73.7,49.6,31.0,62.1,6.66,1612.0,Loam,Kharif,sugarcane
112.5,41.8,19.7,10.2,50.3,7.32,583.8,Clay Loam,Rabi,wheat
85.1,19.0,39.1,29.3,62.2,7.52,711.8,Black Soil,Rabi,cotton
86.0,32.1,19.1,21.0,95.0,6.32,177.4,Black Soil,Rabi,mustard
99.6,21.6,19.1,20.7,95.0,6.18,557.9,Red Soil,Rabi,maize
55.4,24.2,32.8,29.8,44.4,6.74,302.0,Loam,Kharif,millets
69.5,25.2,27.2,24.2,76.2,6.82,750.0,Sandy Loam,Kharif,groundnut
29.3,5.0,18.2,33.9,55.4,6.82,520.6,Sandy Loam,Kharif,millets
116.8,47.5,35.0,31.0,52.6,6.58,1000.6,Loam,Kharif,cotton
73.6,24.4,36.5,35.0,56.4,6.19,883.0,Alluvial,Kharif,maize
155.1,70.0,52.0,16.0,46.1,6.27,479.4,Sandy Loam,Rabi,potato
30.2,34.7,14.3,27.3,77.6,7.42,771.9,Loam,Kharif,soybean
36.6,7.3,5.6,36.4,87.7,6.6,664.0,Red Soil,Zaid,millets
93.5,51.8,32.7,20.4,78.9,7.06,470.7,Clay Loam,Rabi,wheat
112.9,58.4,49.4,15.6,79.5,5.99,709.4,Sandy Loam,Rabi,potato
85.1,29.8,21.6,19.4,76.1,6.64,880.8,Clay Loam,Rabi,wheat
38.8,26.2,28.8,30.6,80.8,6.02,387.6,Sandy Loam,Kharif,millets
51.7,32.4,32.2,23.1,76.0,6.47,813.8,Clay Loam,Kharif,soybean
111.6,40.9,51.8,22.0,57.0,6.26,1687.4,Alluvial,Zaid,rice
75.2,19.5,21.8,25.2,91.7,6.76,579.0,Black Soil,Rabi,chickpea
17.4,22.3,7.3,16.4,90.4,7.58,305.3,Black Soil,Rabi,chickpea
41.7,23.3,5.0,29.7,82.0,6.54,1045.7,Loam,Kharif,soybean
78.5,5.0,28.5,19.0,76.7,6.99,244.4,Alluvial,Rabi,mustard
15.2,8.7,13.9,34.0,61.3,6.38,604.7,Red Soil,Kharif,millets
17.6,25.5,18.0,38.9,77.2,6.77,491.7,Sandy Loam,Kharif,millets
85.8,33.1,13.3,27.4,57.8,7.29,1126.9,Clay Loam,Kharif,cotton
36.9,12.9,5.0,29.7,29.0,7.17,609.3,Red Soil,Kharif,millets
92.8,73.5,57.0,16.8,27.7,5.89,439.0,Loam,Rabi,potato
116.0,47.2,29.0,24.3,45.3,6.45,1492.6,Clay,Kharif,rice
154.9,64.9,38.1,16.3,82.3,6.0,659.2,Loam,Rabi,potato
95.3,45.6,44.8,29.8,87.5,6.44,1588.6,Clay Loam,Kharif,rice
106.6,45.4,32.4,18.9,95.0,6.53,652.2,Sandy Loam,Zaid,maize
40.6,15.3,18.5,32.5,60.3,6.02,466.7,Sandy Loam,Kharif,groundnut
56.4,64.6,24.7,18.4,60.6,6.93,485.9,Alluvial,Rabi,wheat
89.2,30.3,40.0,32.3,51.1,6.33,620.2,Sandy Loam,Rabi,maize
46.8,32.9,13.7,34.7,54.5,7.08,698.3,Red Soil,Kharif,groundnut
114.1,60.0,49.8,18.5,43.1,5.78,467.9,Loam,Rabi,potato
136.5,64.2,42.2,12.7,68.4,6.47,474.8,Loam,Rabi,potato
44.7,22.4,21.7,30.7,80.2,6.87,605.4,Red Soil,Zaid,groundnut
104.3,59.3,40.3,21.5,65.7,6.62,391.6,Alluvial,Zaid,tomato
66.7,22.0,5.0,24.1,74.2,7.29,607.1,Sandy Loam,Rabi,chickpea
155.2,55.9,33.8,25.9,69.8,6.1,950.5,Sandy Loam,Rabi,tomato
42.9,30.3,22.4,29.6,65.7,7.38,957.0,Black Soil,Kharif,cotton
21.5,24.0,13.1,27.5,68.9,6.59,443.2,Loam,Kharif,millets
102.3,27.7,34.8,21.3,54.0,6.97,840.0,Black Soil,Kharif,cotton
55.4,5.0,29.9,28.4,34.5,6.41,564.8,Red Soil,Kharif,groundnut
139.0,26.2,13.9,22.4,48.9,6.9,666.4,Alluvial,Rabi,wheat
82.5,34.8,18.4,17.9,72.7,6.26,270.0,Sandy Loam,Rabi,mustard
24.4,16.5,19.0,25.9,62.9,6.38,834.6,Clay Loam,Kharif,soybean
92.0,62.7,44.0,21.5,69.7,6.34,457.2,Alluvial,Zaid,tomato
112.5,35.6,30.3,27.7,55.7,6.11,1463.8,Alluvial,Kharif,rice
109.5,51.5,36.7,21.2,89.1,6.15,603.1,Loam,Rabi,potato
48.9,17.3,23.4,32.2,69.0,6.85,635.4,Sandy Loam,Kharif,millets
16.1,16.4,18.7,28.8,68.4,6.95,593.2,Sandy Loam,Kharif,groundnut
47.0,20.8,21.7,31.3,78.4,7.35,588.7,Alluvial,Kharif,soybean
145.8,54.3,43.8,23.1,42.4,6.07,399.7,Loam,Rabi,potato
122.7,43.0,50.8,22.4,73.5,5.88,658.8,Loam,Rabi,tomato
127.7,85.0,37.7,32.0,59.7,6.58,1796.8,Red Soil,Zaid,sugarcane
37.6,6.9,24.6,18.5,44.7,7.8,324.3,Black Soil,Rabi,chickpea
176.7,54.6,35.2,14.9,69.2,6.54,656.5,Sandy Loam,Rabi,potato
24.4,23.2,17.0,22.1,30.2,7.64,406.3,Black Soil,Rabi,chickpea
135.2,58.7,38.2,13.3,63.3,6.06,956.0,Sandy Loam,Rabi,potato
104.3,58.0,8.8,29.8,53.5,6.7,923.6,Loam,Kharif,maize
99.2,36.9,24.6,19.8,57.9,6.57,728.6,Alluvial,Rabi,wheat
82.1,44.6,31.1,35.0,63.2,7.35,599.3,Loam,Kharif,cotton
15.5,26.6,8.4,24.8,44.0,6.5,216.7,Red Soil,Kharif,millets
176.9,48.1,60.5,13.7,49.8,6.65,678.2,Sandy Loam,Rabi,potato
78.8,40.9,28.6,26.4,49.2,7.4,751.8,Alluvial,Rabi,wheat
80.5,33.4,24.2,26.6,60.0,6.66,1734.2,Clay,Zaid,rice
119.7,42.8,55.8,18.7,58.1,5.79,533.7,Clay Loam,Rabi,potato
29.2,22.1,5.0,33.2,59.1,7.28,319.4,Red Soil,Kharif,millets
144.5,65.5,47.9,32.6,49.6,6.91,1337.7,Alluvial,Zaid,sugarcane
59.3,25.2,16.0,30.9,79.2,6.94,513.4,Sandy Loam,Zaid,millets
140.5,68.2,19.8,22.6,79.8,6.77,556.6,Sandy Loam,Kharif,tomato
30.1,46.2,16.5,23.2,70.1,6.37,1078.0,Loam,Kharif,soybean
112.4,44.1,42.8,21.6,81.0,7.33,580.8,Loam,Rabi,maize
85.3,5.0,29.5,26.2,61.8,7.83,243.7,Clay,Rabi,chickpea
77.6,44.6,43.5,29.5,64.6,6.49,1457.8,Clay Loam,Kharif,rice
33.6,5.0,12.4,20.3,47.6,6.93,533.7,Loam,Rabi,chickpea
129.0,71.9,57.7,17.9,57.3,7.09,496.1,Clay Loam,Rabi,potato
60.7,43.5,35.5,36.2,74.2,6.69,1390.0,Alluvial,Kharif,rice
101.9,52.0,53.6,23.2,63.8,6.63,626.6,Alluvial,Zaid,tomato
27.8,10.5,25.5,21.4,83.6,7.44,309.3,Loam,Rabi,chickpea
35.8,21.5,40.6,9.3,81.1,6.68,391.9,Loam,Rabi,mustard
43.8,42.8,22.6,16.8,56.8,6.12,467.5,Alluvial,Rabi,mustard
34.2,11.2,21.4,30.9,53.4,6.03,518.3,Loam,Kharif,millets
70.3,56.5,22.2,27.4,84.8,6.26,736.7,Sandy Loam,Kharif,maize
48.1,43.6,20.1,30.7,54.2,7.12,1044.7,Loam,Kharif,cotton
178.4,71.3,78.4,38.5,60.2,6.11,1692.4,Alluvial,Rabi,sugarcane
80.4,34.2,34.1,18.3,86.2,6.58,400.3,Alluvial,Rabi,mustard
137.8,59.8,77.8,28.7,48.9,6.43,1484.8,Alluvial,Rabi,sugarcane
138.5,70.4,51.9,34.8,58.1,6.17,1793.0,Loam,Rabi,sugarcane
66.3,31.4,21.1,25.6,43.1,6.5,902.2,Black Soil,Zaid,soybean
57.7,21.8,27.9,29.7,88.9,6.0,718.7,Sandy Loam,Kharif,groundnut
90.4,31.1,40.0,18.2,89.6,6.7,684.5,Loam,Kharif,wheat
91.8,23.9,21.8,25.1,54.9,5.83,827.1,Alluvial,Rabi,maize
10.0,27.0,12.5,29.0,75.3,6.75,100.0,Sandy Loam,Zaid,millets
100.8,66.3,26.0,31.0,53.3,7.21,1810.7,Clay,Rabi,rice
68.7,24.0,15.2,26.0,53.8,6.63,1106.2,Sandy Loam,Zaid,soybean
52.2,11.7,13.2,26.6,80.9,6.35,838.7,Sandy Loam,Kharif,groundnut
118.6,53.1,21.3,21.5,80.3,5.33,726.4,Loam,Rabi,potato
81.3,17.0,23.3,25.1,52.6,7.32,1176.9,Loam,Zaid,maize
112.9,56.6,47.3,17.2,58.8,6.03,737.2,Alluvial,Rabi,tomato
26.4,29.2,28.3,28.6,79.6,6.03,663.9,Sandy Loam,Kharif,groundnut
55.9,16.0,23.0,15.3,60.7,6.14,100.0,Alluvial,Rabi,mustard
36.8,10.0,15.0,28.7,51.6,6.98,826.2,Clay Loam,Kharif,soybean
136.2,54.5,55.2,30.6,54.2,7.29,1516.7,Alluvial,Kharif,sugarcane
119.2,44.6,45.6,24.4,53.4,6.85,631.9,Alluvial,Rabi,tomato
52.2,35.9,9.1,28.8,48.7,6.46,456.3,Red Soil,Kharif,millets
109.5,50.4,26.7,28.7,53.1,5.53,1656.4,Alluvial,Kharif,rice
91.8,39.2,16.3,24.8,36.1,6.55,558.1,Alluvial,Rabi,wheat
10.0,40.5,10.0,36.3,75.4,6.66,543.5,Red Soil,Kharif,millets
132.1,47.0,35.0,17.0,54.5,6.26,478.9,Loam,Rabi,potato
93.3,20.3,36.2,23.9,67.3,5.48,783.4,Alluvial,Rabi,maize
39.0,22.4,5.0,23.4,61.2,6.26,470.3,Loam,Rabi,chickpea
53.8,12.1,29.8,16.5,89.6,6.87,643.1,Loam,Rabi,wheat
45.5,45.2,20.0,21.8,62.6,6.82,372.0,Alluvial,Rabi,mustard
77.3,26.2,8.8,29.3,77.4,6.96,742.3,Black Soil,Kharif,soybean
118.0,36.4,45.4,28.7,62.7,6.5,682.6,Loam,Kharif,tomato
114.9,55.6,27.0,15.7,71.6,6.5,393.1,Alluvial,Rabi,tomato
26.5,20.9,5.0,20.5,62.9,6.83,363.3,Black Soil,Rabi,chickpea
66.3,14.1,23.3,19.6,95.0,6.44,375.0,Alluvial,Rabi,mustard
70.1,28.4,35.9,29.2,77.9,7.32,714.6,Clay Loam,Kharif,groundnut
47.5,21.5,25.7,15.2,69.4,6.81,711.8,Alluvial,Rabi,wheat
81.3,22.0,8.8,32.7,55.8,6.93,426.6,Sandy Loam,Rabi,groundnut
128.4,49.6,64.8,29.5,24.9,7.06,1694.7,Loam,Zaid,sugarcane
82.9,5.0,16.7,30.5,81.0,6.19,539.8,Red Soil,Kharif,groundnut
158.9,65.4,52.0,19.9,90.9,5.47,551.4,Sandy Loam,Rabi,potato
76.5,38.5,46.6,21.9,67.6,6.13,467.9,Sandy Loam,Rabi,maize
86.4,31.2,23.1,17.8,46.7,7.27,671.6,Clay Loam,Rabi,wheat
30.9,28.9,30.8,25.1,85.0,7.18,713.1,Black Soil,Kharif,soybean
158.2,58.8,57.1,33.5,59.1,7.36,1363.8,Clay Loam,Zaid,sugarcane
10.2,29.3,20.9,23.5,74.8,7.88,580.3,Black Soil,Rabi,chickpea
61.2,17.8,14.1,22.7,47.1,6.79,1039.1,Loam,Kharif,soybean
70.2,44.9,35.0,31.0,95.0,6.99,1025.7,Loam,Kharif,cotton
104.2,43.0,8.4,27.6,72.6,5.68,1601.7,Clay Loam,Kharif,rice
164.4,77.5,52.2,30.3,77.6,6.25,1817.2,Clay Loam,Zaid,sugarcane
28.4,21.6,5.4,29.4,74.8,6.57,773.4,Loam,Kharif,groundnut
59.6,31.9,36.5,37.0,58.0,6.98,986.7,Clay Loam,Kharif,cotton
74.5,10.1,15.4,30.1,72.7,7.13,692.2,Black Soil,Kharif,soybean
38.1,37.6,22.8,22.4,60.7,6.75,415.0,Alluvial,Zaid,mustard
42.2,38.7,34.1,18.4,57.1,6.67,142.8,Sandy Loam,Rabi,mustard
88.0,53.3,39.1,25.9,95.0,7.67,1721.8,Alluvial,Kharif,rice
10.0,25.3,13.5,21.0,65.2,7.39,592.8,Loam,Rabi,chickpea
136.7,66.6,42.5,37.0,74.8,6.29,1669.7,Alluvial,Rabi,sugarcane
37.5,42.9,26.1,25.6,72.6,6.97,1033.4,Loam,Kharif,cotton
105.4,34.0,19.5,30.7,87.1,7.35,667.4,Red Soil,Kharif,cotton
122.3,50.9,50.6,31.5,80.8,6.81,1562.9,Alluvial,Rabi,sugarcane
58.2,41.4,38.6,15.9,79.5,6.77,632.9,Loam,Rabi,wheat
99.1,44.1,23.0,25.6,63.6,7.4,620.3,Alluvial,Rabi,wheat
110.5,13.3,33.4,30.2,63.6,7.13,1047.6,Clay Loam,Kharif,cotton
81.4,29.2,22.5,28.2,95.0,6.82,1568.0,Alluvial,Kharif,rice
96.8,44.5,41.8,17.5,65.9,6.47,494.9,Alluvial,Rabi,wheat
42.5,11.9,25.5,16.8,57.9,7.98,593.3,Red Soil,Rabi,chickpea
32.9,25.2,20.0,24.0,63.4,6.7,391.4,Loam,Rabi,soybean
122.2,31.8,30.3,26.4,45.5,6.06,836.5,Loam,Kharif,maize
73.3,45.8,23.6,28.2,51.7,6.47,742.5,Clay Loam,Rabi,wheat
109.9,45.0,34.1,27.7,67.5,6.8,562.9,Clay,Kharif,tomato
55.2,39.9,9.2,22.2,79.1,6.79,386.7,Sandy Loam,Rabi,mustard
65.4,24.1,5.0,15.8,48.7,6.77,519.2,Sandy Loam,Rabi,mustard
122.7,69.4,45.7,29.5,51.5,6.39,438.7,Sandy Loam,Kharif,tomato
53.4,10.8,17.0,31.9,87.7,6.58,800.3,Red Soil,Kharif,groundnut
42.0,19.5,5.0,25.2,56.5,6.85,633.2,Alluvial,Rabi,chickpea
80.3,26.9,21.9,32.0,61.0,7.33,1004.2,Black Soil,Kharif,cotton
115.2,64.2,43.3,24.1,79.0,5.85,393.1,Sandy Loam,Rabi,potato
30.9,22.2,11.1,20.1,76.8,6.85,214.5,Loam,Rabi,chickpea
93.4,56.5,27.6,31.4,75.7,6.7,1730.3,Clay Loam,Kharif,rice
46.5,5.0,12.6,23.7,53.1,7.01,279.0,Clay Loam,Rabi,chickpea
132.9,56.2,34.3,23.8,24.9,6.88,2063.1,Clay Loam,Kharif,rice
49.7,20.6,14.7,26.4,70.0,5.96,557.6,Sandy Loam,Rabi,groundnut
90.6,16.2,26.5,29.3,95.0,5.53,1661.7,Black Soil,Kharif,rice
60.9,38.6,5.0,36.7,54.6,7.19,212.2,Red Soil,Kharif,millets
79.5,5.0,19.4,21.3,77.8,6.71,689.9,Black Soil,Kharif,soybean
95.1,45.4,38.6,33.9,60.4,6.57,1527.9,Clay Loam,Kharif,rice
53.1,36.9,29.3,20.4,54.8,6.86,650.1,Clay Loam,Rabi,wheat
61.7,34.5,31.3,21.6,82.4,7.14,472.0,Loam,Rabi,chickpea
97.1,37.5,50.4,21.6,67.6,6.83,873.0,Sandy Loam,Kharif,tomato
100.8,35.1,13.2,33.5,71.3,6.58,1874.4,Clay,Kharif,rice
18.1,19.4,25.1,17.9,83.7,6.75,491.6,Loam,Rabi,chickpea
97.8,47.9,28.3,17.6,63.8,7.04,710.8,Alluvial,Rabi,wheat
41.1,5.0,19.7,30.5,71.9,7.29,466.6,Red Soil,Kharif,millets
105.7,39.3,34.5,25.8,63.0,6.23,1658.4,Alluvial,Kharif,rice
89.2,31.9,32.8,17.7,62.5,6.43,379.0,Loam,Rabi,mustard
77.9,43.1,23.8,27.5,54.4,6.23,527.0,Clay Loam,Rabi,wheat
43.0,36.9,18.7,18.4,68.2,6.92,400.5,Sandy Loam,Rabi,mustard
161.5,76.9,39.5,23.9,60.6,7.08,1573.6,Clay Loam,Rabi,sugarcane
16.7,5.0,19.3,23.5,69.4,6.65,263.0,Loam,Kharif,millets
128.9,76.0,50.9,29.2,85.4,6.81,587.9,Sandy Loam,Kharif,tomato
63.2,11.8,30.8,21.4,51.5,6.37,351.7,Alluvial,Zaid,mustard
105.8,72.2,27.4,23.8,54.0,6.78,1470.7,Clay Loam,Kharif,rice
26.8,28.2,19.2,32.8,61.5,6.04,648.9,Loam,Kharif,groundnut
89.4,19.4,24.5,33.2,77.9,7.07,508.5,Sandy Loam,Kharif,groundnut
86.0,42.5,15.4,18.6,95.0,7.02,575.4,Loam,Rabi,mustard
93.1,47.0,30.6,26.3,40.7,6.31,738.8,Alluvial,Rabi,maize
61.0,24.8,44.3,18.6,70.5,6.94,370.4,Loam,Zaid,mustard
117.6,57.2,64.9,29.7,56.5,7.12,1678.3,Loam,Zaid,sugarcane
54.9,55.1,7.5,24.9,48.0,5.61,397.3,Red Soil,Kharif,groundnut
86.0,31.3,30.7,31.2,75.9,6.84,865.7,Loam,Zaid,maize
114.9,25.0,47.1,26.6,38.7,6.61,1495.9,Clay Loam,Kharif,rice
139.4,61.7,57.5,30.5,52.4,6.03,1613.9,Loam,Zaid,sugarcane
82.9,41.8,45.3,19.4,65.0,6.38,510.1,Alluvial,Kharif,tomato
77.9,28.8,26.1,26.3,51.1,7.13,313.8,Loam,Rabi,mustard
115.9,46.3,46.0,16.6,55.1,6.67,722.8,Sandy Loam,Kharif,potato
106.2,38.0,39.0,27.0,82.8,6.77,1586.4,Clay,Kharif,rice
107.2,49.6,31.2,24.7,51.9,6.76,637.3,Loam,Rabi,tomato
105.1,49.0,51.5,29.2,68.4,6.43,1808.2,Clay Loam,Kharif,rice
109.6,49.4,34.4,28.4,85.8,6.61,716.6,Alluvial,Zaid,tomato
24.5,9.6,11.0,35.0,70.7,6.59,429.2,Loam,Kharif,millets
103.0,45.1,63.5,33.6,70.8,6.62,1607.3,Loam,Rabi,rice
170.1,41.5,28.8,13.3,95.0,5.97,434.2,Loam,Rabi,potato
26.9,19.9,38.1,20.2,79.5,6.46,501.8,Sandy Loam,Rabi,chickpea
81.4,31.1,22.0,30.7,75.6,7.9,1012.2,Clay Loam,Kharif,cotton
35.9,19.4,14.3,26.8,81.0,6.57,724.4,Loam,Rabi,chickpea
10.0,25.8,8.7,36.2,51.4,6.15,372.5,Red Soil,Kharif,millets
144.4,82.7,43.5,35.8,69.4,7.37,1716.7,Clay Loam,Kharif,sugarcane
97.7,49.7,46.2,20.9,49.0,6.05,664.2,Sandy Loam,Rabi,potato
86.5,9.1,21.1,32.1,94.6,6.81,627.8,Red Soil,Kharif,groundnut
61.9,19.8,7.9,18.7,69.0,7.84,633.6,Sandy Loam,Rabi,chickpea
78.1,40.4,32.5,25.5,87.6,6.85,796.5,Loam,Zaid,maize
43.6,29.6,26.0,31.0,73.1,7.01,505.6,Loam,Kharif,millets
113.1,48.9,50.3,31.1,35.6,6.85,1902.7,Alluvial,Rabi,sugarcane
46.7,50.8,29.3,17.5,83.5,6.57,584.8,Clay Loam,Rabi,wheat
153.7,67.0,30.9,29.4,82.5,7.26,1488.4,Loam,Rabi,sugarcane
56.8,33.6,22.9,29.5,38.3,7.07,778.6,Red Soil,Kharif,groundnut
66.4,5.0,23.3,28.3,63.5,7.12,855.4,Black Soil,Kharif,cotton
134.5,60.7,37.5,20.2,87.5,6.37,661.4,Sandy Loam,Kharif,tomato
67.9,27.2,24.6,21.2,81.7,6.93,667.9,Loam,Rabi,chickpea
59.5,15.6,12.9,26.6,64.7,6.75,625.6,Black Soil,Rabi,chickpea
66.8,17.3,23.2,20.0,47.4,6.69,250.2,Loam,Rabi,mustard
32.2,16.4,11.7,29.5,61.9,6.7,783.2,Loam,Rabi,soybean
130.9,67.0,41.5,21.8,47.0,6.51,555.1,Sandy Loam,Rabi,potato
72.7,32.8,35.6,25.7,71.5,6.03,823.4,Red Soil,Kharif,maize
130.0,42.3,45.4,29.3,86.9,6.68,1798.2,Clay Loam,Kharif,rice
92.3,35.0,18.0,30.0,62.1,6.13,556.7,Loam,Rabi,maize
47.7,42.4,24.3,16.8,58.2,6.74,708.0,Alluvial,Rabi,wheat
49.6,25.9,23.3,27.4,57.6,6.15,672.8,Clay Loam,Kharif,soybean
75.0,20.3,29.7,26.3,81.5,7.01,882.4,Clay Loam,Kharif,soybean
75.2,38.3,45.9,27.4,69.0,7.15,737.8,Clay Loam,Kharif,cotton
82.7,39.5,37.1,23.5,58.5,6.23,900.3,Red Soil,Kharif,maize
70.4,12.6,18.3,29.4,53.9,6.77,939.5,Red Soil,Kharif,groundnut
13.1,31.0,5.0,24.0,53.9,6.25,380.1,Black Soil,Rabi,chickpea
105.0,46.1,23.2,38.9,71.0,6.94,911.2,Clay Loam,Kharif,cotton
32.1,22.5,25.6,37.0,85.4,6.68,826.2,Clay Loam,Kharif,soybean
45.6,5.0,24.5,27.9,65.6,6.66,795.0,Black Soil,Kharif,soybean
144.3,69.1,43.3,27.7,72.0,5.99,1676.6,Loam,Rabi,sugarcane
99.9,54.1,57.1,28.2,70.8,6.98,437.0,Loam,Rabi,tomato
12.2,5.7,21.2,26.7,35.0,6.92,1010.5,Clay Loam,Kharif,soybean
85.2,23.8,27.7,35.8,60.7,6.37,851.4,Black Soil,Kharif,cotton
91.1,36.8,60.6,19.1,59.4,6.54,937.3,Loam,Zaid,tomato
89.1,65.2,39.6,33.7,52.0,7.67,1527.6,Clay Loam,Kharif,rice
62.7,29.6,10.2,19.0,48.6,6.95,933.7,Clay Loam,Kharif,soybean
48.5,17.6,45.4,20.6,66.0,6.76,396.2,Sandy Loam,Rabi,mustard
88.4,47.4,47.3,28.1,89.3,7.24,1537.4,Clay Loam,Kharif,rice
84.1,33.0,40.2,22.5,67.4,7.58,834.2,Black Soil,Rabi,cotton
77.1,48.1,15.8,25.8,63.6,7.19,425.1,Alluvial,Rabi,mustard
28.0,16.4,14.2,29.5,54.2,6.74,733.0,Clay Loam,Kharif,soybean
53.2,20.8,46.8,14.8,75.1,6.45,653.3,Loam,Rabi,wheat
102.6,70.6,38.9,14.6,75.1,6.15,460.7,Loam,Rabi,potato
135.4,60.7,37.9,24.9,59.8,5.52,840.0,Alluvial,Kharif,tomato
64.3,42.5,17.9,23.8,39.0,7.39,1027.9,Loam,Kharif,cotton
60.3,31.7,15.6,23.1,64.6,5.86,627.1,Sandy Loam,Rabi,groundnut
51.9,25.5,35.0,23.2,71.1,6.07,245.4,Loam,Rabi,mustard
125.7,40.9,36.8,20.4,87.9,5.46,631.1,Loam,Rabi,potato
43.5,25.5,11.2,30.3,52.3,6.41,507.1,Loam,Kharif,groundnut
57.7,37.9,24.1,27.9,56.0,8.25,835.5,Loam,Kharif,cotton
125.0,51.8,66.4,18.0,83.4,5.8,485.5,Sandy Loam,Rabi,potato
11.6,17.5,9.8,39.7,74.3,6.84,632.7,Sandy Loam,Kharif,millets
60.0,10.7,43.1,19.1,26.8,6.3,467.5,Loam,Rabi,mustard
96.5,44.5,69.2,17.2,66.6,6.48,546.6,Sandy Loam,Rabi,potato
25.4,18.6,17.6,29.6,38.4,7.54,574.9,Red Soil,Kharif,millets
121.4,43.9,34.6,20.2,44.4,6.44,327.9,Loam,Rabi,tomato
146.1,54.2,45.5,21.3,69.1,5.52,615.6,Sandy Loam,Rabi,potato
71.2,10.5,7.6,28.8,49.0,6.44,631.3,Sandy Loam,Kharif,groundnut
29.3,20.8,7.6,21.7,69.3,6.76,697.9,Black Soil,Kharif,soybean
69.9,40.5,20.2,29.0,69.4,6.12,1627.5,Clay Loam,Kharif,rice
153.5,61.1,57.7,35.9,39.5,7.29,1741.9,Alluvial,Zaid,sugarcane
53.7,37.9,16.3,15.0,77.0,6.61,643.5,Sandy Loam,Rabi,mustard
50.1,5.0,12.5,24.4,55.0,6.72,986.4,Clay,Kharif,soybean
81.8,50.2,30.0,30.7,88.2,7.28,1055.4,Loam,Kharif,cotton
61.9,6.3,18.7,19.1,40.8,6.51,411.6,Black Soil,Rabi,chickpea
39.0,44.8,6.0,17.3,89.1,7.4,393.3,Sandy Loam,Rabi,chickpea
113.5,64.0,42.9,18.3,66.2,6.39,658.4,Loam,Rabi,potato
28.8,48.5,18.7,14.3,67.9,6.79,303.1,Sandy Loam,Zaid,mustard
35.1,29.4,11.4,20.7,58.4,7.01,768.1,Sandy Loam,Rabi,chickpea
114.0,57.9,33.1,28.8,73.4,6.36,1880.1,Clay,Kharif,rice
148.9,65.3,45.9,36.6,68.6,6.6,1660.4,Alluvial,Zaid,sugarcane
116.5,48.6,40.6,24.1,64.6,6.68,757.4,Red Soil,Kharif,maize
107.2,46.0,31.4,21.0,47.1,7.24,586.3,Clay Loam,Rabi,wheat
89.1,48.5,21.5,27.6,85.8,6.92,955.1,Red Soil,Rabi,maize
10.0,28.2,7.9,34.2,82.5,7.25,560.6,Loam,Kharif,millets
41.9,18.6,11.3,19.4,95.0,6.74,698.2,Loam,Rabi,chickpea
59.9,23.7,27.9,25.2,57.9,6.65,873.4,Black Soil,Kharif,soybean
108.5,54.1,49.5,17.6,62.3,6.03,485.4,Loam,Rabi,potato
80.6,42.1,23.4,26.1,75.6,6.37,770.4,Sandy Loam,Zaid,tomato
39.8,12.2,27.4,28.7,77.8,6.2,854.5,Loam,Kharif,groundnut
95.6,30.8,20.8,27.9,76.3,7.39,879.6,Black Soil,Kharif,cotton
43.8,20.5,12.6,25.6,58.5,6.82,1036.5,Loam,Kharif,soybean
67.8,30.2,18.2,26.1,65.2,6.62,779.0,Loam,Kharif,groundnut
110.9,64.7,30.6,14.1,66.1,6.07,697.8,Sandy Loam,Rabi,potato
94.8,33.3,21.6,17.7,59.8,5.91,922.1,Alluvial,Rabi,maize
98.2,31.6,57.3,24.1,61.0,6.12,656.9,Sandy Loam,Rabi,potato
106.2,35.4,28.6,26.5,51.7,6.52,1923.1,Alluvial,Kharif,rice
153.8,62.7,51.6,30.4,79.1,6.1,1688.6,Loam,Rabi,sugarcane
161.5,75.1,71.1,27.4,45.6,7.17,1596.0,Clay Loam,Kharif,sugarcane
55.8,23.9,14.2,20.5,77.9,7.14,369.5,Alluvial,Kharif,mustard
10.0,16.7,15.9,18.7,72.3,6.97,390.0,Loam,Zaid,chickpea
95.0,50.2,43.9,33.0,57.4,7.05,914.7,Clay Loam,Kharif,cotton
30.3,21.2,36.0,28.0,56.2,7.02,809.8,Loam,Kharif,groundnut
118.0,30.4,26.5,28.5,72.1,6.27,1036.0,Sandy Loam,Rabi,maize
94.2,45.7,36.7,26.4,78.0,5.89,772.3,Sandy Loam,Rabi,tomato
19.9,5.7,11.6,32.7,64.6,6.31,558.3,Red Soil,Kharif,groundnut
116.1,25.1,32.2,14.0,31.9,6.18,508.1,Alluvial,Zaid,wheat
57.2,38.6,6.1,23.5,50.7,7.48,443.4,Black Soil,Rabi,chickpea
131.2,70.4,46.9,27.3,84.5,6.84,1668.7,Clay Loam,Rabi,sugarcane
63.4,39.0,12.2,27.1,47.1,6.37,902.7,Loam,Kharif,cotton
78.0,37.2,5.0,29.0,55.6,7.18,538.1,Loam,Kharif,millets
66.4,26.4,5.0,22.9,62.6,6.66,435.7,Clay,Kharif,groundnut
111.0,41.0,29.2,25.8,84.8,7.1,1700.6,Alluvial,Zaid,rice
48.1,29.5,50.8,23.4,73.0,6.27,1748.3,Clay,Rabi,rice
10.0,9.7,14.7,27.1,60.3,5.99,361.5,Black Soil,Rabi,chickpea
94.8,57.6,40.8,23.1,58.5,6.84,594.4,Alluvial,Kharif,tomato
41.1,31.8,16.9,17.8,65.3,6.69,678.6,Loam,Rabi,chickpea
67.4,45.4,25.4,33.0,53.4,7.41,812.9,Clay Loam,Kharif,cotton
72.2,42.4,21.6,11.1,55.3,6.9,830.7,Clay Loam,Rabi,wheat
43.0,25.3,21.0,25.5,60.9,6.79,739.0,Black Soil,Kharif,soybean
40.3,32.7,9.0,25.0,67.3,6.59,809.5,Sandy Loam,Kharif,groundnut
103.1,21.0,42.2,30.0,78.9,5.39,774.7,Loam,Kharif,groundnut
47.6,19.2,11.5,29.3,61.4,6.68,592.2,Sandy Loam,Kharif,groundnut
42.7,34.0,5.0,27.6,71.9,6.66,545.3,Sandy Loam,Rabi,chickpea
20.6,31.8,22.9,32.6,83.7,7.09,410.2,Red Soil,Kharif,millets
78.7,31.1,36.0,30.5,60.6,6.35,1809.3,Alluvial,Kharif,rice
53.0,27.5,26.5,31.9,88.5,7.22,529.5,Clay Loam,Kharif,cotton
141.5,57.8,39.0,20.6,49.2,6.74,439.8,Black Soil,Rabi,potato
29.5,6.6,5.0,33.1,77.6,6.76,106.5,Red Soil,Kharif,millets
124.5,61.2,62.7,21.9,68.3,6.14,631.1,Sandy Loam,Rabi,potato
86.4,35.3,15.4,18.3,71.3,6.56,446.6,Alluvial,Rabi,mustard
65.6,33.0,26.9,19.9,88.0,6.18,537.3,Loam,Rabi,wheat
43.8,28.4,15.5,26.6,66.3,7.28,674.0,Clay Loam,Rabi,wheat
128.1,32.3,33.6,26.0,54.0,6.46,1891.3,Alluvial,Kharif,rice
52.2,21.0,48.8,29.9,41.1,6.58,548.9,Red Soil,Kharif,groundnut
66.4,37.3,32.7,26.7,51.9,7.35,1033.6,Loam,Kharif,soybean
72.8,19.8,16.4,22.1,40.1,6.81,511.1,Loam,Kharif,groundnut
94.3,38.3,38.4,24.9,59.3,6.21,835.7,Loam,Zaid,tomato
164.1,26.6,62.6,16.8,67.2,5.67,410.5,Loam,Kharif,potato
153.2,29.1,49.6,28.8,83.8,7.25,1792.0,Alluvial,Zaid,sugarcane
95.7,37.6,15.6,14.3,81.1,6.62,617.8,Clay,Rabi,wheat
121.9,43.6,20.1,18.1,75.0,6.03,391.3,Loam,Zaid,potato
44.6,21.4,13.6,20.5,60.2,6.85,415.2,Loam,Rabi,chickpea
10.0,30.3,19.9,20.7,79.0,6.69,394.9,Black Soil,Rabi,chickpea
167.0,65.1,50.4,30.5,61.8,7.23,1718.4,Clay Loam,Rabi,sugarcane
117.5,30.3,33.5,29.8,94.1,6.1,841.3,Sandy Loam,Rabi,maize
168.5,86.6,39.3,27.3,55.6,6.23,1515.0,Clay Loam,Kharif,sugarcane
99.1,50.4,37.5,32.1,87.5,6.81,1612.9,Clay Loam,Kharif,rice
58.0,43.0,38.5,26.1,75.1,6.63,728.4,Sandy Loam,Kharif,maize
54.0,26.4,40.5,25.2,42.2,6.68,641.9,Clay Loam,Rabi,wheat
52.7,8.2,5.0,27.2,56.7,6.49,647.9,Red Soil,Kharif,millets
63.1,39.1,17.1,24.0,56.0,6.13,921.2,Alluvial,Kharif,maize
86.7,29.0,14.9,31.2,49.1,6.42,668.5,Clay Loam,Kharif,groundnut
25.9,15.1,30.0,18.8,71.6,6.45,100.0,Alluvial,Rabi,mustard
152.2,56.0,47.7,33.5,88.4,7.25,1410.7,Loam,Zaid,sugarcane
69.1,12.7,13.6,35.2,57.8,6.7,491.0,Loam,Kharif,millets
97.7,48.6,31.3,34.3,77.9,6.68,1620.8,Alluvial,Kharif,rice
153.6,72.9,60.5,28.0,57.1,7.04,1686.9,Clay Loam,Kharif,sugarcane
79.8,33.2,20.0,18.9,51.2,6.75,581.3,Alluvial,Rabi,wheat
50.4,18.5,32.7,35.1,66.6,6.61,446.2,Loam,Kharif,millets
85.4,23.0,52.9,24.5,44.6,6.68,1625.6,Clay Loam,Kharif,rice
47.6,25.2,18.5,27.7,82.2,6.54,837.7,Loam,Kharif,groundnut
98.4,16.8,30.9,22.2,53.5,6.71,929.0,Alluvial,Rabi,maize
55.3,24.9,14.2,31.8,62.6,6.48,692.2,Red Soil,Rabi,millets
127.6,63.5,49.6,18.2,69.3,5.71,311.6,Sandy Loam,Rabi,potato
23.1,31.3,5.0,23.5,77.6,7.12,301.4,Black Soil,Rabi,chickpea
52.7,36.0,5.0,21.1,59.5,5.59,100.0,Loam,Rabi,mustard
98.0,28.9,28.5,31.6,89.0,6.43,1836.7,Clay,Kharif,rice
86.8,26.3,21.8,20.1,95.0,6.23,145.8,Loam,Rabi,mustard
24.6,22.2,32.9,29.3,69.0,7.55,645.7,Black Soil,Kharif,soybean
112.9,57.5,32.4,19.6,57.3,7.21,651.7,Sandy Loam,Rabi,wheat
55.5,25.1,28.7,26.6,77.8,6.39,798.4,Sandy Loam,Kharif,groundnut
65.3,43.6,7.3,28.2,32.5,6.71,998.0,Clay Loam,Kharif,soybean
25.1,19.1,17.3,33.5,74.7,6.16,557.4,Sandy Loam,Kharif,millets
97.5,26.5,34.5,29.8,62.3,7.13,807.5,Loam,Kharif,cotton
64.4,22.7,27.6,23.0,57.6,5.87,1045.0,Black Soil,Kharif,soybean
129.2,66.8,46.5,33.9,56.5,6.9,1660.6,Clay Loam,Kharif,rice
64.5,5.0,5.0,24.4,38.9,6.75,321.4,Black Soil,Zaid,chickpea
144.4,82.8,55.2,29.8,66.9,7.24,1734.6,Alluvial,Rabi,sugarcane
111.3,44.6,26.6,21.6,77.3,6.6,382.5,Clay Loam,Rabi,wheat
30.5,29.4,5.0,29.7,52.7,7.0,919.6,Black Soil,Kharif,soybean
104.3,26.0,41.2,23.3,63.5,6.35,227.2,Loam,Rabi,tomato
79.2,47.4,40.6,22.4,65.4,7.48,745.0,Alluvial,Zaid,tomato
41.7,5.0,5.0,18.8,56.2,7.56,516.9,Loam,Rabi,chickpea
104.6,67.5,48.7,17.8,77.0,6.01,508.7,Sandy Loam,Rabi,potato
76.2,5.0,21.0,33.0,45.9,7.63,368.3,Sandy Loam,Kharif,millets
119.3,37.1,33.7,18.7,76.9,6.59,1633.6,Alluvial,Kharif,rice
129.3,30.5,35.0,22.3,78.6,5.89,549.3,Alluvial,Rabi,tomato
10.0,13.5,23.1,29.2,52.8,6.77,563.6,Red Soil,Rabi,millets
121.8,64.8,45.2,26.4,64.6,6.77,1368.1,Alluvial,Kharif,sugarcane
139.7,48.7,63.4,22.7,81.2,6.26,485.3,Clay Loam,Rabi,potato
25.6,33.4,14.3,31.3,41.0,6.75,727.0,Black Soil,Kharif,soybean
180.9,71.9,52.4,28.7,83.4,6.57,1959.9,Clay Loam,Zaid,sugarcane
160.6,65.2,62.5,23.0,51.6,7.28,1652.3,Loam,Zaid,sugarcane
86.9,50.5,33.5,21.2,60.3,7.38,760.2,Loam,Rabi,wheat
30.9,12.6,22.9,30.0,65.6,6.47,478.0,Loam,Kharif,millets
89.6,53.0,34.6,19.6,56.6,6.33,762.3,Sandy Loam,Rabi,tomato
62.0,22.6,16.5,32.3,80.7,6.45,660.9,Red Soil,Zaid,millets
102.8,14.6,42.4,24.1,57.6,6.52,870.6,Alluvial,Kharif,cotton
18.5,8.0,32.8,34.1,65.9,7.43,436.8,Loam,Kharif,millets
68.2,38.7,34.6,24.1,77.1,6.89,764.6,Clay Loam,Kharif,soybean
65.7,17.8,19.5,20.9,89.0,6.98,261.8,Alluvial,Rabi,mustard
63.7,71.1,43.5,37.3,41.1,7.64,954.7,Loam,Kharif,cotton
34.5,19.0,9.9,35.1,59.2,6.74,223.7,Sandy Loam,Kharif,millets
34.2,8.1,19.6,35.4,82.7,6.93,370.6,Sandy Loam,Kharif,millets
40.9,5.0,9.6,32.2,64.4,6.2,536.4,Red Soil,Kharif,millets
41.1,8.1,21.0,21.3,91.8,6.66,828.4,Black Soil,Kharif,soybean
129.1,55.0,37.5,20.7,69.4,7.02,718.4,Loam,Kharif,tomato
61.9,32.7,14.9,20.8,71.0,7.33,392.9,Alluvial,Rabi,mustard
59.2,18.5,29.1,22.2,59.4,6.61,434.0,Loam,Rabi,mustard
73.2,31.1,10.9,20.9,55.3,7.21,223.1,Alluvial,Rabi,mustard
132.2,49.3,44.0,26.5,37.9,7.43,622.2,Alluvial,Zaid,tomato
57.9,32.9,14.6,19.2,56.8,6.94,691.1,Clay Loam,Rabi,wheat
49.3,27.3,27.3,22.3,65.7,6.43,465.8,Loam,Rabi,chickpea
26.5,25.0,11.5,18.6,65.5,6.74,259.7,Sandy Loam,Rabi,mustard
91.6,49.2,17.1,21.6,54.6,7.12,1031.3,Red Soil,Kharif,maize
54.5,15.8,27.4,22.4,64.9,6.67,840.0,Clay Loam,Kharif,cotton
90.3,45.6,32.5,33.7,51.9,5.82,1628.0,Clay Loam,Kharif,rice
55.5,13.8,5.0,20.4,49.6,6.73,756.3,Sandy Loam,Rabi,chickpea
98.0,61.3,26.2,27.8,64.4,6.01,713.6,Loam,Rabi,tomato
39.6,20.4,14.2,33.1,75.5,7.1,450.2,Red Soil,Kharif,millets
159.2,61.4,53.9,14.9,75.8,5.64,527.5,Sandy Loam,Rabi,potato
121.3,46.9,25.1,27.9,43.7,6.69,904.7,Sandy Loam,Rabi,tomato
51.8,43.6,5.0,21.4,94.4,7.49,874.4,Black Soil,Kharif,wheat
66.0,46.9,22.5,28.1,87.7,5.99,764.2,Black Soil,Kharif,groundnut
55.8,5.0,28.1,25.8,48.2,6.48,654.8,Black Soil,Kharif,soybean
135.0,57.1,35.1,22.5,65.4,5.96,510.6,Loam,Rabi,potato
121.7,60.9,47.1,30.4,59.2,6.6,1797.9,Clay,Kharif,rice
94.0,37.1,27.1,24.5,42.3,5.9,743.8,Loam,Kharif,maize
81.0,34.4,20.2,31.7,77.5,6.45,783.2,Red Soil,Kharif,groundnut
11.4,30.0,34.3,20.8,88.7,7.21,181.6,Clay Loam,Rabi,chickpea
121.3,30.0,17.3,26.3,74.8,6.36,605.6,Clay Loam,Rabi,wheat
44.2,16.5,5.0,16.5,66.9,6.68,606.9,Clay Loam,Rabi,chickpea
106.6,55.3,23.6,34.9,50.8,6.26,693.3,Red Soil,Zaid,maize
110.7,14.7,21.2,32.7,60.2,6.82,685.5,Clay Loam,Kharif,cotton
114.4,47.6,34.6,28.9,84.6,7.04,1499.5,Clay,Kharif,rice
123.2,77.0,35.1,12.3,28.6,6.2,583.3,Loam,Rabi,potato
56.4,36.4,48.9,31.6,77.8,6.13,1715.3,Alluvial,Kharif,rice
71.9,44.7,34.7,24.2,89.3,6.19,745.5,Red Soil,Zaid,maize
134.4,23.6,43.9,25.6,74.4,6.13,519.3,Sandy Loam,Rabi,potato
109.8,42.6,45.5,26.9,52.4,6.6,420.1,Sandy Loam,Zaid,tomato
97.5,21.2,27.0,23.8,35.9,7.52,812.4,Clay Loam,Kharif,cotton
71.1,22.2,24.0,21.3,63.5,6.38,693.5,Loam,Rabi,wheat
76.7,20.9,22.8,32.7,95.0,6.93,930.3,Loam,Kharif,cotton
114.3,60.5,62.3,14.7,52.6,6.6,615.5,Sandy Loam,Rabi,potato
54.3,5.0,15.6,28.1,55.3,6.68,413.2,Sandy Loam,Kharif,millets
85.8,34.8,42.5,27.6,81.4,6.19,775.2,Loam,Zaid,maize
111.8,69.7,49.1,29.1,45.0,6.74,593.8,Alluvial,Zaid,tomato
81.5,49.3,14.5,22.4,81.0,7.11,934.7,Red Soil,Rabi,wheat
87.3,47.7,15.8,28.2,67.9,5.65,1534.3,Alluvial,Kharif,rice
34.8,8.9,28.9,31.6,53.9,6.2,371.2,Black Soil,Kharif,millets
126.0,59.9,47.9,18.7,46.1,6.0,575.4,Loam,Kharif,potato
115.4,33.6,19.2,14.4,63.7,6.8,589.7,Alluvial,Rabi,wheat
47.4,22.2,12.4,27.4,51.3,6.79,715.7,Red Soil,Kharif,groundnut
10.0,10.2,13.1,22.9,81.1,6.6,270.8,Black Soil,Rabi,chickpea
95.5,53.6,38.2,30.9,66.7,6.48,1482.9,Clay,Kharif,rice
143.4,36.6,52.4,26.4,40.2,6.8,1592.2,Alluvial,Kharif,sugarcane
84.1,12.6,13.7,25.2,66.7,6.91,304.1,Sandy Loam,Rabi,mustard
120.5,84.2,56.5,31.3,46.0,6.42,1566.6,Loam,Rabi,sugarcane
54.2,29.9,20.2,18.6,47.2,6.43,556.8,Sandy Loam,Rabi,chickpea
65.1,20.1,19.3,21.9,89.0,6.74,200.4,Loam,Rabi,mustard
101.8,46.7,23.8,17.3,66.6,6.68,1079.5,Loam,Rabi,maize
63.8,27.7,62.8,25.0,68.9,6.87,695.5,Alluvial,Kharif,maize
128.5,49.3,37.6,16.7,52.5,6.26,667.1,Loam,Rabi,potato
84.3,38.5,30.2,29.7,67.4,6.22,589.0,Sandy Loam,Rabi,maize
115.5,46.3,44.3,22.2,73.9,5.63,504.5,Clay Loam,Rabi,potato
10.0,21.8,22.1,20.1,59.0,6.92,671.5,Sandy Loam,Rabi,chickpea
30.9,36.3,7.5,18.2,73.8,6.16,413.8,Loam,Rabi,mustard
153.2,59.2,50.6,18.0,95.0,5.81,667.5,Sandy Loam,Rabi,potato
36.2,6.1,24.5,26.9,46.6,6.72,226.0,Clay Loam,Kharif,millets
90.6,58.4,46.5,20.9,66.3,6.93,817.2,Alluvial,Zaid,tomato
61.6,51.2,21.0,16.4,54.9,6.26,647.1,Clay Loam,Rabi,wheat
10.0,17.5,15.9,27.3,58.7,6.77,475.7,Loam,Rabi,chickpea
23.9,47.2,8.0,22.5,69.5,6.57,581.0,Black Soil,Rabi,chickpea
59.8,23.2,30.0,38.9,61.9,7.12,711.4,Sandy Loam,Zaid,cotton
68.3,24.6,14.9,29.6,70.6,7.13,438.2,Red Soil,Kharif,millets
36.5,14.8,9.1,33.5,69.7,6.38,409.9,Loam,Kharif,millets
64.9,37.7,18.3,24.1,51.4,6.85,504.8,Loam,Kharif,groundnut
59.1,22.4,21.1,14.7,80.5,6.62,499.3,Sandy Loam,Rabi,mustard
138.5,31.3,54.8,22.5,56.2,6.21,708.7,Loam,Zaid,tomato
52.8,12.6,17.9,31.8,52.4,6.99,285.2,Loam,Kharif,millets
41.6,29.3,17.2,17.3,61.0,7.49,587.2,Sandy Loam,Rabi,chickpea
91.0,54.7,32.9,20.2,49.2,7.02,683.7,Alluvial,Rabi,wheat
160.1,60.1,63.5,25.5,79.3,7.15,874.9,Alluvial,Kharif,tomato
55.9,26.0,34.6,17.5,81.9,7.22,167.1,Alluvial,Kharif,mustard
100.4,48.3,59.8,10.1,64.6,6.03,720.3,Sandy Loam,Rabi,potato
178.6,63.9,55.2,32.6,62.6,6.56,1711.0,Clay Loam,Rabi,sugarcane
70.5,28.5,17.9,22.5,86.7,6.26,563.8,Loam,Rabi,wheat
123.3,44.6,35.1,18.9,83.8,6.75,316.5,Clay Loam,Zaid,tomato
80.4,62.5,39.0,24.8,64.0,6.51,341.8,Alluvial,Kharif,tomato
47.5,31.5,26.9,35.3,61.8,6.49,506.1,Loam,Kharif,millets
179.4,55.0,62.8,20.4,61.0,6.39,1643.7,Loam,Zaid,sugarcane
78.5,49.3,15.9,29.9,59.8,6.8,899.0,Loam,Kharif,cotton
53.4,35.5,15.3,20.0,76.4,6.57,348.4,Alluvial,Rabi,mustard
84.5,50.6,42.6,21.5,68.0,6.87,601.4,Clay Loam,Rabi,wheat
81.0,24.1,26.9,26.9,56.7,6.72,803.8,Black Soil,Kharif,soybean
76.6,47.2,38.1,22.0,68.0,7.27,428.7,Alluvial,Rabi,mustard
48.6,20.3,11.3,26.4,50.1,7.18,475.1,Black Soil,Rabi,chickpea
63.8,32.3,13.8,30.0,75.3,7.05,818.6,Loam,Kharif,soybean
40.1,19.3,5.0,22.0,84.7,6.43,244.2,Sandy Loam,Rabi,chickpea
119.7,53.4,46.9,30.9,37.6,7.21,1809.9,Alluvial,Kharif,rice
54.4,10.4,32.2,16.7,56.4,6.53,561.6,Sandy Loam,Rabi,mustard
79.1,22.1,11.1,21.6,55.1,7.41,414.5,Sandy Loam,Rabi,mustard
91.8,56.1,23.4,23.1,58.5,6.68,1651.4,Alluvial,Rabi,rice
114.2,58.2,37.5,28.5,74.4,5.62,1826.4,Clay Loam,Kharif,rice
59.4,41.3,29.3,27.0,85.6,6.71,789.5,Sandy Loam,Rabi,maize
31.8,23.2,5.0,35.6,65.5,7.52,267.8,Sandy Loam,Kharif,millets
56.1,24.2,14.0,31.1,63.6,6.66,651.4,Black Soil,Rabi,maize
76.6,36.2,22.2,21.7,69.0,6.38,685.4,Alluvial,Rabi,wheat
18.9,10.9,9.5,30.5,79.6,6.31,197.0,Red Soil,Kharif,millets
110.7,58.0,50.1,18.8,57.0,5.53,560.1,Loam,Rabi,potato
113.2,70.7,45.7,14.2,69.0,6.22,568.7,Sandy Loam,Rabi,potato
56.1,27.5,19.5,27.2,68.6,6.58,691.1,Sandy Loam,Kharif,groundnut
37.1,24.8,11.4,29.4,94.4,5.73,447.2,Loam,Kharif,groundnut
176.5,69.9,56.3,24.9,65.0,6.62,1580.3,Loam,Rabi,sugarcane
75.7,34.9,6.8,18.6,48.5,6.53,348.9,Alluvial,Rabi,mustard
59.6,33.6,17.6,22.4,78.4,6.34,714.1,Loam,Rabi,maize
52.0,19.7,15.8,33.3,72.4,6.02,1132.3,Black Soil,Zaid,soybean
104.0,45.4,33.7,22.8,46.7,6.71,779.8,Alluvial,Rabi,tomato
64.1,56.6,49.5,33.3,72.6,7.42,941.6,Loam,Zaid,cotton
171.0,48.5,33.6,22.0,63.7,5.66,552.9,Loam,Rabi,potato
46.9,24.9,10.5,23.5,49.5,6.86,867.4,Loam,Kharif,groundnut
27.5,32.8,25.8,24.7,45.6,6.88,521.3,Loam,Kharif,groundnut
16.1,11.1,14.1,31.4,87.2,6.97,534.5,Sandy Loam,Kharif,millets
42.7,23.3,5.0,29.1,87.9,6.82,963.4,Clay Loam,Kharif,soybean
83.6,43.1,25.0,30.8,94.2,6.41,586.2,Loam,Kharif,groundnut
21.5,25.2,5.0,23.4,47.3,7.05,465.1,Loam,Rabi,chickpea
74.8,40.8,30.9,33.3,64.6,8.09,1094.6,Loam,Zaid,cotton
81.9,25.7,49.2,23.9,87.9,7.09,860.6,Sandy Loam,Kharif,cotton
83.1,5.0,21.1,24.9,74.5,6.87,546.8,Clay Loam,Kharif,soybean
32.6,19.6,19.9,27.6,58.1,6.92,942.4,Clay Loam,Zaid,soybean
73.5,31.2,27.7,14.9,91.2,7.35,621.9,Clay Loam,Rabi,wheat
107.4,42.2,15.6,23.4,39.3,5.95,743.6,Sandy Loam,Kharif,tomato
51.6,36.1,32.1,29.2,28.2,6.68,927.3,Red Soil,Kharif,groundnut
32.3,20.2,5.0,27.4,74.5,6.75,591.6,Sandy Loam,Rabi,chickpea
48.1,15.6,6.6,24.5,59.4,7.1,532.4,Clay Loam,Rabi,chickpea
56.8,23.0,5.8,28.4,75.0,6.28,693.5,Clay Loam,Kharif,soybean
123.2,57.3,56.6,28.6,80.9,6.37,755.7,Alluvial,Rabi,tomato
149.9,69.8,50.5,31.7,83.1,6.63,1477.4,Alluvial,Kharif,sugarcane
47.6,33.1,17.9,27.7,92.7,6.61,686.5,Black Soil,Kharif,soybean
45.1,29.8,23.1,13.4,59.2,6.93,502.1,Sandy Loam,Rabi,mustard
97.3,34.9,43.0,18.7,66.6,6.95,494.9,Alluvial,Rabi,wheat
64.9,17.7,18.3,18.3,40.2,6.63,375.0,Alluvial,Rabi,mustard
124.9,41.0,41.7,16.3,60.2,6.52,724.4,Loam,Rabi,potato
81.1,56.9,28.3,24.3,57.6,7.76,1728.8,Clay,Kharif,rice
128.0,54.1,47.8,27.8,95.0,6.5,536.4,Alluvial,Rabi,tomato
49.4,27.0,7.9,24.2,69.6,5.84,684.9,Clay Loam,Kharif,soybean
59.3,23.3,30.1,25.2,35.8,7.38,655.8,Loam,Kharif,groundnut
33.3,9.3,32.5,22.2,62.0,6.97,642.9,Sandy Loam,Rabi,chickpea
26.3,25.2,5.9,30.3,69.9,6.66,431.6,Clay Loam,Kharif,millets
36.0,16.6,25.4,25.1,91.5,6.72,781.0,Clay Loam,Kharif,soybean
56.9,17.3,10.5,23.3,79.8,6.52,606.0,Black Soil,Kharif,groundnut
101.3,34.9,26.1,31.3,55.3,7.42,832.9,Clay,Kharif,cotton
125.2,70.3,58.4,24.6,69.2,6.28,1295.5,Loam,Zaid,sugarcane
66.0,52.7,44.3,31.1,68.8,6.61,668.0,Clay Loam,Kharif,cotton
136.4,70.1,42.8,16.3,56.7,5.73,647.5,Loam,Rabi,potato
58.8,17.4,21.0,31.2,65.1,6.98,548.5,Black Soil,Kharif,soybean
85.2,34.5,37.1,22.1,48.1,6.29,811.7,Red Soil,Kharif,maize
93.5,39.9,33.1,27.4,69.9,7.37,363.5,Clay Loam,Kharif,cotton
36.4,19.7,16.0,29.6,71.0,5.39,1038.0,Black Soil,Kharif,soybean
80.4,74.3,33.7,28.3,72.0,6.65,1711.6,Clay Loam,Kharif,rice
86.4,59.3,32.3,26.1,62.9,6.74,683.3,Clay,Rabi,maize
75.9,19.1,13.1,22.1,68.3,6.99,1084.9,Sandy Loam,Kharif,soybean
21.5,9.0,15.7,35.0,50.2,6.63,380.9,Sandy Loam,Kharif,millets
39.3,27.3,23.4,32.3,48.4,7.03,712.2,Red Soil,Kharif,groundnut
72.5,29.7,17.6,32.1,52.7,6.84,599.0,Red Soil,Zaid,maize
69.8,25.6,14.1,36.0,66.6,7.65,826.3,Loam,Kharif,cotton
89.5,30.3,36.2,25.2,95.0,5.99,510.1,Red Soil,Kharif,maize
121.0,39.9,47.4,26.1,49.9,6.94,1621.4,Alluvial,Kharif,rice
76.1,33.1,39.6,37.4,80.4,7.16,794.7,Black Soil,Kharif,cotton
40.4,33.4,24.4,23.7,48.1,6.81,891.6,Loam,Kharif,groundnut
44.4,19.2,20.4,26.0,54.8,6.27,776.8,Red Soil,Kharif,groundnut
104.8,38.8,27.7,33.7,78.2,7.13,897.7,Loam,Kharif,cotton
10.0,9.5,8.4,37.6,54.3,7.39,458.4,Loam,Kharif,millets
131.2,37.6,34.8,34.3,80.5,6.56,1588.5,Clay,Kharif,rice
172.6,73.9,59.0,27.5,74.0,6.81,1759.8,Alluvial,Zaid,sugarcane
92.5,46.0,38.6,25.3,48.3,6.39,1732.7,Alluvial,Kharif,rice
73.2,58.8,36.7,28.0,71.9,6.2,582.1,Alluvial,Zaid,maize
112.2,17.7,13.9,27.2,60.0,7.5,811.2,Loam,Zaid,cotton
86.1,51.9,52.5,28.1,95.0,6.62,1992.5,Clay Loam,Kharif,rice
63.7,23.3,23.5,18.9,59.5,6.88,563.6,Sandy Loam,Rabi,mustard
160.6,74.3,50.9,35.5,58.0,6.74,1844.8,Sandy Loam,Zaid,sugarcane
47.0,18.2,13.8,32.8,64.2,6.23,749.0,Loam,Kharif,millets
138.7,79.9,36.7,23.0,68.4,6.84,514.3,Sandy Loam,Rabi,potato
71.1,57.4,35.9,25.2,75.5,6.51,649.0,Loam,Kharif,maize
65.8,28.6,26.7,21.0,59.6,6.86,658.1,Sandy Loam,Rabi,mustard
44.4,5.0,28.4,14.7,86.4,6.5,309.0,Alluvial,Rabi,mustard
32.7,19.6,14.2,25.6,82.2,6.84,411.1,Loam,Rabi,chickpea
57.2,19.2,16.5,22.6,66.9,7.07,461.1,Loam,Rabi,chickpea
47.8,27.3,9.2,24.7,76.5,7.18,792.4,Black Soil,Kharif,soybean
97.2,56.9,39.1,12.7,50.5,5.65,725.0,Sandy Loam,Rabi,potato
44.0,9.2,19.6,28.9,64.6,6.33,591.0,Red Soil,Kharif,groundnut
101.4,5.0,15.1,26.7,58.1,7.54,591.1,Alluvial,Kharif,soybean
10.0,26.9,25.5,34.8,80.7,6.65,345.8,Sandy Loam,Kharif,millets
115.7,34.3,26.6,33.4,66.9,6.74,877.0,Sandy Loam,Kharif,maize
37.3,16.7,23.8,24.1,64.9,7.15,377.3,Sandy Loam,Rabi,chickpea
49.8,28.2,31.8,20.7,43.6,6.96,876.1,Black Soil,Kharif,soybean
144.4,90.7,63.5,33.1,72.8,7.34,1630.3,Clay Loam,Zaid,sugarcane
76.8,8.9,26.2,27.3,58.1,6.69,806.6,Loam,Kharif,groundnut
44.5,28.6,5.0,26.4,48.8,6.76,698.4,Black Soil,Kharif,soybean
124.1,77.5,41.0,24.3,84.9,6.44,466.5,Sandy Loam,Kharif,potato
153.5,46.6,71.8,32.6,63.8,6.92,1533.1,Clay Loam,Rabi,sugarcane
31.5,12.1,24.1,17.8,39.1,6.63,539.4,Black Soil,Rabi,chickpea
25.7,22.7,30.8,27.1,44.0,6.2,409.4,Red Soil,Kharif,groundnut
96.2,20.1,45.2,22.7,64.0,6.81,1578.3,Clay,Kharif,rice
64.7,5.0,23.8,24.6,66.1,6.16,868.4,Black Soil,Kharif,soybean
23.9,28.7,20.5,18.3,59.2,6.42,631.6,Black Soil,Rabi,chickpea
93.7,38.5,42.2,24.5,66.8,6.13,525.0,Loam,Rabi,tomato
66.2,5.5,19.9,25.8,81.0,6.85,833.8,Clay Loam,Kharif,soybean
132.1,67.5,40.7,26.7,58.0,6.22,696.8,Alluvial,Zaid,tomato
42.4,26.2,15.0,28.7,33.9,6.19,639.9,Loam,Kharif,groundnut
10.0,18.4,5.0,20.4,93.2,6.67,580.0,Black Soil,Rabi,chickpea
22.1,24.8,13.7,33.8,41.9,6.28,1071.1,Loam,Kharif,groundnut
108.8,35.0,27.6,19.2,91.0,6.96,530.5,Clay Loam,Rabi,wheat
99.0,11.2,36.0,26.8,55.6,7.29,802.5,Clay Loam,Zaid,cotton
66.9,55.1,24.9,31.8,80.5,6.24,1155.5,Black Soil,Kharif,cotton
80.3,35.2,22.2,18.3,63.2,6.77,621.9,Sandy Loam,Rabi,mustard
26.9,13.6,5.0,20.1,65.7,6.87,326.0,Loam,Rabi,chickpea
88.7,34.1,11.3,23.2,58.5,6.6,1996.1,Black Soil,Kharif,rice
42.5,18.1,7.4,27.8,79.1,6.55,100.0,Sandy Loam,Kharif,millets
69.1,17.4,26.4,31.8,68.8,7.31,891.5,Sandy Loam,Kharif,cotton
24.3,11.1,18.2,25.4,49.1,6.18,461.9,Alluvial,Kharif,mustard
134.3,66.7,52.6,29.5,95.0,6.53,1541.9,Clay Loam,Zaid,sugarcane
21.8,15.6,31.8,31.6,63.7,6.01,615.4,Loam,Kharif,soybean
38.6,45.6,18.3,29.6,87.2,6.08,863.8,Red Soil,Kharif,groundnut
142.3,44.1,32.2,21.0,66.3,7.08,556.5,Alluvial,Rabi,tomato
98.9,60.9,61.7,21.4,59.2,6.65,579.5,Alluvial,Kharif,tomato
70.2,31.9,12.5,15.6,76.2,7.29,284.4,Loam,Rabi,mustard
124.4,46.1,27.1,26.2,45.8,7.02,1752.1,Alluvial,Kharif,rice
68.9,15.9,8.5,24.9,94.5,6.35,463.2,Red Soil,Kharif,groundnut
100.9,48.9,25.6,32.0,42.4,6.53,588.3,Red Soil,Kharif,maize
133.0,33.0,24.7,25.5,59.7,7.22,916.9,Loam,Zaid,cotton
147.1,54.6,38.5,29.1,95.0,7.26,1661.7,Alluvial,Rabi,sugarcane
10.2,23.6,5.0,26.8,95.0,7.17,614.0,Loam,Kharif,millets
35.5,5.0,12.5,27.8,76.1,6.59,601.8,Sandy Loam,Kharif,chickpea
120.0,24.8,48.4,22.7,95.0,6.81,829.7,Sandy Loam,Kharif,maize
99.0,64.0,39.6,29.4,50.4,6.46,1636.7,Clay,Kharif,rice
56.8,41.6,20.3,16.1,54.5,6.64,545.1,Loam,Rabi,wheat
175.3,53.1,49.0,34.0,33.0,6.59,1333.6,Sandy Loam,Rabi,sugarcane
122.7,50.7,27.0,21.2,45.0,5.54,572.0,Sandy Loam,Rabi,potato
131.1,41.4,33.2,32.5,47.2,5.77,1693.3,Alluvial,Kharif,rice
15.5,14.9,35.1,22.6,48.9,6.71,1061.0,Clay Loam,Kharif,soybean
29.2,12.6,19.3,18.8,51.6,7.26,459.6,Black Soil,Rabi,chickpea
82.6,60.3,26.4,25.3,53.1,6.72,1978.8,Clay,Kharif,rice
77.3,54.3,31.8,26.9,59.7,6.31,1763.3,Clay Loam,Kharif,rice
119.6,42.5,35.1,24.4,75.8,7.2,933.8,Loam,Kharif,tomato
54.8,28.6,11.0,29.5,57.7,6.17,757.5,Loam,Kharif,groundnut
64.6,23.8,19.6,24.0,74.8,6.89,838.6,Clay Loam,Zaid,soybean
140.9,38.6,48.6,32.4,66.2,6.9,1714.2,Black Soil,Kharif,rice
43.0,28.7,18.3,25.3,89.9,5.76,637.3,Loam,Kharif,groundnut
128.4,40.0,46.0,15.3,62.5,5.41,715.7,Loam,Rabi,potato
38.7,9.4,22.5,26.5,94.8,7.31,568.1,Black Soil,Kharif,soybean
74.3,46.9,26.4,31.3,64.3,7.32,862.3,Clay Loam,Rabi,cotton
104.2,65.8,32.6,19.6,62.7,6.66,596.4,Loam,Rabi,potato
84.2,52.2,36.4,26.4,58.9,6.53,1623.7,Clay,Kharif,rice
136.7,53.1,41.4,23.1,59.5,7.62,511.0,Sandy Loam,Kharif,tomato
45.1,18.5,19.3,25.3,70.0,6.54,544.0,Loam,Kharif,groundnut
55.9,20.3,25.2,21.3,58.5,6.74,500.7,Loam,Zaid,wheat
43.2,38.0,8.9,16.5,42.4,6.79,192.5,Sandy Loam,Rabi,mustard
91.6,70.8,45.0,26.5,57.8,6.66,617.1,Alluvial,Rabi,tomato
122.5,47.3,43.2,24.0,72.4,5.51,701.4,Loam,Rabi,potato
86.2,63.2,44.5,28.7,74.8,6.35,685.6,Alluvial,Rabi,tomato
47.9,5.0,5.0,13.4,73.7,7.52,449.1,Red Soil,Rabi,chickpea
62.4,19.9,13.6,17.8,83.6,6.13,469.3,Alluvial,Rabi,mustard
119.8,34.4,20.3,16.8,78.5,6.15,410.4,Loam,Rabi,wheat
47.6,5.0,5.0,21.0,64.8,5.91,676.4,Sandy Loam,Kharif,groundnut
78.9,34.4,52.5,16.4,65.4,6.15,816.0,Clay Loam,Rabi,wheat
114.9,51.7,50.3,38.0,72.2,5.87,1702.1,Loam,Kharif,sugarcane
117.2,59.5,37.1,24.6,76.1,6.71,723.5,Alluvial,Rabi,wheat
53.0,17.1,31.2,27.7,54.9,6.72,733.7,Red Soil,Kharif,groundnut
90.2,5.0,17.0,16.2,86.9,6.89,207.1,Red Soil,Rabi,mustard
86.3,46.4,38.1,15.7,61.8,6.22,346.2,Loam,Rabi,potato
96.8,54.4,45.8,16.8,49.7,6.48,623.2,Alluvial,Rabi,tomato
68.2,22.9,36.9,18.6,61.7,6.85,778.3,Clay Loam,Kharif,soybean
14.6,6.5,13.1,19.5,61.7,6.81,359.0,Sandy Loam,Rabi,chickpea
47.3,21.5,19.3,19.7,77.3,6.55,595.5,Loam,Rabi,mustard
54.5,20.0,37.1,20.2,78.4,6.33,428.8,Loam,Rabi,mustard
10.0,8.9,15.0,30.5,72.1,7.01,499.7,Red Soil,Kharif,millets
135.7,52.5,39.1,20.7,41.9,6.1,458.1,Loam,Rabi,potato
54.6,11.0,11.4,29.5,53.9,6.69,383.9,Loam,Kharif,millets
122.4,37.5,39.3,20.7,94.9,6.21,471.4,Sandy Loam,Zaid,tomato
41.8,14.2,5.0,34.9,43.1,7.33,495.5,Red Soil,Kharif,millets
86.6,46.2,33.6,17.3,85.8,7.31,676.2,Clay Loam,Rabi,wheat
83.8,8.1,20.4,23.8,76.4,6.73,680.3,Alluvial,Rabi,mustard
35.2,24.2,23.0,23.0,80.3,6.64,230.4,Red Soil,Rabi,chickpea
117.0,45.5,28.8,29.5,58.2,6.79,1525.5,Alluvial,Rabi,rice
49.4,39.2,16.2,22.1,65.8,7.39,708.8,Alluvial,Rabi,wheat
109.8,37.1,28.0,31.3,82.0,6.59,1813.7,Black Soil,Kharif,rice
40.6,58.3,22.7,28.5,49.9,7.86,1029.6,Clay Loam,Kharif,cotton
69.2,34.8,32.4,18.1,72.8,7.24,782.3,Clay Loam,Rabi,wheat
29.3,28.7,25.5,33.9,53.2,6.84,516.8,Red Soil,Kharif,millets
109.2,47.0,32.9,19.0,62.7,6.75,724.0,Sandy Loam,Rabi,potato
108.3,24.4,44.9,27.8,86.9,7.06,651.4,Clay Loam,Kharif,cotton
10.0,5.0,9.4,33.1,73.8,6.36,465.1,Loam,Rabi,millets
80.1,17.9,36.1,22.0,74.6,6.52,814.4,Loam,Rabi,wheat
42.1,23.3,37.8,31.8,76.3,6.5,774.1,Loam,Kharif,groundnut
101.1,36.1,41.4,32.3,80.2,7.25,710.8,Loam,Zaid,cotton
16.5,14.1,5.0,18.4,48.1,6.93,448.3,Black Soil,Rabi,chickpea
139.7,41.9,50.5,14.6,89.1,6.18,707.4,Loam,Rabi,potato
65.3,39.2,13.3,27.3,88.8,6.9,811.2,Clay Loam,Kharif,soybean
91.7,14.9,23.1,22.7,69.5,7.37,301.2,Loam,Rabi,mustard
40.1,41.8,20.5,22.1,60.2,6.71,250.2,Sandy Loam,Rabi,mustard
49.9,15.4,11.2,25.5,72.7,6.11,858.2,Clay Loam,Rabi,soybean
15.8,28.9,15.6,32.2,20.7,6.32,737.8,Loam,Kharif,soybean
105.0,49.2,19.2,27.0,69.9,6.64,1820.7,Clay,Kharif,rice
143.8,83.0,38.1,30.0,72.7,7.27,1887.8,Sandy Loam,Kharif,sugarcane
63.2,24.2,19.4,28.2,91.1,6.34,712.0,Loam,Kharif,groundnut
122.1,85.3,55.2,24.4,71.6,7.56,1773.8,Alluvial,Kharif,sugarcane
10.0,18.3,26.7,31.6,43.8,7.63,316.8,Loam,Kharif,millets
143.2,76.7,57.0,27.7,35.1,6.43,1346.2,Loam,Zaid,sugarcane
93.7,48.4,29.0,28.8,35.5,7.25,1602.2,Alluvial,Kharif,rice
59.0,12.2,20.4,28.9,72.8,6.02,541.4,Clay Loam,Kharif,soybean
113.6,72.7,52.3,28.7,95.0,6.57,1882.4,Loam,Zaid,sugarcane
76.5,54.1,26.3,27.0,68.1,5.87,1015.6,Alluvial,Kharif,maize
15.8,16.1,36.3,27.7,70.5,6.21,239.4,Loam,Rabi,millets
111.9,48.5,40.2,24.4,44.8,6.41,542.4,Sandy Loam,Zaid,tomato
51.9,39.9,23.1,15.1,54.3,6.3,298.3,Alluvial,Rabi,mustard
104.5,49.6,49.8,20.0,40.5,6.52,820.1,Alluvial,Rabi,tomato
47.6,45.5,29.8,26.2,64.3,7.29,665.9,Clay Loam,Kharif,cotton
79.0,27.4,16.0,18.5,62.4,7.73,261.5,Sandy Loam,Rabi,mustard
62.8,27.8,36.5,24.0,41.1,7.51,835.5,Loam,Kharif,cotton
124.3,52.9,48.4,16.8,80.2,6.23,254.4,Loam,Rabi,potato
35.5,30.2,5.0,21.5,45.6,6.99,647.8,Sandy Loam,Rabi,chickpea
51.7,44.2,5.0,30.7,37.7,6.52,570.9,Clay Loam,Zaid,groundnut
49.1,49.0,44.9,32.4,76.7,6.66,937.7,Sandy Loam,Rabi,maize
32.6,35.5,31.2,24.4,72.9,6.17,580.3,Loam,Kharif,soybean
38.9,12.1,6.4,20.8,47.4,7.4,508.2,Sandy Loam,Zaid,chickpea
150.1,67.2,34.7,22.3,80.0,7.52,1882.5,Loam,Zaid,sugarcane
130.0,47.2,28.7,29.1,61.4,7.22,1524.7,Alluvial,Kharif,rice
128.5,50.1,36.6,30.8,57.1,7.44,1828.1,Alluvial,Kharif,rice
55.7,16.2,19.5,29.9,68.0,7.02,539.8,Loam,Kharif,groundnut
105.2,30.3,21.4,25.4,60.9,6.88,569.3,Loam,Kharif,cotton
77.0,49.1,42.9,20.9,45.3,7.16,811.6,Loam,Rabi,wheat
31.1,12.5,5.0,19.1,57.8,7.23,714.3,Alluvial,Rabi,chickpea
34.8,11.6,22.4,40.8,78.8,6.81,186.2,Loam,Kharif,millets
48.9,5.5,15.6,21.5,49.7,7.0,253.7,Sandy Loam,Rabi,mustard
109.7,47.3,44.9,20.5,81.8,7.2,684.6,Alluvial,Kharif,tomato
74.2,24.2,22.4,13.2,71.4,7.28,432.6,Alluvial,Rabi,mustard
14.1,5.0,16.4,18.4,63.3,6.97,218.6,Black Soil,Kharif,chickpea
125.4,48.5,35.2,28.5,54.4,6.25,603.2,Loam,Rabi,tomato
160.9,73.9,37.2,20.1,42.6,6.66,411.3,Loam,Kharif,tomato
15.5,5.0,7.5,27.3,44.4,6.78,335.5,Loam,Rabi,chickpea
56.5,26.9,5.1,31.0,72.9,6.55,554.7,Sandy Loam,Kharif,groundnut
27.0,6.2,5.0,31.8,76.2,6.81,499.7,Loam,Kharif,millets
20.1,19.6,7.4,24.4,75.9,7.42,462.4,Red Soil,Kharif,soybean
28.9,48.7,19.2,19.9,59.8,7.03,335.2,Loam,Rabi,mustard
118.8,36.0,15.5,18.8,65.7,6.61,770.7,Red Soil,Kharif,tomato
64.0,12.3,5.0,22.6,53.3,6.74,931.6,Loam,Rabi,soybean
135.6,95.1,57.8,31.8,63.4,6.39,1535.4,Loam,Kharif,sugarcane
122.9,61.0,44.5,18.8,57.7,6.24,763.9,Sandy Loam,Rabi,potato
93.4,59.9,26.8,31.4,44.4,6.18,722.7,Red Soil,Zaid,maize
47.6,34.3,8.0,25.1,58.6,6.85,359.4,Alluvial,Rabi,mustard
21.6,27.0,15.6,24.6,62.1,6.79,1068.7,Black Soil,Kharif,soybean
84.5,49.6,36.4,20.1,61.3,5.87,517.6,Loam,Rabi,mustard
33.1,5.0,31.4,29.6,33.8,6.71,932.9,Black Soil,Kharif,soybean
149.2,50.0,58.0,26.5,66.3,6.9,689.4,Sandy Loam,Zaid,tomato
106.0,62.8,33.9,33.0,39.8,6.19,721.4,Loam,Kharif,tomato
75.1,50.8,11.6,21.2,60.2,7.55,520.7,Loam,Rabi,wheat
119.5,41.4,44.7,27.4,56.8,7.02,590.3,Sandy Loam,Kharif,tomato
60.8,18.2,30.7,36.0,24.4,6.81,252.5,Loam,Kharif,millets
104.9,37.6,33.2,29.4,75.8,6.33,909.7,Alluvial,Zaid,maize
79.7,36.1,38.0,21.3,36.4,5.98,921.2,Alluvial,Zaid,maize
72.5,38.0,18.0,27.1,53.8,6.33,709.1,Loam,Kharif,maize
87.5,32.7,30.8,32.2,57.6,6.72,1003.1,Clay Loam,Kharif,cotton
74.2,21.3,5.8,36.4,64.8,6.41,412.9,Loam,Kharif,millets
42.7,16.3,31.6,35.7,55.1,7.44,307.6,Sandy Loam,Kharif,millets
49.6,11.8,5.0,23.2,65.8,6.57,685.7,Black Soil,Kharif,soybean
82.1,55.6,31.4,28.4,37.2,6.95,1706.0,Clay,Zaid,rice
121.3,77.3,51.3,26.5,81.1,6.25,693.7,Sandy Loam,Zaid,tomato
81.0,23.4,30.2,29.6,87.6,6.49,709.0,Loam,Kharif,groundnut
70.9,24.7,5.0,17.3,71.8,6.94,742.5,Black Soil,Rabi,chickpea
122.0,40.1,23.6,28.4,58.5,5.73,687.5,Sandy Loam,Rabi,tomato
111.8,43.1,27.9,32.5,67.8,7.48,974.7,Loam,Kharif,cotton
54.3,26.1,24.5,25.3,64.4,5.59,248.7,Loam,Rabi,millets
79.8,26.8,34.1,16.0,54.6,6.91,789.7,Clay Loam,Rabi,wheat
27.1,13.2,5.0,25.1,71.6,6.48,296.4,Loam,Rabi,chickpea
65.7,5.0,13.6,28.4,71.7,6.84,534.8,Sandy Loam,Kharif,millets
50.8,25.1,5.0,35.4,77.3,6.79,362.5,Red Soil,Rabi,millets
107.3,52.2,48.5,17.5,69.6,6.32,533.8,Sandy Loam,Zaid,potato
96.1,35.6,45.7,21.3,90.2,6.6,759.4,Sandy Loam,Zaid,maize
105.1,56.1,45.9,17.8,58.4,6.41,717.2,Sandy Loam,Kharif,potato
27.9,5.0,23.4,35.9,64.1,6.96,444.6,Loam,Kharif,millets
104.1,37.6,33.9,17.1,67.1,6.97,704.0,Alluvial,Rabi,wheat
106.2,82.0,39.9,10.3,41.1,6.27,523.4,Loam,Rabi,potato
12.0,10.6,23.1,22.3,66.6,6.81,593.6,Black Soil,Kharif,chickpea
123.5,57.2,39.3,19.2,36.4,6.68,449.5,Sandy Loam,Kharif,tomato
58.5,20.3,11.5,24.9,64.5,7.31,751.4,Black Soil,Kharif,soybean
119.9,44.4,36.9,21.0,62.2,5.45,589.3,Loam,Rabi,potato
85.7,47.4,20.2,25.4,52.3,6.69,583.7,Red Soil,Kharif,maize
112.6,43.1,18.3,26.1,55.2,6.17,859.1,Alluvial,Kharif,maize
162.2,54.9,38.6,28.7,66.7,6.05,739.2,Loam,Zaid,tomato
50.4,20.6,11.9,30.6,95.0,6.68,737.2,Loam,Kharif,soybean
146.5,54.6,48.3,27.4,50.4,6.5,1543.5,Black Soil,Rabi,sugarcane
67.9,33.8,18.6,18.1,85.1,6.47,247.4,Sandy Loam,Rabi,mustard
73.4,33.6,10.4,34.4,64.6,6.36,100.0,Sandy Loam,Kharif,millets
60.9,20.5,27.1,27.3,95.0,7.29,667.9,Black Soil,Kharif,soybean
72.2,47.3,45.6,27.9,83.7,7.69,959.2,Loam,Kharif,cotton
84.0,32.4,41.8,21.1,36.4,5.83,1814.1,Alluvial,Rabi,rice
170.1,70.8,62.2,32.6,76.4,6.67,1872.7,Loam,Rabi,sugarcane
64.6,29.5,24.4,15.1,55.6,6.63,619.7,Loam,Rabi,wheat
85.0,57.9,5.0,28.4,51.7,6.45,888.3,Loam,Kharif,maize
115.6,46.9,37.2,21.3,69.2,5.68,615.6,Alluvial,Rabi,tomato
44.7,12.5,38.3,24.9,62.1,6.59,820.6,Sandy Loam,Rabi,chickpea
113.2,63.4,50.4,23.7,90.3,6.33,886.8,Clay Loam,Kharif,potato
89.0,26.5,19.8,30.1,83.5,7.71,780.3,Loam,Kharif,cotton
44.3,48.1,19.1,27.7,41.7,6.3,712.0,Red Soil,Kharif,groundnut
65.2,18.3,30.8,27.1,63.9,6.43,736.0,Loam,Kharif,groundnut
96.0,32.3,48.9,33.0,32.8,6.22,1027.7,Loam,Rabi,cotton
96.3,56.6,44.6,21.7,66.5,6.44,1669.9,Clay Loam,Kharif,rice
118.2,34.7,36.6,29.2,91.5,5.89,1461.7,Clay Loam,Kharif,rice
118.7,78.8,35.8,26.8,36.2,7.06,798.9,Sandy Loam,Rabi,tomato
121.7,77.4,40.7,16.0,78.3,6.07,583.1,Sandy Loam,Rabi,potato
27.8,22.0,17.4,21.4,76.2,6.74,757.5,Clay Loam,Kharif,soybean
113.6,73.0,64.5,26.4,59.2,6.94,1679.1,Alluvial,Kharif,sugarcane
69.4,24.5,20.0,13.1,60.7,7.32,100.0,Loam,Rabi,mustard
40.3,38.9,49.4,25.8,57.8,6.47,785.2,Red Soil,Kharif,maize
24.2,6.8,21.7,17.5,88.5,7.29,782.8,Sandy Loam,Rabi,chickpea
102.5,15.6,43.2,14.7,59.0,6.82,785.3,Clay Loam,Rabi,wheat
67.0,13.2,8.9,25.3,50.5,7.17,671.9,Red Soil,Kharif,groundnut
42.8,13.0,18.8,23.1,52.7,7.32,433.4,Sandy Loam,Rabi,chickpea
49.4,28.0,11.5,17.1,79.3,6.35,502.4,Loam,Rabi,mustard
49.1,28.3,30.4,31.0,95.0,7.2,314.8,Loam,Kharif,millets
126.1,66.4,58.8,32.2,68.2,6.25,1793.2,Clay Loam,Kharif,sugarcane
98.9,59.8,30.0,19.9,84.6,6.47,675.7,Loam,Kharif,wheat
82.3,52.3,23.5,16.0,51.8,6.95,550.7,Alluvial,Rabi,wheat
93.9,18.1,17.2,24.5,73.8,6.89,770.2,Sandy Loam,Rabi,maize
50.9,37.3,36.3,16.6,58.1,7.73,697.9,Clay Loam,Zaid,wheat
49.3,5.0,14.2,30.6,92.2,6.66,681.2,Red Soil,Kharif,groundnut
57.1,13.4,18.9,35.9,63.3,6.7,369.2,Loam,Zaid,millets
45.4,5.4,21.9,32.8,76.8,6.56,915.7,Sandy Loam,Kharif,groundnut
50.4,5.7,8.5,30.9,77.4,7.0,179.6,Loam,Kharif,millets
142.7,50.7,25.3,34.0,95.0,6.36,1865.5,Clay,Kharif,rice
85.4,28.3,18.9,23.2,58.0,6.55,340.0,Clay,Rabi,mustard
10.0,14.8,5.0,19.0,43.6,6.8,351.8,Black Soil,Rabi,chickpea
128.3,75.8,20.7,19.9,75.0,6.04,453.0,Sandy Loam,Rabi,potato
145.8,57.0,43.5,20.2,66.1,5.31,632.8,Loam,Rabi,potato
66.4,33.1,20.3,11.3,69.8,6.83,484.9,Sandy Loam,Rabi,mustard
32.9,40.5,5.0,23.0,64.7,7.03,985.7,Clay Loam,Kharif,soybean
49.1,47.5,40.7,15.5,74.2,6.45,451.0,Sandy Loam,Rabi,mustard
128.8,83.2,44.7,32.4,61.7,7.25,1850.4,Alluvial,Zaid,sugarcane
57.0,40.0,20.9,30.2,80.1,6.83,893.1,Clay Loam,Rabi,cotton
129.0,42.8,54.8,26.0,52.8,6.54,613.9,Alluvial,Zaid,tomato
105.9,37.4,36.2,24.6,37.6,6.3,725.7,Red Soil,Kharif,maize
61.7,15.7,5.0,32.0,76.4,6.63,498.3,Red Soil,Kharif,millets
12.1,12.3,6.1,23.3,95.0,6.87,867.6,Black Soil,Zaid,soybean
72.7,23.8,13.0,25.9,58.6,6.47,654.5,Loam,Kharif,mustard
99.2,57.9,24.6,18.5,61.5,6.84,714.8,Clay Loam,Rabi,wheat
119.0,53.6,29.0,30.8,64.9,5.74,1702.9,Clay,Kharif,rice
139.4,69.7,59.6,12.7,68.2,6.13,517.3,Loam,Rabi,potato
102.1,34.4,42.1,33.7,50.8,6.42,618.0,Red Soil,Zaid,maize
17.1,13.3,15.9,20.6,58.7,6.91,415.5,Sandy Loam,Rabi,chickpea
73.4,26.7,19.0,28.7,35.4,7.23,838.4,Loam,Kharif,cotton
64.2,12.3,13.4,21.4,84.0,6.81,611.0,Sandy Loam,Rabi,chickpea
78.0,43.6,26.7,18.2,41.1,6.32,717.4,Sandy Loam,Rabi,potato
136.3,85.9,44.7,20.2,74.0,5.77,669.1,Sandy Loam,Rabi,potato
144.1,42.4,52.1,19.8,47.5,5.76,786.8,Sandy Loam,Kharif,tomato
93.0,32.4,33.5,23.1,30.8,6.63,1741.3,Alluvial,Kharif,rice
41.8,29.3,11.2,26.0,56.2,6.93,751.0,Black Soil,Kharif,soybean
63.0,39.5,25.7,13.0,85.3,6.29,444.0,Sandy Loam,Rabi,mustard
101.3,46.7,30.4,30.7,70.8,6.54,1966.3,Clay,Kharif,rice
73.4,26.5,29.8,14.7,52.1,6.87,380.9,Loam,Rabi,mustard
20.9,14.9,13.2,27.9,35.8,7.15,145.6,Loam,Kharif,millets
47.1,25.5,30.3,15.8,71.3,6.9,552.5,Sandy Loam,Rabi,mustard
98.4,17.8,52.6,37.1,52.1,6.5,1828.0,Clay Loam,Kharif,rice
67.8,28.9,23.1,32.2,66.2,6.65,1292.9,Loam,Kharif,cotton
167.5,71.9,61.8,27.9,54.3,6.93,1824.7,Loam,Zaid,sugarcane
97.1,27.2,26.2,33.5,77.8,6.72,902.0,Red Soil,Zaid,maize
113.2,54.0,50.2,17.3,88.5,5.75,519.3,Sandy Loam,Rabi,potato
18.3,43.7,12.2,20.2,68.6,7.48,738.8,Clay Loam,Kharif,soybean
51.9,24.7,5.0,30.4,46.1,7.12,590.3,Loam,Zaid,groundnut
102.9,41.1,47.5,28.6,57.9,6.46,890.5,Alluvial,Kharif,maize
175.1,66.3,60.4,34.7,52.9,6.53,1594.3,Alluvial,Zaid,sugarcane
96.7,37.1,27.6,27.6,71.7,7.1,990.9,Black Soil,Kharif,cotton
39.4,26.4,12.6,35.9,47.5,6.38,158.4,Black Soil,Kharif,millets
94.8,41.4,20.4,12.9,87.7,6.93,769.2,Alluvial,Rabi,wheat
66.3,32.2,12.8,19.6,73.8,6.8,425.4,Loam,Rabi,mustard
61.1,23.8,5.0,22.3,73.2,6.76,840.1,Loam,Kharif,soybean
58.8,56.9,41.9,22.6,94.2,6.23,657.9,Alluvial,Rabi,maize
44.6,13.3,22.0,17.4,43.2,6.78,302.9,Sandy Loam,Rabi,mustard
93.5,37.7,58.7,30.9,61.5,7.04,816.2,Clay Loam,Rabi,cotton
73.4,39.8,16.3,21.0,82.1,6.69,587.2,Alluvial,Rabi,wheat
90.1,47.2,33.3,29.3,95.0,6.62,1761.4,Alluvial,Zaid,rice
124.9,53.9,66.4,30.4,60.9,7.61,1742.0,Loam,Zaid,sugarcane
19.9,25.6,27.9,35.4,45.9,7.2,461.5,Sandy Loam,Kharif,millets
64.0,5.0,17.1,25.5,72.2,7.17,545.3,Black Soil,Rabi,chickpea
34.6,7.6,26.9,31.4,64.7,6.8,1121.8,Loam,Kharif,soybean
154.9,51.9,50.0,34.0,63.6,7.35,1818.1,Loam,Kharif,sugarcane
47.9,5.0,19.2,23.3,64.6,6.01,639.9,Sandy Loam,Rabi,chickpea
44.0,19.2,18.5,29.7,59.3,7.23,923.7,Loam,Kharif,soybean
64.9,21.5,16.3,27.2,56.0,6.68,747.8,Black Soil,Kharif,soybean
25.3,20.9,14.5,29.1,75.0,6.3,1041.9,Clay Loam,Kharif,soybean
67.2,37.3,46.1,26.0,49.8,6.42,1578.6,Alluvial,Kharif,rice
72.4,62.2,46.2,21.8,70.7,6.85,456.5,Alluvial,Zaid,tomato
83.3,39.3,21.2,32.3,72.4,7.4,1003.8,Black Soil,Kharif,cotton
145.5,68.1,50.5,31.4,56.9,7.62,1532.8,Alluvial,Rabi,sugarcane
122.7,51.0,51.2,25.8,43.4,6.64,423.6,Sandy Loam,Zaid,tomato
88.1,37.3,20.7,25.7,58.7,6.93,902.2,Red Soil,Kharif,groundnut
55.5,28.0,32.1,27.0,50.8,6.2,1817.9,Clay,Kharif,rice
29.2,28.7,27.8,24.1,79.8,6.86,577.1,Black Soil,Kharif,soybean
106.3,45.2,46.7,23.0,40.9,5.69,606.3,Loam,Rabi,potato
93.7,34.3,37.4,29.5,66.3,6.66,1703.8,Clay Loam,Kharif,rice
110.3,30.3,42.6,25.0,77.3,6.94,887.3,Alluvial,Zaid,maize
70.6,39.3,28.5,15.9,78.6,6.14,261.4,Clay Loam,Rabi,mustard
27.2,18.7,11.6,19.7,58.7,7.48,198.8,Sandy Loam,Rabi,chickpea
53.9,13.9,17.8,26.0,53.6,6.37,555.7,Red Soil,Kharif,groundnut
26.3,16.6,17.0,21.4,61.5,7.21,352.3,Loam,Rabi,chickpea
66.5,22.7,19.8,36.1,67.3,7.04,566.8,Loam,Kharif,groundnut
113.9,53.7,38.8,30.2,69.1,6.84,1576.3,Clay,Kharif,rice
130.7,49.1,53.6,25.8,64.1,6.27,668.2,Sandy Loam,Kharif,potato
54.6,12.1,5.0,19.2,63.5,7.71,530.9,Loam,Rabi,chickpea
58.8,15.2,26.0,26.4,73.4,6.85,907.8,Loam,Kharif,soybean
120.0,38.8,20.3,17.1,56.0,6.78,488.9,Clay Loam,Rabi,wheat
52.7,21.7,21.9,24.2,78.7,7.65,165.2,Alluvial,Rabi,mustard
114.0,29.4,23.5,25.9,55.3,6.9,1042.2,Loam,Rabi,maize
44.5,56.2,38.9,29.0,71.9,7.29,869.5,Loam,Kharif,cotton
28.9,8.8,11.2,32.9,91.5,6.92,421.6,Sandy Loam,Kharif,millets
144.6,78.7,40.1,31.5,60.9,7.05,1972.2,Clay Loam,Rabi,sugarcane
43.1,33.7,26.8,29.7,42.8,6.62,455.0,Clay Loam,Kharif,cotton
83.5,50.5,28.3,16.6,49.2,6.74,764.2,Loam,Rabi,wheat
119.7,31.7,50.9,19.6,78.3,6.67,515.9,Loam,Rabi,tomato
58.6,19.8,21.5,18.1,65.9,6.99,380.1,Loam,Rabi,mustard
101.2,76.3,41.4,28.1,53.7,6.51,946.5,Alluvial,Kharif,tomato
82.1,20.9,27.3,19.4,68.9,6.93,577.5,Alluvial,Rabi,wheat
30.3,28.8,14.8,23.3,65.3,6.87,514.2,Alluvial,Kharif,groundnut
44.5,41.0,37.6,22.7,67.5,6.74,623.8,Clay Loam,Rabi,wheat
10.0,15.1,5.0,20.1,56.9,7.55,456.5,Loam,Zaid,chickpea
117.7,38.4,40.0,21.7,47.6,6.41,653.9,Sandy Loam,Zaid,tomato
107.3,42.6,48.8,21.5,37.3,6.45,478.3,Alluvial,Zaid,tomato
65.5,35.2,32.5,21.2,50.1,7.31,433.5,Loam,Rabi,wheat
45.7,12.5,8.7,27.6,39.9,5.77,394.7,Sandy Loam,Kharif,groundnut
26.4,43.8,20.1,19.6,35.7,6.47,229.3,Loam,Rabi,mustard
59.8,6.3,5.0,28.4,73.4,6.85,865.5,Loam,Rabi,soybean
62.5,39.7,22.4,22.0,62.8,6.67,578.7,Loam,Rabi,mustard
148.0,50.4,31.8,24.7,51.4,6.73,289.8,Sandy Loam,Rabi,tomato
115.4,33.2,39.6,21.5,50.2,6.87,772.3,Loam,Kharif,tomato
17.4,22.5,5.0,27.4,72.5,6.34,406.2,Black Soil,Rabi,chickpea
27.5,10.7,10.7,15.2,49.0,7.11,619.5,Loam,Rabi,chickpea
88.7,15.8,20.1,27.2,42.4,7.1,1002.9,Sandy Loam,Kharif,maize
45.6,27.5,19.3,27.3,65.2,7.01,906.3,Loam,Kharif,cotton
95.0,23.1,21.0,17.7,52.8,7.33,206.4,Alluvial,Rabi,mustard
40.0,41.5,19.0,25.0,54.7,6.4,583.1,Loam,Kharif,groundnut
47.0,9.9,17.0,28.6,69.5,6.42,601.8,Loam,Kharif,groundnut
93.3,47.8,23.8,19.9,64.3,6.0,1117.1,Loam,Rabi,maize
87.0,57.1,28.5,22.1,75.7,6.78,369.3,Loam,Rabi,wheat
12.8,5.0,19.0,23.4,55.8,6.96,433.2,Black Soil,Kharif,chickpea
80.5,37.5,26.6,25.6,73.4,7.28,934.2,Loam,Kharif,cotton
122.3,67.4,45.1,17.3,69.4,6.43,413.4,Loam,Rabi,potato
46.5,11.1,10.2,19.8,79.3,6.36,307.6,Loam,Rabi,mustard
125.9,65.0,49.1,17.4,69.6,5.97,714.8,Sandy Loam,Rabi,potato
86.4,34.9,24.2,33.2,77.4,7.91,1236.0,Black Soil,Kharif,cotton
88.3,63.9,35.3,15.2,73.9,6.1,645.8,Sandy Loam,Rabi,potato
61.6,52.8,49.4,19.9,71.8,6.98,499.1,Sandy Loam,Zaid,wheat
90.4,21.4,28.0,27.3,82.5,7.17,1052.5,Loam,Kharif,cotton
105.4,51.3,24.8,26.8,60.6,6.75,582.2,Alluvial,Kharif,tomato
110.2,87.5,22.3,24.4,71.7,6.31,583.3,Alluvial,Zaid,tomato
61.7,13.3,28.4,28.6,84.6,6.39,676.3,Clay Loam,Kharif,soybean
10.0,24.7,24.5,19.0,64.9,7.21,1039.2,Loam,Rabi,chickpea
30.2,15.3,5.0,25.4,95.0,7.59,766.9,Loam,Rabi,chickpea
86.0,26.1,46.8,24.0,68.3,6.61,1529.5,Clay,Kharif,rice
62.6,52.3,15.7,16.9,39.8,7.23,277.5,Alluvial,Rabi,mustard
89.9,23.1,28.1,25.1,73.0,6.6,1852.8,Clay,Kharif,rice
114.1,32.2,27.3,17.9,57.6,6.81,679.8,Loam,Rabi,wheat
27.7,6.0,13.5,29.5,77.4,6.49,860.8,Loam,Kharif,soybean
59.6,21.3,21.6,20.5,61.6,5.92,720.4,Sandy Loam,Kharif,groundnut
129.3,74.3,34.9,31.4,69.6,7.14,1424.2,Alluvial,Rabi,sugarcane
79.2,43.3,36.9,24.7,64.7,6.9,1637.2,Clay Loam,Kharif,rice
91.9,84.8,47.0,22.6,69.5,5.32,667.0,Sandy Loam,Rabi,potato
31.2,27.8,25.4,19.2,59.9,7.29,593.6,Sandy Loam,Rabi,chickpea
23.7,16.4,5.0,24.9,51.2,6.07,941.7,Black Soil,Kharif,soybean
86.8,31.0,24.4,12.7,73.3,6.48,474.6,Alluvial,Kharif,wheat
89.2,40.8,40.3,19.6,49.4,6.55,782.1,Loam,Kharif,maize
106.8,63.4,24.3,16.7,65.1,6.82,906.1,Alluvial,Zaid,tomato
134.2,45.6,36.7,25.2,87.6,6.7,1544.5,Clay Loam,Kharif,rice
58.3,12.5,30.5,31.7,50.4,6.76,276.4,Sandy Loam,Kharif,millets
46.0,7.8,33.6,22.4,54.8,7.26,773.9,Clay Loam,Kharif,soybean
138.1,44.2,55.5,22.2,46.7,6.58,867.6,Sandy Loam,Rabi,tomato
85.0,70.2,49.2,22.8,62.6,7.16,625.4,Alluvial,Rabi,wheat
66.2,37.4,25.7,15.5,58.0,6.82,570.0,Alluvial,Zaid,mustard
55.4,39.1,32.5,24.5,64.9,7.57,564.3,Clay Loam,Rabi,wheat
64.0,31.8,22.4,23.2,61.9,6.24,412.2,Loam,Kharif,groundnut
58.5,23.5,12.8,29.0,62.5,6.57,972.6,Red Soil,Kharif,soybean
66.9,12.5,8.1,23.0,72.9,6.72,708.3,Loam,Rabi,chickpea
105.1,49.6,51.3,20.7,79.5,5.42,332.2,Sandy Loam,Rabi,potato
132.9,72.6,44.2,28.8,66.9,6.11,1665.0,Alluvial,Rabi,sugarcane
157.2,62.6,45.9,27.5,85.3,6.43,1778.9,Alluvial,Kharif,sugarcane
43.1,8.2,9.6,25.4,50.5,7.0,637.3,Loam,Rabi,chickpea
84.5,45.4,19.0,26.4,59.8,6.62,774.0,Loam,Kharif,groundnut
126.9,62.0,50.3,23.7,94.3,5.81,479.1,Loam,Rabi,potato
128.4,43.5,31.4,13.7,80.5,6.26,502.1,Loam,Rabi,potato
32.2,34.7,5.0,27.7,67.9,7.39,525.3,Black Soil,Rabi,chickpea
34.7,5.0,21.0,23.8,73.0,6.48,764.5,Black Soil,Kharif,groundnut
44.4,31.3,28.1,30.8,54.2,6.13,381.4,Sandy Loam,Kharif,groundnut
81.1,23.5,22.8,18.8,48.2,6.81,451.7,Sandy Loam,Zaid,chickpea
72.9,35.8,14.9,25.8,73.2,7.65,840.8,Loam,Kharif,cotton
72.7,43.7,31.5,33.0,80.4,6.3,950.8,Loam,Kharif,cotton
38.8,26.2,5.0,36.0,80.3,7.54,574.8,Sandy Loam,Kharif,millets
109.1,49.7,41.9,24.4,75.4,6.15,522.8,Alluvial,Rabi,tomato
27.5,40.0,13.7,34.4,55.0,7.24,775.5,Black Soil,Kharif,soybean
153.8,64.2,46.7,30.8,54.1,6.61,1728.9,Loam,Kharif,sugarcane
35.4,26.7,14.8,21.4,60.3,6.87,673.7,Sandy Loam,Rabi,chickpea
46.1,17.8,28.9,31.3,54.4,6.13,669.3,Loam,Kharif,soybean
170.9,60.7,38.3,26.9,38.8,7.03,1644.6,Loam,Kharif,sugarcane
37.1,20.5,22.2,25.5,47.3,6.51,345.6,Red Soil,Kharif,groundnut
85.6,29.9,52.3,18.1,65.7,7.31,612.6,Clay Loam,Rabi,wheat
115.9,53.3,44.5,23.4,88.7,6.26,886.0,Sandy Loam,Rabi,potato
72.6,24.1,36.5,24.5,71.0,5.96,696.0,Loam,Zaid,maize
18.8,21.5,5.0,38.0,83.7,6.79,453.6,Loam,Kharif,millets
71.8,53.3,13.9,28.3,94.5,6.66,646.7,Alluvial,Kharif,maize
22.4,15.4,6.9,36.7,61.9,6.83,637.0,Sandy Loam,Kharif,millets
46.6,10.7,8.4,28.4,55.8,5.99,929.2,Sandy Loam,Kharif,groundnut
75.6,17.5,14.3,30.1,65.2,6.51,776.6,Sandy Loam,Kharif,groundnut
123.8,60.2,32.2,22.8,49.9,6.44,647.0,Alluvial,Zaid,tomato
164.7,58.0,62.8,29.4,67.2,6.6,1755.5,Loam,Kharif,sugarcane
63.5,28.7,13.8,16.2,73.9,6.95,494.5,Loam,Rabi,chickpea
76.0,31.2,22.6,17.2,85.1,6.32,604.3,Loam,Rabi,wheat
79.5,24.0,13.9,20.2,64.2,7.4,231.8,Sandy Loam,Rabi,mustard
58.7,11.7,24.9,23.0,43.8,6.68,578.8,Loam,Rabi,chickpea
76.3,46.8,16.6,17.0,78.8,7.43,353.9,Loam,Rabi,mustard
72.1,29.8,16.6,28.4,94.8,6.2,733.4,Alluvial,Kharif,groundnut
38.3,11.2,9.8,26.0,67.0,7.11,605.1,Sandy Loam,Kharif,millets
25.6,20.5,17.1,29.2,80.5,6.13,876.0,Black Soil,Kharif,soybean
118.1,45.0,69.3,19.1,56.7,6.56,676.9,Loam,Rabi,potato
108.8,29.3,55.2,24.5,41.9,6.65,849.8,Alluvial,Zaid,tomato
112.7,34.2,17.7,29.1,71.0,6.29,1609.8,Clay,Kharif,rice
21.9,5.0,5.0,31.2,41.5,6.11,484.1,Loam,Kharif,millets
120.6,73.0,46.3,22.0,86.2,6.65,226.7,Loam,Rabi,potato
128.4,52.1,51.8,18.6,68.5,6.51,592.4,Alluvial,Rabi,tomato
128.3,39.9,41.8,20.8,82.3,7.18,390.3,Clay Loam,Rabi,wheat
65.3,43.4,24.6,27.6,32.2,7.08,863.4,Loam,Kharif,cotton
160.4,73.3,54.3,35.9,87.0,7.56,1433.5,Clay Loam,Kharif,sugarcane
89.9,38.8,45.1,25.9,85.7,6.08,880.9,Red Soil,Rabi,maize
114.8,49.5,38.4,29.3,41.3,6.45,815.9,Alluvial,Rabi,tomato
92.5,54.2,30.1,27.7,56.9,6.26,1383.1,Alluvial,Kharif,rice
159.6,51.5,56.5,30.3,71.8,6.56,1677.0,Alluvial,Rabi,sugarcane
40.3,29.2,24.0,29.5,75.0,5.7,723.4,Loam,Kharif,groundnut
37.7,30.4,39.3,30.0,66.3,6.23,682.5,Sandy Loam,Kharif,groundnut
77.3,32.9,18.3,21.9,71.0,6.82,788.0,Clay Loam,Kharif,soybean
94.4,39.0,19.4,28.0,77.6,7.58,762.8,Clay Loam,Rabi,wheat
21.3,6.3,29.8,19.4,66.1,7.18,497.3,Sandy Loam,Rabi,chickpea
82.7,34.6,31.2,20.1,78.0,6.4,554.9,Clay Loam,Rabi,wheat
113.3,70.4,37.0,18.0,41.5,5.92,785.8,Loam,Rabi,potato
10.0,24.4,20.5,26.6,58.9,6.37,218.8,Sandy Loam,Kharif,millets
73.6,7.6,16.4,32.2,80.3,6.2,378.5,Sandy Loam,Rabi,millets
79.9,38.9,12.6,30.8,52.6,6.63,643.9,Loam,Kharif,maize
29.9,22.7,12.8,29.6,44.2,7.24,457.8,Loam,Kharif,millets
48.5,25.1,25.6,26.6,54.4,6.42,727.0,Sandy Loam,Kharif,groundnut
27.4,19.2,16.3,14.7,59.5,6.82,370.0,Alluvial,Rabi,mustard
87.8,63.9,43.7,28.9,95.0,6.42,1614.7,Alluvial,Kharif,rice
92.0,18.2,21.5,33.3,70.5,6.58,310.6,Sandy Loam,Kharif,millets
140.6,45.5,37.7,23.1,81.4,6.96,210.1,Loam,Kharif,tomato
77.8,21.2,13.2,25.1,69.0,7.45,922.4,Black Soil,Kharif,cotton
96.7,82.8,49.4,32.8,66.9,6.37,1619.0,Alluvial,Rabi,sugarcane
31.8,5.0,12.8,26.7,60.3,6.98,427.2,Sandy Loam,Rabi,chickpea
28.3,25.2,5.0,32.0,44.5,6.62,517.4,Red Soil,Kharif,millets
53.8,5.0,11.8,21.1,87.1,7.66,468.6,Black Soil,Rabi,chickpea
79.4,34.8,35.7,27.9,69.6,7.28,919.1,Black Soil,Kharif,cotton
134.4,55.5,43.6,19.8,54.1,6.19,848.4,Loam,Zaid,potato
29.4,26.9,5.7,24.1,65.5,6.9,1006.5,Sandy Loam,Kharif,groundnut
81.4,26.0,35.6,33.5,35.9,6.69,932.1,Black Soil,Kharif,cotton
91.6,32.1,7.4,19.2,46.8,7.21,582.7,Sandy Loam,Rabi,mustard
49.6,47.6,15.2,27.1,66.9,6.6,921.3,Clay Loam,Rabi,cotton
152.4,71.5,55.8,28.9,86.1,7.75,1836.0,Clay Loam,Rabi,sugarcane
36.5,28.1,11.5,27.4,61.3,7.45,393.0,Black Soil,Rabi,chickpea
21.6,28.2,31.5,18.4,35.5,7.35,476.0,Sandy Loam,Rabi,mustard
59.8,5.0,9.0,31.3,89.6,6.34,564.3,Red Soil,Kharif,millets
65.5,26.4,15.4,12.4,52.1,7.58,391.8,Sandy Loam,Kharif,mustard
39.5,22.4,10.1,18.4,75.6,6.77,1214.6,Black Soil,Kharif,soybean
110.5,58.1,56.5,24.4,65.7,7.19,797.1,Sandy Loam,Kharif,tomato
19.4,21.4,17.7,26.2,48.6,5.75,403.3,Loam,Kharif,groundnut
43.7,20.5,18.0,31.6,41.6,6.89,552.7,Loam,Kharif,millets
139.1,45.1,33.0,18.6,50.8,6.12,580.6,Sandy Loam,Kharif,tomato
86.2,7.0,21.7,27.1,62.4,7.01,724.8,Black Soil,Kharif,soybean
136.1,52.9,39.2,30.2,47.2,5.95,735.0,Red Soil,Zaid,maize
81.9,25.9,46.9,15.3,50.4,6.35,231.2,Alluvial,Kharif,mustard
21.7,13.5,6.4,31.7,43.7,6.52,374.5,Loam,Kharif,millets
89.4,5.7,17.4,26.5,74.4,7.53,942.7,Black Soil,Kharif,cotton
58.3,37.7,38.6,15.7,36.8,6.96,302.6,Sandy Loam,Rabi,mustard
98.8,17.0,48.3,31.6,69.8,6.52,1908.4,Alluvial,Kharif,rice
51.1,18.4,23.5,21.0,82.2,6.24,460.9,Alluvial,Rabi,mustard
49.1,31.4,18.3,16.9,64.5,6.58,184.4,Alluvial,Rabi,mustard
71.7,54.2,13.6,26.7,53.2,7.36,959.3,Clay Loam,Kharif,cotton
10.0,36.9,5.0,34.6,48.6,7.34,427.3,Loam,Kharif,millets
95.7,27.5,25.8,30.4,70.4,6.11,949.6,Loam,Rabi,maize
98.1,27.6,25.1,31.9,63.3,6.61,698.7,Loam,Kharif,soybean
63.3,46.0,38.7,27.9,75.6,7.53,760.4,Sandy Loam,Kharif,cotton
126.2,56.6,43.6,18.6,55.4,6.0,407.0,Loam,Rabi,potato
114.4,68.8,36.0,20.2,63.0,5.5,549.5,Loam,Rabi,potato
102.5,40.1,35.9,28.2,73.6,6.16,668.6,Sandy Loam,Zaid,maize
97.1,46.4,34.5,22.7,79.9,6.66,350.2,Alluvial,Rabi,wheat
24.8,26.3,9.2,34.3,54.1,6.35,478.2,Red Soil,Kharif,millets
103.5,30.2,36.5,26.8,88.3,6.39,789.2,Loam,Zaid,maize
49.2,32.5,19.2,25.2,77.1,6.62,806.9,Loam,Kharif,groundnut
22.7,33.6,25.1,36.6,63.3,7.3,569.8,Sandy Loam,Kharif,millets
61.1,5.0,11.0,36.4,95.0,6.54,464.4,Sandy Loam,Kharif,millets
41.0,14.0,7.2,24.3,52.5,6.57,371.9,Sandy Loam,Kharif,groundnut
114.6,33.6,36.1,17.8,56.8,7.09,1872.4,Black Soil,Kharif,rice
152.1,70.6,64.0,32.4,53.2,6.43,1686.7,Alluvial,Zaid,sugarcane
50.1,7.4,10.4,16.0,82.6,6.57,412.3,Sandy Loam,Rabi,mustard
18.6,26.0,5.0,25.5,76.8,6.28,618.9,Loam,Kharif,groundnut
78.6,58.0,33.4,20.2,65.0,6.45,667.8,Loam,Rabi,mustard
30.2,11.4,15.1,24.0,47.3,6.83,664.8,Sandy Loam,Kharif,soybean
95.0,28.0,9.0,27.4,49.9,6.32,843.7,Sandy Loam,Kharif,groundnut
117.1,44.4,57.0,20.9,50.2,6.9,1012.0,Loam,Kharif,maize
54.8,29.8,9.4,17.8,53.8,7.48,317.9,Alluvial,Rabi,mustard
136.8,37.9,41.5,15.5,56.5,6.61,409.4,Sandy Loam,Zaid,tomato
114.8,35.2,29.7,12.0,65.0,6.6,651.8,Alluvial,Rabi,wheat
101.6,46.5,39.3,32.5,64.7,6.22,1743.7,Clay,Kharif,rice
126.8,63.1,41.8,23.3,78.9,6.62,730.6,Black Soil,Rabi,potato
72.2,12.5,18.5,34.6,53.6,6.04,270.5,Loam,Kharif,millets
119.1,64.0,21.1,34.9,94.5,6.5,1456.1,Red Soil,Kharif,rice
32.8,33.2,23.4,28.4,41.9,6.82,733.8,Black Soil,Kharif,soybean
124.4,46.1,40.7,30.6,84.6,7.44,1535.3,Alluvial,Kharif,sugarcane
63.1,68.1,26.4,29.4,44.4,6.51,1837.4,Clay Loam,Kharif,rice
105.4,49.0,54.8,28.6,58.0,7.0,378.7,Loam,Rabi,tomato
89.8,40.6,37.6,28.0,52.6,7.67,903.0,Clay Loam,Rabi,cotton
87.3,28.3,29.0,30.5,72.5,7.3,823.8,Clay Loam,Zaid,cotton
123.6,76.1,29.4,25.0,71.3,6.37,676.6,Sandy Loam,Rabi,tomato
10.0,21.2,7.7,20.3,64.4,7.58,479.4,Sandy Loam,Rabi,chickpea
20.3,5.2,5.4,28.4,73.1,6.9,484.9,Black Soil,Rabi,chickpea
44.1,15.4,7.4,25.4,57.9,6.9,606.3,Loam,Kharif,groundnut
73.8,41.6,31.7,28.8,92.1,6.77,823.9,Alluvial,Rabi,maize
10.0,43.0,18.4,38.6,76.3,7.19,432.3,Sandy Loam,Kharif,millets
94.0,44.8,31.3,16.9,61.9,7.1,609.7,Alluvial,Rabi,wheat
57.2,41.7,28.6,26.7,58.1,6.64,906.0,Clay Loam,Kharif,soybean
100.0,47.8,38.7,20.5,57.4,7.07,857.7,Red Soil,Rabi,wheat
101.8,28.0,38.6,30.8,40.3,5.93,1598.7,Clay,Kharif,rice
67.5,37.0,17.5,23.4,83.2,7.51,571.7,Loam,Rabi,wheat
102.8,56.8,61.8,20.1,55.0,6.6,683.2,Sandy Loam,Kharif,tomato
86.4,51.3,33.0,30.2,62.1,6.26,873.7,Red Soil,Rabi,maize
66.1,13.3,6.8,23.6,95.0,6.25,971.2,Loam,Kharif,soybean
52.1,29.3,24.3,26.4,70.1,6.28,1030.7,Clay Loam,Kharif,soybean
11.1,18.9,25.7,29.7,66.4,6.14,1034.9,Clay Loam,Zaid,soybean
36.3,38.9,6.1,33.0,55.9,6.88,764.4,Clay Loam,Kharif,cotton
134.3,75.3,50.5,29.0,59.5,6.35,1717.0,Loam,Zaid,sugarcane
67.2,16.1,5.0,28.2,60.3,6.57,597.0,Loam,Kharif,millets
32.6,31.0,12.5,28.8,91.7,6.39,851.5,Red Soil,Kharif,groundnut
60.4,20.1,30.6,25.0,77.7,7.51,519.4,Loam,Rabi,mustard
125.0,61.3,63.0,24.9,51.6,6.4,818.9,Sandy Loam,Rabi,tomato
53.9,12.8,9.7,15.5,47.4,7.57,290.9,Loam,Rabi,mustard
127.2,64.7,60.6,18.5,89.3,5.46,549.3,Sandy Loam,Rabi,potato
58.7,5.0,13.9,24.1,61.3,7.4,438.6,Sandy Loam,Rabi,chickpea
38.4,14.8,37.6,32.6,64.2,6.19,448.6,Red Soil,Rabi,millets
110.8,26.6,23.5,22.6,46.0,6.25,700.6,Sandy Loam,Zaid,maize
64.6,25.9,20.4,27.9,95.0,6.49,708.7,Clay Loam,Kharif,soybean
89.4,48.7,23.2,20.3,90.3,6.04,790.4,Red Soil,Rabi,maize
105.2,58.7,25.7,25.8,66.8,6.66,965.3,Sandy Loam,Rabi,tomato
90.9,47.0,58.1,29.3,85.6,6.54,1633.7,Alluvial,Kharif,rice
158.0,62.1,50.8,36.1,84.0,6.81,1699.3,Loam,Rabi,sugarcane
85.9,58.4,57.3,18.4,65.3,6.54,352.1,Sandy Loam,Rabi,potato
64.5,38.9,27.8,27.5,58.8,6.8,1015.9,Black Soil,Kharif,cotton
54.6,5.0,13.2,19.4,79.1,6.65,255.0,Alluvial,Rabi,mustard
119.0,36.9,33.7,22.9,54.4,6.02,635.2,Loam,Rabi,potato
119.0,73.5,45.6,11.5,78.4,5.59,634.5,Sandy Loam,Rabi,potato
51.5,24.5,14.7,12.5,76.7,6.54,557.7,Loam,Rabi,mustard
83.2,39.6,26.1,15.2,94.0,6.28,259.3,Loam,Rabi,wheat
120.7,25.8,39.9,27.1,64.1,6.28,1746.6,Alluvial,Kharif,rice
97.9,33.6,47.0,23.2,64.9,7.03,1634.7,Alluvial,Kharif,rice
141.7,67.5,39.2,15.5,65.4,5.49,410.3,Sandy Loam,Rabi,potato
54.6,17.3,18.0,23.3,75.4,6.53,244.8,Loam,Rabi,mustard
110.7,49.7,28.2,23.3,45.9,7.01,484.0,Sandy Loam,Rabi,maize
105.3,37.6,44.2,28.6,90.9,6.7,1704.4,Clay Loam,Kharif,rice
81.1,52.6,37.4,29.4,47.2,6.85,863.0,Sandy Loam,Zaid,maize
37.9,41.1,15.8,17.8,83.6,7.29,473.0,Sandy Loam,Rabi,mustard
61.2,12.2,17.0,19.6,77.9,7.33,674.1,Black Soil,Rabi,chickpea
105.6,50.5,38.8,22.5,89.7,7.08,1789.0,Clay,Kharif,rice
46.1,31.6,22.8,26.2,45.9,6.38,442.6,Black Soil,Rabi,chickpea
45.5,11.8,15.4,27.2,62.9,6.47,672.6,Clay Loam,Kharif,soybean
138.3,54.4,49.1,30.2,71.8,7.17,1902.6,Alluvial,Zaid,sugarcane
116.1,40.6,50.9,26.4,72.4,6.92,1593.9,Alluvial,Kharif,rice
128.6,59.7,42.5,30.2,80.8,6.9,1650.5,Loam,Rabi,sugarcane
109.2,22.9,28.5,25.8,74.0,6.01,391.4,Sandy Loam,Rabi,tomato
56.4,13.7,25.9,22.1,59.9,7.53,605.4,Clay Loam,Zaid,chickpea
92.7,45.2,40.2,31.8,33.5,6.95,680.7,Red Soil,Rabi,maize
135.9,64.4,36.0,25.2,66.4,7.03,834.6,Loam,Kharif,cotton
10.0,21.1,8.5,32.1,61.5,7.15,450.3,Red Soil,Rabi,millets
133.6,52.7,18.6,24.8,51.0,6.41,1046.2,Alluvial,Zaid,tomato
70.0,40.7,18.6,21.1,63.4,6.49,732.8,Clay Loam,Rabi,wheat
167.0,61.1,55.8,29.9,52.6,6.98,1422.6,Alluvial,Zaid,sugarcane
149.7,63.2,34.3,32.7,58.7,6.79,1882.0,Loam,Rabi,sugarcane
75.3,28.7,20.4,23.0,66.7,7.01,824.3,Black Soil,Kharif,soybean
82.4,14.9,24.6,27.2,48.7,6.63,830.3,Red Soil,Zaid,groundnut
61.0,39.1,28.6,31.6,47.3,6.81,969.1,Loam,Kharif,cotton
152.7,58.9,50.5,20.7,77.8,6.22,512.5,Sandy Loam,Rabi,potato
98.8,43.3,38.8,29.7,23.6,6.62,610.2,Clay,Rabi,maize
10.0,37.5,5.0,25.4,35.3,7.03,579.0,Black Soil,Rabi,chickpea
81.0,5.0,6.6,30.0,74.2,7.3,698.6,Red Soil,Kharif,groundnut
44.7,5.0,25.1,35.5,49.5,6.49,339.9,Clay Loam,Kharif,millets
85.9,68.1,27.7,19.6,74.3,6.46,704.4,Alluvial,Rabi,tomato
73.5,14.3,14.4,30.3,32.9,6.27,578.2,Red Soil,Kharif,millets
138.4,88.2,36.9,22.7,76.3,5.89,455.1,Loam,Zaid,tomato
101.9,33.7,37.2,20.4,74.4,7.23,636.1,Clay Loam,Rabi,wheat
14.8,25.9,20.6,18.2,63.8,7.39,345.8,Black Soil,Rabi,chickpea
91.0,48.7,27.7,17.7,86.0,6.41,537.7,Sandy Loam,Zaid,potato
109.9,57.1,35.1,28.6,58.9,6.38,1815.2,Alluvial,Rabi,sugarcane
21.6,8.4,15.0,19.3,69.0,6.67,403.1,Loam,Rabi,chickpea
83.4,37.7,15.8,32.1,56.8,6.55,776.8,Clay Loam,Kharif,cotton
97.6,51.1,22.5,17.6,92.4,6.65,772.4,Loam,Kharif,tomato
54.1,7.7,18.9,32.6,68.0,6.95,767.6,Black Soil,Kharif,soybean
47.5,32.6,27.9,19.9,72.5,7.78,302.5,Alluvial,Rabi,mustard
128.9,64.1,44.9,26.3,45.2,6.37,808.1,Sandy Loam,Zaid,tomato
26.5,37.4,6.1,22.8,51.4,6.72,727.5,Loam,Rabi,chickpea
50.6,9.3,5.0,38.6,62.4,7.3,752.2,Loam,Kharif,millets
131.7,63.8,45.5,31.9,50.7,7.32,1881.1,Loam,Zaid,sugarcane
97.6,41.4,27.9,26.7,63.2,6.9,809.0,Red Soil,Zaid,maize
71.8,35.2,18.9,26.2,77.6,6.53,667.8,Clay Loam,Kharif,soybean
53.9,17.9,11.0,32.3,77.0,6.35,815.4,Loam,Kharif,groundnut
26.5,23.0,27.9,28.1,60.9,7.26,732.4,Clay Loam,Kharif,soybean
85.7,25.9,5.0,19.2,54.3,6.45,171.7,Alluvial,Zaid,mustard
36.7,36.9,25.0,26.6,59.2,7.3,759.1,Clay Loam,Kharif,cotton
127.3,48.5,16.0,25.6,49.7,6.83,1684.1,Clay Loam,Kharif,rice
29.7,5.0,16.8,28.5,51.6,7.08,523.7,Red Soil,Kharif,millets
113.7,35.7,38.8,16.3,95.0,6.03,538.8,Loam,Rabi,potato
104.6,48.2,21.2,24.6,66.3,6.6,995.9,Loam,Rabi,maize
112.4,32.7,42.9,31.9,76.3,6.31,1647.9,Clay,Kharif,rice
44.0,19.8,7.5,31.0,71.0,6.32,523.5,Sandy Loam,Rabi,millets
132.5,61.0,49.3,24.2,55.8,6.74,736.4,Sandy Loam,Kharif,tomato
95.4,23.5,42.8,17.8,47.7,6.72,502.8,Loam,Zaid,maize
67.2,28.5,29.0,15.1,49.0,6.63,208.8,Sandy Loam,Rabi,mustard
85.2,35.0,20.4,28.6,89.2,6.81,433.6,Loam,Kharif,groundnut
61.0,39.1,14.0,26.9,69.6,6.27,870.4,Clay Loam,Kharif,soybean
31.7,5.0,20.5,25.1,64.0,6.48,815.2,Red Soil,Kharif,groundnut
145.0,72.7,52.8,34.5,49.2,6.61,1705.7,Clay Loam,Rabi,sugarcane
87.5,47.1,14.5,25.5,52.1,6.43,888.5,Clay Loam,Kharif,cotton
45.7,30.1,30.5,20.8,66.0,7.01,912.4,Loam,Kharif,soybean
65.7,9.7,16.3,24.8,62.1,6.76,421.8,Sandy Loam,Rabi,chickpea
21.9,37.4,32.4,22.4,59.0,6.76,508.8,Sandy Loam,Rabi,chickpea
122.9,35.2,29.9,33.6,64.9,5.92,1646.5,Clay,Kharif,rice
94.0,35.4,26.3,24.2,86.7,6.46,864.2,Loam,Zaid,maize
