crop,soil_type,season,N,P,K,pH,temperature,rainfall,water_applied_m3,fert_applied_kg,yield_tons_ha
rice,Clay,Kharif,93.0,42.2,33.8,6.98,30.5,1572.5,10144.0,169.0,3.55
soybean,Clay Loam,Kharif,40.2,18.2,14.6,6.71,23.9,738.4,4662.0,73.0,2.21
wheat,Alluvial,Rabi,66.6,30.2,24.2,6.36,18.3,791.0,3264.0,121.0,1.84
millets,Red Soil,Kharif,38.5,17.5,14.0,6.61,34.5,370.3,3154.0,70.0,2.01
cotton,Loam,Kharif,77.0,35.0,28.0,7.52,26.8,948.4,5373.0,140.0,1.35
sugarcane,Alluvial,Zaid,111.7,50.8,40.6,6.48,31.9,1574.4,21050.0,203.0,62.4
sugarcane,Clay Loam,Zaid,153.5,69.8,55.8,7.12,31.3,1636.5,12970.0,279.0,46.26
tomato,Sandy Loam,Kharif,129.8,59.0,47.2,6.52,19.5,641.0,3897.0,236.0,13.65
millets,Red Soil,Kharif,35.8,16.2,13.0,7.41,27.2,294.8,4003.0,65.0,1.51
wheat,Loam,Rabi,110.0,50.0,40.0,7.18,18.6,538.2,5296.0,200.0,3.15
rice,Clay Loam,Kharif,89.7,40.8,32.6,6.32,29.7,1815.8,8999.0,163.0,3.39
maize,Sandy Loam,Kharif,90.2,41.0,32.8,6.33,29.8,705.1,4588.0,164.0,3.92
maize,Sandy Loam,Kharif,84.7,38.5,30.8,5.51,21.0,767.5,5485.0,154.0,3.31
potato,Loam,Rabi,97.4,44.2,35.4,5.79,16.2,651.4,4919.0,177.0,18.82
soybean,Black Soil,Kharif,54.5,24.8,19.8,7.02,28.7,869.7,4532.0,99.0,2.0
cotton,Clay Loam,Kharif,84.7,38.5,30.8,6.87,28.5,984.4,8389.0,154.0,2.13
cotton,Loam,Kharif,78.1,35.5,28.4,7.84,28.6,787.3,7410.0,142.0,1.7
cotton,Black Soil,Kharif,87.5,39.8,31.8,7.21,28.8,763.8,6446.0,159.0,2.16
soybean,Black Soil,Kharif,45.1,20.5,16.4,6.28,26.5,670.4,3113.0,82.0,1.5
sugarcane,Clay Loam,Kharif,132.6,60.2,48.2,6.55,31.3,1742.1,23213.0,241.0,62.19
mustard,Sandy Loam,Rabi,69.3,31.5,25.2,7.36,16.4,171.6,3026.0,126.0,1.45
chickpea,Sandy Loam,Rabi,41.8,19.0,15.2,6.9,18.2,212.2,1783.0,76.0,0.87
wheat,Alluvial,Rabi,94.1,42.8,34.2,7.47,22.1,636.8,5292.0,171.0,2.86
sugarcane,Alluvial,Rabi,101.2,46.0,36.8,6.69,28.7,1748.9,12925.0,184.0,47.56
maize,Sandy Loam,Rabi,99.0,45.0,36.0,6.38,28.3,863.3,3941.0,180.0,3.46
sugarcane,Alluvial,Zaid,116.6,53.0,42.4,6.85,27.9,1501.1,11423.0,212.0,38.08
tomato,Alluvial,Rabi,127.1,57.8,46.2,6.53,25.3,595.4,3724.0,231.0,13.2
mustard,Loam,Rabi,62.2,28.2,22.6,6.8,18.8,387.4,3568.0,113.0,1.47
chickpea,Loam,Rabi,27.5,12.5,10.0,6.74,18.6,455.2,2669.0,50.0,1.14
cotton,Black Soil,Kharif,95.2,43.2,34.6,7.12,29.2,1037.4,6525.0,173.0,2.17
soybean,Clay Loam,Kharif,62.2,28.2,22.6,6.8,22.2,684.2,4586.0,113.0,2.23
chickpea,Loam,Rabi,27.0,12.2,9.8,6.64,17.0,448.1,3066.0,49.0,1.27
chickpea,Black Soil,Rabi,39.1,17.8,14.2,7.19,20.0,241.9,2549.0,71.0,1.49
wheat,Alluvial,Rabi,69.9,31.8,25.4,6.72,16.9,913.1,5212.0,127.0,3.05
maize,Loam,Kharif,104.0,47.2,37.8,6.54,29.9,959.0,5776.0,189.0,4.59
rice,Alluvial,Kharif,130.9,59.5,47.6,6.15,30.1,1710.0,9076.0,238.0,3.47
cotton,Loam,Kharif,75.4,34.2,27.4,7.45,31.2,1038.9,8777.0,137.0,1.96
potato,Loam,Rabi,121.0,55.0,44.0,5.17,20.2,366.6,4774.0,220.0,18.13
chickpea,Loam,Rabi,33.6,15.2,12.2,5.97,21.8,497.1,2614.0,61.0,1.32
soybean,Black Soil,Kharif,59.4,27.0,21.6,6.41,25.9,807.1,4314.0,108.0,2.59
chickpea,Loam,Rabi,42.4,19.2,15.4,6.96,20.5,549.0,2864.0,77.0,1.62
tomato,Sandy Loam,Zaid,139.7,63.5,50.8,6.27,22.7,758.4,6818.0,254.0,25.08
mustard,Loam,Rabi,48.4,22.0,17.6,7.35,19.1,597.6,2798.0,88.0,1.29
groundnut,Red Soil,Kharif,38.0,17.2,13.8,7.19,28.7,863.4,3687.0,69.0,1.59
chickpea,Black Soil,Rabi,44.0,20.0,16.0,6.47,23.6,845.6,3501.0,80.0,1.57
potato,Sandy Loam,Rabi,117.2,53.2,42.6,6.33,16.2,436.0,5361.0,213.0,18.58
tomato,Loam,Zaid,138.6,63.0,50.4,6.05,25.5,522.7,7615.0,252.0,22.02
potato,Sandy Loam,Rabi,111.7,50.8,40.6,6.74,20.4,519.0,4111.0,203.0,15.95
potato,Loam,Rabi,88.0,40.0,32.0,6.0,16.9,638.6,5336.0,160.0,20.1
mustard,Loam,Rabi,51.2,23.2,18.6,7.01,12.8,436.8,1794.0,93.0,0.71
maize,Loam,Kharif,112.8,51.2,41.0,6.56,30.0,953.6,6438.0,205.0,4.49
soybean,Clay Loam,Kharif,60.5,27.5,22.0,6.2,26.1,782.5,4978.0,110.0,2.19
wheat,Loam,Rabi,96.8,44.0,35.2,6.84,22.7,448.5,5608.0,176.0,3.6
potato,Loam,Rabi,89.7,40.8,32.6,5.57,15.6,566.9,3626.0,163.0,11.79
millets,Loam,Kharif,45.1,20.5,16.4,6.86,33.3,536.7,2823.0,82.0,1.94
chickpea,Loam,Rabi,41.2,18.8,15.0,7.47,18.8,368.0,1840.0,75.0,0.76
tomato,Alluvial,Rabi,118.8,54.0,43.2,6.37,23.3,983.5,6137.0,216.0,23.04
cotton,Loam,Kharif,73.2,33.2,26.6,6.62,27.6,792.2,5065.0,133.0,1.15
cotton,Black Soil,Kharif,80.3,36.5,29.2,7.2,30.5,1081.1,9056.0,146.0,2.23
cotton,Loam,Kharif,53.9,24.5,19.6,7.2,25.0,940.1,7863.0,98.0,1.54
potato,Sandy Loam,Rabi,155.1,70.5,56.4,5.87,23.4,662.8,4277.0,282.0,17.33
wheat,Alluvial,Rabi,94.1,42.8,34.2,6.71,16.3,452.3,2919.0,171.0,1.74
mustard,Alluvial,Rabi,46.2,21.0,16.8,6.6,24.2,451.6,2814.0,84.0,1.0
cotton,Black Soil,Kharif,88.6,40.2,32.2,7.18,26.5,710.7,8708.0,161.0,1.95
sugarcane,Alluvial,Kharif,149.1,67.8,54.2,6.66,28.7,1846.3,23346.0,271.0,73.72
sugarcane,Alluvial,Kharif,182.6,83.0,66.4,7.2,28.3,1674.6,12585.0,332.0,50.88
millets,Red Soil,Kharif,49.0,22.2,17.8,6.5,36.7,235.9,2057.0,89.0,1.06
soybean,Black Soil,Kharif,38.5,17.5,14.0,7.04,29.5,699.8,5662.0,70.0,2.0
chickpea,Sandy Loam,Rabi,35.8,16.2,13.0,6.78,22.1,417.3,3379.0,65.0,1.68
sugarcane,Loam,Rabi,112.2,51.0,40.8,6.8,29.1,1663.8,19246.0,204.0,69.98
rice,Alluvial,Kharif,108.9,49.5,39.6,6.89,29.3,1918.7,6985.0,198.0,2.25
potato,Loam,Rabi,155.1,70.5,56.4,6.08,14.4,711.1,6393.0,282.0,21.22
rice,Alluvial,Kharif,106.2,48.2,38.6,6.5,26.3,1739.4,7271.0,193.0,2.39
groundnut,Sandy Loam,Kharif,44.0,20.0,16.0,7.2,32.1,710.0,4167.0,80.0,1.48
wheat,Alluvial,Rabi,89.1,40.5,32.4,6.11,21.0,678.2,5975.0,162.0,2.88
wheat,Alluvial,Rabi,77.6,35.2,28.2,6.39,20.6,442.4,4772.0,141.0,3.29
potato,Sandy Loam,Rabi,86.4,39.2,31.4,5.78,23.9,362.2,4911.0,157.0,15.37
wheat,Alluvial,Rabi,62.2,28.2,22.6,7.14,19.5,652.9,5324.0,113.0,3.24
mustard,Alluvial,Rabi,46.2,21.0,16.8,6.85,18.8,341.7,2491.0,84.0,1.47
chickpea,Sandy Loam,Rabi,24.2,11.0,8.8,6.9,23.6,539.0,1793.0,44.0,0.76
mustard,Sandy Loam,Rabi,41.2,18.8,15.0,7.5,16.0,351.5,2412.0,75.0,1.19
soybean,Clay Loam,Kharif,30.8,14.0,11.2,6.29,23.1,772.1,5057.0,56.0,1.68
soybean,Loam,Kharif,57.8,26.2,21.0,6.94,22.3,572.3,5503.0,105.0,2.06
sugarcane,Alluvial,Rabi,180.4,82.0,65.6,6.7,31.4,1661.6,20229.0,328.0,75.4
soybean,Loam,Kharif,52.8,24.0,19.2,6.76,31.5,724.2,5414.0,96.0,2.26
wheat,Loam,Rabi,72.1,32.8,26.2,6.94,24.9,691.1,5653.0,131.0,2.9
maize,Sandy Loam,Rabi,102.9,46.8,37.4,6.77,20.4,675.6,5877.0,187.0,4.05
chickpea,Loam,Rabi,27.5,12.5,10.0,7.68,18.2,726.7,2818.0,50.0,1.17
groundnut,Sandy Loam,Kharif,63.8,29.0,23.2,6.47,30.9,658.6,3342.0,116.0,1.86
soybean,Clay Loam,Kharif,40.7,18.5,14.8,7.24,24.5,715.0,3176.0,74.0,1.28
chickpea,Black Soil,Rabi,28.1,12.8,10.2,6.74,26.4,401.9,3209.0,51.0,1.23
cotton,Black Soil,Kharif,99.6,45.2,36.2,7.19,30.5,929.2,7672.0,181.0,2.24
chickpea,Black Soil,Rabi,31.9,14.5,11.6,7.08,18.5,408.0,2450.0,58.0,1.42
groundnut,Sandy Loam,Kharif,55.6,25.2,20.2,6.2,26.3,793.3,4677.0,101.0,1.9
mustard,Sandy Loam,Rabi,58.3,26.5,21.2,6.01,13.0,259.7,3196.0,106.0,1.05
cotton,Black Soil,Kharif,78.7,35.8,28.6,7.26,31.8,1065.4,5352.0,143.0,1.54
potato,Loam,Rabi,154.0,70.0,56.0,5.64,23.4,479.9,5994.0,280.0,19.05
rice,Alluvial,Kharif,121.0,55.0,44.0,6.12,27.4,1603.1,10892.0,220.0,4.11
millets,Loam,Kharif,50.6,23.0,18.4,6.86,30.8,413.4,3723.0,92.0,2.03
potato,Loam,Rabi,86.9,39.5,31.6,5.87,19.7,618.2,6284.0,158.0,20.2
groundnut,Sandy Loam,Kharif,67.1,30.5,24.4,6.42,27.3,695.7,3853.0,122.0,2.2
cotton,Loam,Kharif,72.6,33.0,26.4,7.63,30.4,855.3,7785.0,132.0,1.98
rice,Clay,Kharif,128.7,58.5,46.8,6.45,24.2,1728.4,7784.0,234.0,2.48
cotton,Loam,Kharif,62.2,28.2,22.6,7.52,25.8,832.5,6175.0,113.0,1.51
cotton,Clay Loam,Kharif,57.2,26.0,20.8,7.38,24.2,876.2,9270.0,104.0,1.56
sugarcane,Loam,Kharif,157.3,71.5,57.2,7.07,23.3,1895.7,22110.0,286.0,63.72
rice,Clay,Kharif,70.4,32.0,25.6,6.85,30.9,1511.6,13795.0,128.0,3.39
cotton,Loam,Kharif,50.6,23.0,18.4,7.32,30.2,983.0,8082.0,92.0,1.99
millets,Loam,Kharif,31.9,14.5,11.6,6.38,30.4,240.6,2981.0,58.0,1.51
maize,Sandy Loam,Rabi,84.2,38.2,30.6,6.95,27.9,713.1,3916.0,153.0,2.83
maize,Loam,Zaid,101.8,46.2,37.0,6.43,27.6,659.5,3580.0,185.0,2.96
potato,Loam,Rabi,131.5,59.8,47.8,6.33,16.5,412.3,4697.0,239.0,16.46
mustard,Alluvial,Rabi,74.2,33.8,27.0,7.13,14.7,418.2,2358.0,135.0,1.26
chickpea,Black Soil,Rabi,41.8,19.0,15.2,6.98,21.7,499.3,3194.0,76.0,1.94
cotton,Black Soil,Kharif,80.3,36.5,29.2,7.13,32.2,891.8,8877.0,146.0,2.08
sugarcane,Clay Loam,Zaid,188.1,85.5,68.4,6.45,32.2,1627.3,17005.0,342.0,68.72
wheat,Clay Loam,Rabi,85.2,38.8,31.0,6.76,19.7,558.4,2948.0,155.0,1.99
millets,Sandy Loam,Kharif,35.2,16.0,12.8,6.73,33.3,525.5,2927.0,64.0,1.98
mustard,Sandy Loam,Rabi,60.5,27.5,22.0,6.38,17.2,487.0,2101.0,110.0,1.2
potato,Loam,Rabi,132.6,60.2,48.2,6.01,20.0,637.7,6259.0,241.0,24.65
tomato,Sandy Loam,Rabi,118.3,53.8,43.0,6.98,24.5,770.9,5819.0,215.0,21.14
wheat,Clay Loam,Rabi,83.6,38.0,30.4,7.65,23.5,534.3,3979.0,152.0,2.26
rice,Clay Loam,Kharif,79.8,36.2,29.0,6.61,33.6,1785.7,9376.0,145.0,2.96
chickpea,Loam,Rabi,46.2,21.0,16.8,7.21,24.0,587.5,2176.0,84.0,1.16
potato,Loam,Rabi,91.9,41.8,33.4,6.12,20.8,628.4,3780.0,167.0,14.04
maize,Red Soil,Kharif,75.4,34.2,27.4,6.38,28.2,847.2,7023.0,137.0,4.4
maize,Red Soil,Rabi,67.7,30.8,24.6,6.31,28.2,848.5,6869.0,123.0,4.51
potato,Sandy Loam,Rabi,140.2,63.8,51.0,6.35,21.5,401.7,5523.0,255.0,19.01
chickpea,Black Soil,Rabi,35.2,16.0,12.8,6.93,20.8,513.0,3182.0,64.0,1.81
tomato,Alluvial,Rabi,82.5,37.5,30.0,6.6,23.5,492.8,5689.0,150.0,20.69
millets,Sandy Loam,Kharif,49.0,22.2,17.8,6.57,26.5,574.9,2742.0,89.0,1.7
potato,Loam,Rabi,139.7,63.5,50.8,6.18,18.7,594.4,3662.0,254.0,16.83
tomato,Loam,Kharif,90.8,41.2,33.0,6.73,22.0,522.3,6497.0,165.0,22.5
millets,Loam,Kharif,37.4,17.0,13.6,6.93,33.6,555.9,2865.0,68.0,1.69
wheat,Alluvial,Rabi,90.8,41.2,33.0,7.21,21.1,624.3,5405.0,165.0,3.53
cotton,Clay Loam,Kharif,84.7,38.5,30.8,7.42,27.4,1011.2,7862.0,154.0,2.05
wheat,Alluvial,Rabi,72.1,32.8,26.2,7.47,20.0,804.8,4385.0,131.0,2.93
tomato,Sandy Loam,Rabi,105.1,47.8,38.2,5.83,27.1,474.9,4231.0,191.0,12.36
tomato,Sandy Loam,Kharif,137.5,62.5,50.0,6.95,23.6,617.8,4812.0,250.0,18.93
chickpea,Sandy Loam,Rabi,39.6,18.0,14.4,6.75,22.1,476.6,2753.0,72.0,1.79
rice,Alluvial,Kharif,126.0,57.2,45.8,6.99,27.7,1731.8,13110.0,229.0,4.03
groundnut,Sandy Loam,Kharif,70.4,32.0,25.6,6.59,28.9,750.0,3460.0,128.0,2.12
soybean,Black Soil,Kharif,61.6,28.0,22.4,6.67,29.5,837.0,3418.0,112.0,1.96
wheat,Clay Loam,Rabi,79.8,36.2,29.0,7.1,20.2,878.3,4585.0,145.0,3.62
soybean,Loam,Kharif,50.6,23.0,18.4,6.2,23.6,768.3,5566.0,92.0,1.92
potato,Loam,Rabi,138.6,63.0,50.4,5.87,24.3,510.6,3766.0,252.0,13.22
chickpea,Loam,Rabi,26.4,12.0,9.6,7.1,23.2,469.1,3370.0,48.0,1.6
groundnut,Loam,Kharif,68.2,31.0,24.8,7.06,21.8,481.6,5142.0,124.0,1.58
potato,Loam,Rabi,97.4,44.2,35.4,6.25,19.8,623.4,4356.0,177.0,18.02
maize,Loam,Zaid,74.2,33.8,27.0,6.46,22.7,816.0,4643.0,135.0,3.63
wheat,Clay Loam,Rabi,105.1,47.8,38.2,6.76,23.4,714.3,4028.0,191.0,3.34
tomato,Alluvial,Rabi,107.3,48.8,39.0,5.68,20.1,499.0,4178.0,195.0,11.26
soybean,Loam,Kharif,62.7,28.5,22.8,6.18,25.0,915.5,2822.0,114.0,1.25
mustard,Alluvial,Rabi,62.7,28.5,22.8,7.03,17.4,331.0,3295.0,114.0,1.48
wheat,Clay Loam,Rabi,89.7,40.8,32.6,6.13,20.0,566.4,4287.0,163.0,3.04
wheat,Loam,Rabi,75.9,34.5,27.6,6.36,19.9,669.9,4170.0,138.0,3.1
mustard,Alluvial,Rabi,75.4,34.2,27.4,6.52,18.3,371.2,1774.0,137.0,0.93
millets,Loam,Kharif,51.7,23.5,18.8,6.37,32.6,473.8,2605.0,94.0,1.7
rice,Alluvial,Kharif,105.6,48.0,38.4,6.35,32.0,1686.0,13042.0,192.0,4.12
mustard,Loam,Rabi,75.4,34.2,27.4,7.04,15.6,608.0,1874.0,137.0,0.97
maize,Loam,Zaid,80.9,36.8,29.4,5.71,28.1,880.7,7114.0,147.0,4.16
millets,Red Soil,Kharif,31.4,14.2,11.4,6.65,28.5,490.8,2674.0,57.0,1.51
chickpea,Sandy Loam,Rabi,23.7,10.8,8.6,6.6,22.5,714.5,2473.0,43.0,1.32
rice,Alluvial,Kharif,104.0,47.2,37.8,6.32,27.5,1747.9,13186.0,189.0,4.62
wheat,Loam,Rabi,110.6,50.2,40.2,5.94,21.7,672.0,2895.0,201.0,1.49
millets,Red Soil,Kharif,38.5,17.5,14.0,5.75,27.0,279.1,3120.0,70.0,1.37
potato,Loam,Rabi,100.7,45.8,36.6,6.34,21.5,443.3,4450.0,183.0,17.87
maize,Loam,Kharif,75.9,34.5,27.6,6.9,23.6,960.2,3991.0,138.0,3.38
groundnut,Loam,Kharif,54.5,24.8,19.8,7.03,30.3,637.8,4953.0,99.0,2.02
groundnut,Loam,Kharif,67.1,30.5,24.4,7.28,27.7,613.8,2674.0,122.0,1.24
sugarcane,Alluvial,Kharif,119.4,54.2,43.4,6.97,33.7,1752.1,19999.0,217.0,68.12
mustard,Alluvial,Rabi,71.5,32.5,26.0,6.74,16.1,246.6,2572.0,130.0,1.64
mustard,Alluvial,Rabi,52.8,24.0,19.2,6.51,20.4,428.5,2091.0,96.0,1.05
sugarcane,Loam,Kharif,125.4,57.0,45.6,6.54,25.9,1669.8,21038.0,228.0,57.43
tomato,Loam,Kharif,140.2,63.8,51.0,6.5,22.4,622.6,6489.0,255.0,27.33
mustard,Sandy Loam,Rabi,74.8,34.0,27.2,6.28,19.0,374.0,2662.0,136.0,1.61
wheat,Alluvial,Rabi,108.4,49.2,39.4,6.35,21.6,378.5,3265.0,197.0,2.25
rice,Clay,Kharif,68.2,31.0,24.8,6.95,26.1,1584.2,12282.0,124.0,3.43
maize,Loam,Kharif,88.6,40.2,32.2,6.32,24.2,768.4,3803.0,161.0,3.01
maize,Sandy Loam,Rabi,117.2,53.2,42.6,6.41,27.5,755.6,7120.0,213.0,5.03
millets,Loam,Kharif,29.7,13.5,10.8,6.24,34.5,603.0,3801.0,54.0,1.71
soybean,Clay Loam,Kharif,43.5,19.8,15.8,6.92,23.4,995.9,4493.0,79.0,2.17
soybean,Black Soil,Kharif,53.9,24.5,19.6,7.03,30.9,969.9,3706.0,98.0,1.89
sugarcane,Clay Loam,Rabi,110.6,50.2,40.2,6.62,33.8,1549.5,19049.0,201.0,63.09
maize,Red Soil,Rabi,101.2,46.0,36.8,6.29,22.9,980.7,6096.0,184.0,4.67
wheat,Clay Loam,Rabi,83.1,37.8,30.2,6.52,14.5,541.2,5607.0,151.0,2.91
chickpea,Black Soil,Rabi,23.7,10.8,8.6,6.71,20.8,670.7,3391.0,43.0,1.47
mustard,Alluvial,Rabi,59.4,27.0,21.6,6.73,14.3,315.4,3225.0,108.0,1.42
rice,Clay Loam,Kharif,82.0,37.2,29.8,6.45,29.0,1746.4,12210.0,149.0,4.15
sugarcane,Alluvial,Kharif,146.9,66.8,53.4,7.08,27.9,1506.0,17286.0,267.0,63.85
rice,Clay,Kharif,118.8,54.0,43.2,6.32,27.0,1769.0,10796.0,216.0,3.82
chickpea,Sandy Loam,Rabi,40.7,18.5,14.8,7.49,21.1,452.3,3146.0,74.0,1.61
mustard,Sandy Loam,Rabi,66.6,30.2,24.2,6.96,22.9,727.7,2812.0,121.0,1.29
rice,Clay,Kharif,129.8,59.0,47.2,5.72,25.3,1676.2,8535.0,236.0,2.42
rice,Clay,Kharif,127.1,57.8,46.2,6.5,29.3,1591.4,8228.0,231.0,2.9
potato,Loam,Rabi,145.2,66.0,52.8,5.92,14.7,495.2,4053.0,264.0,15.49
soybean,Loam,Kharif,58.9,26.8,21.4,7.39,25.1,828.5,5753.0,107.0,2.09
sugarcane,Loam,Rabi,149.1,67.8,54.2,6.56,29.5,1715.2,13612.0,271.0,54.23
sugarcane,Clay Loam,Zaid,157.3,71.5,57.2,6.9,35.9,1684.7,14388.0,286.0,47.96
groundnut,Loam,Kharif,57.2,26.0,20.8,6.16,33.9,735.6,2769.0,104.0,1.13
wheat,Clay Loam,Rabi,66.6,30.2,24.2,6.91,19.2,841.6,3476.0,121.0,2.36
wheat,Alluvial,Rabi,94.1,42.8,34.2,6.34,18.1,817.2,5603.0,171.0,3.76
wheat,Clay Loam,Rabi,97.9,44.5,35.6,6.76,22.1,572.0,3006.0,178.0,1.96
groundnut,Red Soil,Kharif,48.4,22.0,17.6,6.7,27.9,568.0,3317.0,88.0,1.84
tomato,Sandy Loam,Rabi,149.1,67.8,54.2,7.39,30.0,682.6,6582.0,271.0,17.0
millets,Sandy Loam,Kharif,42.4,19.2,15.4,6.95,26.6,687.5,3057.0,77.0,1.5
mustard,Loam,Rabi,49.0,22.2,17.8,7.12,20.6,441.1,1828.0,89.0,0.83
tomato,Loam,Rabi,153.5,69.8,55.8,6.15,19.4,817.6,5760.0,279.0,20.24
tomato,Loam,Zaid,102.3,46.5,37.2,6.47,24.8,734.9,6840.0,186.0,24.7
maize,Alluvial,Kharif,90.8,41.2,33.0,6.05,23.0,948.9,4593.0,165.0,3.74
tomato,Alluvial,Zaid,116.6,53.0,42.4,6.52,26.9,772.1,4249.0,212.0,14.63
cotton,Clay Loam,Kharif,88.6,40.2,32.2,7.1,26.4,783.4,8748.0,161.0,1.96
potato,Sandy Loam,Rabi,154.6,70.2,56.2,6.51,23.3,854.8,5122.0,281.0,16.99
chickpea,Sandy Loam,Rabi,25.3,11.5,9.2,7.14,21.0,446.8,2412.0,46.0,1.25
wheat,Clay Loam,Rabi,97.4,44.2,35.4,6.51,22.0,587.6,4941.0,177.0,3.1
cotton,Loam,Kharif,86.9,39.5,31.6,8.44,34.6,978.4,7505.0,158.0,1.29
sugarcane,Clay Loam,Kharif,118.3,53.8,43.0,6.7,35.8,1480.3,18696.0,215.0,52.31
mustard,Sandy Loam,Rabi,52.8,24.0,19.2,6.48,23.2,347.0,3260.0,96.0,1.3
soybean,Clay Loam,Kharif,51.2,23.2,18.6,6.34,26.7,578.4,5692.0,93.0,2.34
potato,Sandy Loam,Rabi,123.2,56.0,44.8,5.9,19.6,587.8,4663.0,224.0,22.92
mustard,Alluvial,Rabi,51.2,23.2,18.6,6.31,16.0,494.5,2277.0,93.0,1.05
rice,Clay Loam,Kharif,89.7,40.8,32.6,7.18,29.3,1456.6,11497.0,163.0,3.36
soybean,Loam,Kharif,30.8,14.0,11.2,6.38,30.6,922.3,4508.0,56.0,1.85
rice,Clay Loam,Kharif,87.5,39.8,31.8,6.24,28.4,1450.3,13976.0,159.0,4.0
rice,Clay,Kharif,95.7,43.5,34.8,6.78,27.6,1734.7,14197.0,174.0,4.43
chickpea,Sandy Loam,Rabi,42.9,19.5,15.6,6.52,20.4,409.4,1945.0,78.0,1.07
potato,Loam,Rabi,90.8,41.2,33.0,5.84,18.3,593.6,6224.0,165.0,20.41
chickpea,Black Soil,Rabi,23.7,10.8,8.6,7.02,18.4,489.1,3740.0,43.0,1.49
wheat,Clay Loam,Rabi,58.9,26.8,21.4,6.95,22.1,666.0,5658.0,107.0,3.16
chickpea,Loam,Rabi,40.2,18.2,14.6,6.8,19.9,676.1,1771.0,73.0,0.83
groundnut,Red Soil,Kharif,34.1,15.5,12.4,7.04,30.0,904.7,2795.0,62.0,1.1
wheat,Loam,Rabi,107.8,49.0,39.2,7.15,17.8,451.8,3658.0,196.0,2.55
millets,Loam,Kharif,36.9,16.8,13.4,6.61,33.2,353.1,2714.0,67.0,2.08
tomato,Loam,Kharif,97.9,44.5,35.6,6.39,26.1,728.6,4853.0,178.0,20.0
rice,Clay,Kharif,108.9,49.5,39.6,6.74,30.7,1630.8,12597.0,198.0,4.12
cotton,Clay Loam,Kharif,54.5,24.8,19.8,7.21,28.0,998.6,8474.0,99.0,1.89
mustard,Loam,Rabi,57.2,26.0,20.8,6.8,19.2,552.3,2731.0,104.0,1.82
tomato,Sandy Loam,Rabi,129.2,58.8,47.0,6.2,26.0,481.9,5707.0,235.0,20.38
groundnut,Sandy Loam,Kharif,49.0,22.2,17.8,6.89,38.5,795.4,4708.0,89.0,1.49
chickpea,Sandy Loam,Rabi,35.2,16.0,12.8,7.45,24.0,357.7,3136.0,64.0,1.45
rice,Clay,Kharif,118.8,54.0,43.2,6.52,25.1,1821.6,14654.0,216.0,4.03
potato,Sandy Loam,Rabi,117.7,53.5,42.8,5.27,19.8,623.7,5797.0,214.0,17.85
cotton,Black Soil,Kharif,77.6,35.2,28.2,6.99,34.3,846.4,8209.0,141.0,1.8
sugarcane,Alluvial,Kharif,136.4,62.0,49.6,6.85,35.2,1536.9,21312.0,248.0,55.03
millets,Loam,Kharif,29.2,13.2,10.6,6.48,36.5,239.1,2322.0,53.0,1.22
tomato,Loam,Rabi,95.2,43.2,34.6,6.85,21.0,614.7,6327.0,173.0,17.94
maize,Alluvial,Kharif,58.3,26.5,21.2,6.64,25.5,664.2,4411.0,106.0,3.9
groundnut,Red Soil,Kharif,47.3,21.5,17.2,6.59,26.4,442.8,2599.0,86.0,1.19
potato,Loam,Rabi,115.0,52.2,41.8,5.56,16.0,599.7,5996.0,209.0,18.01
mustard,Loam,Rabi,46.2,21.0,16.8,7.12,25.4,274.2,3154.0,84.0,0.99
chickpea,Black Soil,Rabi,30.3,13.8,11.0,7.23,21.2,548.2,2957.0,55.0,1.55
groundnut,Sandy Loam,Kharif,59.4,27.0,21.6,6.4,30.4,672.3,3369.0,108.0,1.86
groundnut,Loam,Kharif,42.9,19.5,15.6,6.2,30.2,727.7,3707.0,78.0,1.75
potato,Sandy Loam,Rabi,79.8,36.2,29.0,5.68,20.0,780.1,6401.0,145.0,16.3
chickpea,Black Soil,Rabi,34.7,15.8,12.6,7.15,27.6,398.0,2814.0,63.0,1.28
tomato,Sandy Loam,Rabi,138.6,63.0,50.4,6.65,20.1,671.9,5622.0,252.0,22.25
soybean,Clay Loam,Kharif,36.3,16.5,13.2,6.84,29.1,696.9,4879.0,66.0,2.09
sugarcane,Alluvial,Rabi,143.6,65.2,52.2,6.36,26.0,1705.7,20301.0,261.0,57.54
groundnut,Sandy Loam,Kharif,50.6,23.0,18.4,6.91,32.8,491.3,4148.0,92.0,1.59
mustard,Alluvial,Rabi,68.8,31.2,25.0,7.13,14.3,444.4,2822.0,125.0,1.3
rice,Clay Loam,Kharif,114.4,52.0,41.6,6.45,26.5,1763.4,14658.0,208.0,4.17
soybean,Loam,Kharif,61.1,27.8,22.2,6.28,25.8,866.4,5192.0,111.0,2.29
sugarcane,Loam,Zaid,131.5,59.8,47.8,7.15,31.3,1721.6,22672.0,239.0,69.36
groundnut,Red Soil,Kharif,66.6,30.2,24.2,6.77,33.5,633.4,4693.0,121.0,1.61
wheat,Loam,Rabi,81.4,37.0,29.6,7.11,20.4,586.4,2968.0,148.0,1.98
groundnut,Loam,Kharif,39.1,17.8,14.2,6.05,28.8,919.0,3623.0,71.0,1.89
rice,Alluvial,Kharif,90.2,41.0,32.8,6.67,29.8,1598.1,7144.0,164.0,2.3
cotton,Clay Loam,Kharif,87.5,39.8,31.8,6.95,29.2,741.6,9084.0,159.0,2.13
cotton,Loam,Kharif,51.2,23.2,18.6,7.12,32.1,873.5,7285.0,93.0,1.72
chickpea,Black Soil,Rabi,46.2,21.0,16.8,7.23,16.8,529.4,3443.0,84.0,1.54
maize,Alluvial,Kharif,106.2,48.2,38.6,6.44,26.7,782.0,3637.0,193.0,3.41
rice,Alluvial,Kharif,104.5,47.5,38.0,6.18,29.7,1603.1,11034.0,190.0,4.07
mustard,Loam,Rabi,81.4,37.0,29.6,6.63,16.4,263.5,1847.0,148.0,0.94
millets,Loam,Kharif,28.1,12.8,10.2,6.71,33.7,351.9,2226.0,51.0,1.35
sugarcane,Alluvial,Rabi,187.0,85.0,68.0,6.32,32.6,1863.4,18477.0,340.0,65.65
maize,Loam,Rabi,93.5,42.5,34.0,6.09,23.3,1013.9,6612.0,170.0,4.07
wheat,Alluvial,Rabi,68.8,31.2,25.0,6.61,20.2,650.2,4109.0,125.0,2.76
sugarcane,Alluvial,Kharif,115.0,52.2,41.8,7.51,28.9,1647.3,13840.0,209.0,45.62
groundnut,Loam,Kharif,59.4,27.0,21.6,6.56,22.2,645.1,3351.0,108.0,1.63
cotton,Black Soil,Kharif,91.9,41.8,33.4,7.26,34.3,640.1,7078.0,167.0,1.97
chickpea,Loam,Rabi,33.0,15.0,12.0,6.04,25.2,688.3,3635.0,60.0,1.31
millets,Sandy Loam,Kharif,35.2,16.0,12.8,7.41,27.8,353.0,3318.0,64.0,1.42
sugarcane,Loam,Rabi,108.9,49.5,39.6,6.21,32.5,1644.6,22551.0,198.0,54.54
mustard,Sandy Loam,Rabi,58.3,26.5,21.2,7.28,13.2,338.9,2126.0,106.0,1.05
sugarcane,Alluvial,Kharif,183.2,83.2,66.6,7.12,33.3,1627.5,22705.0,333.0,58.56
cotton,Black Soil,Kharif,66.6,30.2,24.2,7.61,32.6,773.4,8697.0,121.0,1.66
chickpea,Sandy Loam,Rabi,46.2,21.0,16.8,7.26,23.5,417.1,2868.0,84.0,1.75
sugarcane,Alluvial,Rabi,161.7,73.5,58.8,6.97,33.6,1442.1,21416.0,294.0,61.44
rice,Alluvial,Kharif,104.5,47.5,38.0,6.12,30.3,1780.1,10653.0,190.0,3.85
chickpea,Black Soil,Rabi,31.9,14.5,11.6,7.24,17.6,522.1,3495.0,58.0,1.33
groundnut,Red Soil,Kharif,46.8,21.2,17.0,5.6,30.1,871.9,4076.0,85.0,1.66
groundnut,Sandy Loam,Kharif,62.7,28.5,22.8,6.53,28.6,868.2,5039.0,114.0,2.32
groundnut,Sandy Loam,Kharif,56.1,25.5,20.4,6.36,27.3,649.9,3355.0,102.0,1.68
cotton,Clay Loam,Kharif,72.1,32.8,26.2,6.74,31.1,849.6,7260.0,131.0,1.78
tomato,Loam,Zaid,78.1,35.5,28.4,6.54,22.8,753.3,4553.0,142.0,16.18
groundnut,Sandy Loam,Kharif,46.8,21.2,17.0,7.02,27.6,616.7,4374.0,85.0,1.88
wheat,Clay Loam,Rabi,77.6,35.2,28.2,6.4,26.7,667.7,3819.0,141.0,2.03
maize,Loam,Kharif,83.1,37.8,30.2,5.79,22.7,893.4,4968.0,151.0,3.27
groundnut,Loam,Kharif,69.9,31.8,25.4,6.86,32.4,733.8,4973.0,127.0,1.74
cotton,Black Soil,Kharif,80.3,36.5,29.2,7.29,28.3,1188.2,5325.0,146.0,1.42
sugarcane,Clay Loam,Rabi,97.4,44.2,35.4,6.98,33.7,1839.5,21983.0,177.0,53.63
tomato,Alluvial,Zaid,122.1,55.5,44.4,6.32,22.8,293.3,7653.0,222.0,24.66
millets,Red Soil,Kharif,50.6,23.0,18.4,6.63,28.7,495.7,3202.0,92.0,1.88
cotton,Clay Loam,Kharif,92.4,42.0,33.6,7.27,25.0,896.1,4716.0,168.0,1.17
soybean,Black Soil,Kharif,52.8,24.0,19.2,7.3,27.8,796.6,4716.0,96.0,2.19
chickpea,Sandy Loam,Rabi,40.7,18.5,14.8,6.17,20.0,588.6,2500.0,74.0,1.33
sugarcane,Loam,Zaid,167.2,76.0,60.8,7.04,27.9,1678.4,12388.0,304.0,46.75
rice,Clay,Kharif,108.9,49.5,39.6,6.61,21.2,1597.0,14164.0,198.0,3.55
soybean,Clay Loam,Kharif,30.3,13.8,11.0,6.94,28.6,767.8,4774.0,55.0,1.92
soybean,Loam,Kharif,36.3,16.5,13.2,7.09,27.0,784.3,5371.0,66.0,2.0
tomato,Loam,Rabi,152.4,69.2,55.4,6.71,21.3,515.9,6923.0,277.0,22.35
potato,Sandy Loam,Rabi,88.0,40.0,32.0,6.17,15.1,606.0,4518.0,160.0,16.05
cotton,Black Soil,Kharif,69.9,31.8,25.4,7.14,34.6,565.1,6322.0,127.0,1.62
mustard,Alluvial,Rabi,54.5,24.8,19.8,7.46,18.1,338.6,2993.0,99.0,1.41
millets,Sandy Loam,Kharif,29.2,13.2,10.6,6.91,29.3,390.0,3512.0,53.0,1.7
rice,Alluvial,Kharif,113.3,51.5,41.2,6.4,28.8,1754.4,13805.0,206.0,4.45
chickpea,Sandy Loam,Rabi,36.9,16.8,13.4,7.64,17.1,578.8,2268.0,67.0,0.97
soybean,Clay Loam,Kharif,48.4,22.0,17.6,6.11,25.7,639.3,5800.0,88.0,2.27
soybean,Clay Loam,Kharif,60.5,27.5,22.0,6.63,27.2,790.9,5398.0,110.0,2.39
soybean,Black Soil,Kharif,58.3,26.5,21.2,6.66,28.4,1019.5,3886.0,106.0,2.21
wheat,Alluvial,Rabi,63.8,29.0,23.2,6.66,20.8,783.8,4841.0,116.0,3.82
chickpea,Sandy Loam,Rabi,24.2,11.0,8.8,7.45,25.0,581.3,2521.0,44.0,1.13
cotton,Black Soil,Kharif,80.3,36.5,29.2,7.33,27.2,984.2,4343.0,146.0,0.95
maize,Red Soil,Zaid,95.2,43.2,34.6,6.4,26.1,739.9,6108.0,173.0,4.76
sugarcane,Alluvial,Kharif,132.6,60.2,48.2,6.93,29.5,1759.0,17233.0,241.0,70.22
tomato,Loam,Zaid,77.6,35.2,28.2,6.85,20.9,654.2,6874.0,141.0,19.06
sugarcane,Loam,Zaid,137.0,62.2,49.8,7.14,31.0,1592.3,20439.0,249.0,67.14
groundnut,Loam,Kharif,48.4,22.0,17.6,6.82,25.4,737.8,2980.0,88.0,1.4
chickpea,Black Soil,Rabi,46.8,21.2,17.0,7.3,22.3,559.0,1851.0,85.0,0.98
mustard,Sandy Loam,Rabi,50.6,23.0,18.4,6.98,14.3,225.1,1993.0,92.0,0.89
maize,Alluvial,Rabi,112.8,51.2,41.0,6.58,23.7,775.1,6866.0,205.0,4.63
chickpea,Black Soil,Rabi,33.0,15.0,12.0,6.58,18.6,662.9,2736.0,60.0,1.5
millets,Red Soil,Kharif,34.7,15.8,12.6,6.87,29.3,261.0,3077.0,63.0,1.7
chickpea,Black Soil,Rabi,35.2,16.0,12.8,6.72,20.7,521.0,1972.0,64.0,1.08
soybean,Black Soil,Kharif,51.2,23.2,18.6,6.6,27.7,719.9,2875.0,93.0,1.51
sugarcane,Loam,Kharif,112.8,51.2,41.0,6.96,26.9,1503.8,22373.0,205.0,60.02
cotton,Clay Loam,Kharif,53.4,24.2,19.4,7.11,26.8,1013.2,5101.0,97.0,1.39
potato,Loam,Rabi,94.6,43.0,34.4,5.35,20.1,433.8,4309.0,172.0,16.34
tomato,Loam,Rabi,123.8,56.2,45.0,6.4,18.8,476.6,6016.0,225.0,19.91
potato,Loam,Rabi,147.4,67.0,53.6,5.83,14.2,733.7,5647.0,268.0,17.5
wheat,Loam,Rabi,64.4,29.2,23.4,6.77,18.3,932.8,4493.0,117.0,3.53
groundnut,Red Soil,Kharif,52.3,23.8,19.0,6.92,29.5,561.2,3052.0,95.0,1.55
maize,Sandy Loam,Zaid,69.9,31.8,25.4,6.47,26.8,836.1,3364.0,127.0,2.62
sugarcane,Clay Loam,Kharif,156.8,71.2,57.0,7.5,30.6,1694.7,19739.0,285.0,63.67
mustard,Loam,Rabi,74.8,34.0,27.2,6.06,16.7,373.5,2326.0,136.0,1.3
wheat,Alluvial,Rabi,67.1,30.5,24.4,7.55,22.6,553.0,4499.0,122.0,2.63
cotton,Clay Loam,Kharif,100.1,45.5,36.4,6.7,30.9,680.7,6987.0,182.0,1.96
wheat,Loam,Rabi,80.9,36.8,29.4,7.72,15.9,688.9,3661.0,147.0,2.07
groundnut,Red Soil,Kharif,58.9,26.8,21.4,7.02,25.0,897.1,3943.0,107.0,1.84
tomato,Alluvial,Rabi,112.2,51.0,40.8,6.37,28.7,789.8,6147.0,204.0,18.32
chickpea,Sandy Loam,Rabi,46.2,21.0,16.8,6.46,26.1,519.2,1873.0,84.0,0.77
chickpea,Loam,Rabi,29.7,13.5,10.8,7.27,21.3,586.0,3057.0,54.0,1.5
millets,Loam,Kharif,29.7,13.5,10.8,6.38,36.0,481.7,2470.0,54.0,1.23
cotton,Black Soil,Kharif,69.9,31.8,25.4,7.19,30.9,793.2,6872.0,127.0,2.16
chickpea,Sandy Loam,Rabi,48.4,22.0,17.6,7.49,22.2,627.2,2641.0,88.0,1.79
sugarcane,Alluvial,Rabi,171.6,78.0,62.4,6.75,32.6,1792.6,18751.0,312.0,71.73
potato,Loam,Rabi,90.2,41.0,32.8,5.83,24.4,525.7,4570.0,164.0,13.79
chickpea,Loam,Rabi,47.9,21.8,17.4,6.53,22.0,411.9,2778.0,87.0,1.7
wheat,Alluvial,Rabi,84.2,38.2,30.6,6.39,21.0,637.3,3805.0,153.0,2.93
potato,Sandy Loam,Rabi,161.2,73.2,58.6,6.9,19.5,771.0,3529.0,293.0,12.5
sugarcane,Alluvial,Rabi,134.8,61.2,49.0,6.75,40.7,1469.3,13339.0,245.0,40.89
potato,Sandy Loam,Rabi,111.7,50.8,40.6,6.28,13.3,631.5,5362.0,203.0,15.03
mustard,Loam,Rabi,44.0,20.0,16.0,6.78,17.4,466.2,2225.0,80.0,1.29
potato,Loam,Rabi,159.5,72.5,58.0,5.87,22.8,659.1,4331.0,290.0,19.33
wheat,Alluvial,Rabi,111.1,50.5,40.4,7.25,20.3,605.3,6138.0,202.0,3.91
maize,Alluvial,Kharif,61.1,27.8,22.2,6.45,29.1,915.9,5608.0,111.0,3.91
potato,Loam,Rabi,119.4,54.2,43.4,6.21,15.9,625.0,5696.0,217.0,19.92
cotton,Loam,Kharif,67.7,30.8,24.6,6.7,29.2,955.3,9177.0,123.0,2.06
mustard,Alluvial,Rabi,49.0,22.2,17.8,6.97,15.5,671.1,2142.0,89.0,1.05
potato,Loam,Rabi,113.9,51.8,41.4,5.98,16.1,567.6,3642.0,207.0,14.58
cotton,Loam,Kharif,100.1,45.5,36.4,6.94,32.5,755.4,5303.0,182.0,1.48
tomato,Sandy Loam,Kharif,115.5,52.5,42.0,6.52,21.4,1014.8,7196.0,210.0,20.41
sugarcane,Alluvial,Rabi,134.8,61.2,49.0,7.29,34.5,1634.7,16161.0,245.0,47.38
chickpea,Loam,Rabi,45.1,20.5,16.4,6.93,16.7,545.1,2269.0,82.0,1.17
soybean,Black Soil,Kharif,57.8,26.2,21.0,6.21,28.7,764.4,3539.0,105.0,1.91
rice,Clay Loam,Kharif,75.4,34.2,27.4,5.72,32.7,1615.0,9638.0,137.0,2.5
cotton,Loam,Kharif,84.7,38.5,30.8,7.16,29.8,792.8,4690.0,154.0,1.27
sugarcane,Loam,Kharif,109.5,49.8,39.8,7.0,31.3,1575.2,11015.0,199.0,33.92
potato,Sandy Loam,Rabi,92.4,42.0,33.6,6.39,11.7,498.5,6102.0,168.0,12.95
cotton,Clay Loam,Kharif,53.9,24.5,19.6,7.02,30.7,895.1,8460.0,98.0,1.83
wheat,Loam,Rabi,78.7,35.8,28.6,7.44,18.2,805.5,6212.0,143.0,2.95
soybean,Loam,Kharif,55.0,25.0,20.0,6.5,23.3,828.9,5741.0,100.0,2.13
wheat,Alluvial,Rabi,55.6,25.2,20.2,6.85,19.2,463.0,3691.0,101.0,2.33
wheat,Alluvial,Rabi,64.4,29.2,23.4,6.87,17.5,528.2,4183.0,117.0,2.98
sugarcane,Loam,Rabi,175.5,79.8,63.8,6.05,33.8,1699.7,16122.0,319.0,61.68
millets,Sandy Loam,Kharif,46.2,21.0,16.8,7.48,30.3,461.4,3812.0,84.0,1.79
tomato,Alluvial,Zaid,118.3,53.8,43.0,5.61,13.8,835.2,4332.0,215.0,11.31
wheat,Loam,Rabi,54.5,24.8,19.8,7.41,20.8,687.2,3169.0,99.0,1.8
millets,Loam,Kharif,44.0,20.0,16.0,7.08,33.7,555.5,3309.0,80.0,1.76
groundnut,Sandy Loam,Kharif,67.1,30.5,24.4,6.54,34.5,790.0,4215.0,122.0,1.78
tomato,Sandy Loam,Zaid,144.7,65.8,52.6,5.87,23.2,718.8,5219.0,263.0,22.63
soybean,Black Soil,Kharif,58.3,26.5,21.2,6.15,26.8,787.5,5743.0,106.0,2.6
cotton,Black Soil,Kharif,70.4,32.0,25.6,7.21,30.4,902.4,6620.0,128.0,2.07
groundnut,Sandy Loam,Kharif,35.8,16.2,13.0,6.63,38.4,740.3,4418.0,65.0,1.46
wheat,Loam,Rabi,53.9,24.5,19.6,6.31,16.0,678.3,2920.0,98.0,1.25
wheat,Loam,Rabi,82.0,37.2,29.8,6.62,19.2,433.4,3223.0,149.0,2.3
millets,Red Soil,Kharif,26.4,12.0,9.6,7.02,33.7,342.2,2373.0,48.0,1.34
rice,Alluvial,Kharif,95.7,43.5,34.8,6.46,32.6,1613.3,13062.0,174.0,3.45
chickpea,Sandy Loam,Rabi,34.1,15.5,12.4,6.99,24.9,507.0,3246.0,62.0,1.66
maize,Sandy Loam,Kharif,59.4,27.0,21.6,6.15,20.3,736.4,4857.0,108.0,3.44
mustard,Sandy Loam,Rabi,78.1,35.5,28.4,6.5,24.1,376.1,3542.0,142.0,1.28
millets,Sandy Loam,Kharif,27.5,12.5,10.0,6.3,34.8,411.8,2080.0,50.0,1.02
chickpea,Black Soil,Rabi,43.5,19.8,15.8,7.15,19.8,778.1,3765.0,79.0,1.76
chickpea,Loam,Rabi,44.6,20.2,16.2,7.3,22.1,412.0,2292.0,81.0,1.44
groundnut,Red Soil,Kharif,67.7,30.8,24.6,6.34,24.3,569.2,3604.0,123.0,1.85
wheat,Loam,Rabi,63.8,29.0,23.2,6.8,20.6,825.1,3982.0,116.0,3.04
rice,Clay Loam,Kharif,120.5,54.8,43.8,6.67,28.2,1825.7,11678.0,219.0,4.52
maize,Loam,Kharif,71.0,32.2,25.8,6.62,27.2,850.2,5580.0,129.0,4.7
maize,Sandy Loam,Kharif,90.8,41.2,33.0,6.28,25.8,1197.3,5892.0,165.0,4.76
chickpea,Loam,Rabi,47.3,21.5,17.2,6.54,23.0,514.1,3192.0,86.0,1.7
maize,Sandy Loam,Kharif,102.3,46.5,37.2,6.41,22.8,778.1,4116.0,186.0,3.63
sugarcane,Loam,Rabi,179.9,81.8,65.4,6.79,33.5,1785.7,13432.0,327.0,49.36
millets,Red Soil,Kharif,33.6,15.2,12.2,6.9,31.0,213.7,3615.0,61.0,1.84
potato,Loam,Rabi,102.9,46.8,37.4,6.23,20.6,664.0,6254.0,187.0,18.93
sugarcane,Loam,Kharif,133.7,60.8,48.6,7.03,28.6,1793.2,17836.0,243.0,65.96
rice,Clay Loam,Kharif,89.7,40.8,32.6,6.84,24.5,1791.0,12842.0,163.0,3.46
potato,Sandy Loam,Rabi,138.1,62.8,50.2,5.45,17.1,495.3,4739.0,251.0,17.97
mustard,Alluvial,Rabi,75.9,34.5,27.6,7.14,18.8,361.4,2750.0,138.0,1.61
cotton,Clay Loam,Kharif,88.0,40.0,32.0,7.02,32.1,898.1,5936.0,160.0,1.77
millets,Sandy Loam,Kharif,50.1,22.8,18.2,7.23,31.2,373.3,3697.0,91.0,2.03
tomato,Sandy Loam,Zaid,94.1,42.8,34.2,6.36,24.0,374.8,5265.0,171.0,20.63
chickpea,Sandy Loam,Rabi,34.7,15.8,12.6,6.54,26.4,508.3,1801.0,63.0,0.78
chickpea,Loam,Rabi,38.0,17.2,13.8,6.6,18.6,568.4,3537.0,69.0,1.52
rice,Clay,Kharif,74.8,34.0,27.2,6.21,25.7,1705.1,9308.0,136.0,3.3
wheat,Loam,Rabi,101.8,46.2,37.0,7.16,20.5,627.1,4990.0,185.0,3.34
millets,Red Soil,Kharif,25.9,11.8,9.4,6.39,33.9,489.2,3118.0,47.0,1.68
groundnut,Loam,Kharif,65.5,29.8,23.8,7.09,23.1,753.0,3741.0,119.0,1.74
chickpea,Black Soil,Rabi,32.5,14.8,11.8,6.81,24.9,570.4,1821.0,59.0,0.92
millets,Red Soil,Kharif,41.8,19.0,15.2,7.27,43.2,476.8,3163.0,76.0,1.28
cotton,Black Soil,Kharif,101.8,46.2,37.0,7.0,25.7,869.9,4912.0,185.0,1.12
rice,Clay,Kharif,66.0,30.0,24.0,6.06,27.1,1982.2,14269.0,120.0,3.3
rice,Clay Loam,Kharif,123.8,56.2,45.0,6.46,22.8,1504.1,11058.0,225.0,3.52
potato,Loam,Rabi,111.1,50.5,40.4,5.14,16.8,735.1,4457.0,202.0,14.81
groundnut,Red Soil,Kharif,45.7,20.8,16.6,6.32,25.9,724.5,2780.0,83.0,1.28
mustard,Alluvial,Rabi,51.7,23.5,18.8,6.99,24.3,444.2,1955.0,94.0,0.82
potato,Sandy Loam,Rabi,97.9,44.5,35.6,6.69,23.2,671.4,6485.0,178.0,15.41
groundnut,Red Soil,Kharif,42.9,19.5,15.6,6.02,27.6,610.8,5095.0,78.0,1.98
chickpea,Sandy Loam,Rabi,46.2,21.0,16.8,7.16,20.5,402.5,1923.0,84.0,1.14
cotton,Clay Loam,Kharif,61.1,27.8,22.2,7.65,28.6,837.7,4409.0,111.0,0.95
cotton,Black Soil,Kharif,101.8,46.2,37.0,7.3,31.2,888.1,7628.0,185.0,2.09
groundnut,Sandy Loam,Kharif,46.8,21.2,17.0,6.76,25.1,594.1,3591.0,85.0,1.72
chickpea,Sandy Loam,Rabi,46.2,21.0,16.8,6.88,21.1,426.9,3462.0,84.0,1.57
wheat,Clay Loam,Rabi,81.4,37.0,29.6,7.18,24.5,691.1,4264.0,148.0,2.83
potato,Sandy Loam,Rabi,83.1,37.8,30.2,6.26,15.3,558.9,4754.0,151.0,15.35
maize,Red Soil,Rabi,116.1,52.8,42.2,6.3,24.6,730.4,4296.0,211.0,4.36
sugarcane,Alluvial,Rabi,101.8,46.2,37.0,7.1,29.2,1553.2,20182.0,185.0,65.35
tomato,Alluvial,Kharif,106.2,48.2,38.6,7.19,24.2,304.1,5322.0,193.0,21.21
cotton,Loam,Kharif,83.6,38.0,30.4,7.3,32.2,987.3,7384.0,152.0,1.88
rice,Clay,Kharif,73.7,33.5,26.8,6.72,27.2,1817.7,7482.0,134.0,2.6
tomato,Sandy Loam,Kharif,154.0,70.0,56.0,6.19,25.9,734.7,6045.0,280.0,21.87
tomato,Alluvial,Rabi,89.1,40.5,32.4,6.44,25.4,747.6,5705.0,162.0,22.61
tomato,Alluvial,Kharif,154.6,70.2,56.2,6.96,23.9,701.3,4224.0,281.0,13.13
mustard,Sandy Loam,Rabi,63.3,28.8,23.0,7.42,19.7,319.8,2772.0,115.0,1.56
millets,Sandy Loam,Kharif,33.0,15.0,12.0,6.83,35.3,293.9,2999.0,60.0,1.76
mustard,Alluvial,Rabi,45.7,20.8,16.6,7.13,14.6,506.7,1828.0,83.0,0.74
cotton,Clay Loam,Kharif,68.8,31.2,25.0,6.48,28.9,746.2,4756.0,125.0,1.12
chickpea,Sandy Loam,Rabi,46.2,21.0,16.8,6.75,20.8,507.5,1833.0,84.0,0.94
tomato,Loam,Kharif,119.4,54.2,43.4,6.79,21.2,584.9,7424.0,217.0,18.96
potato,Sandy Loam,Rabi,155.7,70.8,56.6,5.67,19.1,407.7,3972.0,283.0,18.54
groundnut,Sandy Loam,Kharif,46.2,21.0,16.8,6.62,25.6,693.7,3795.0,84.0,1.98
wheat,Loam,Rabi,95.2,43.2,34.6,6.86,20.3,734.9,5694.0,173.0,3.78
millets,Loam,Kharif,29.7,13.5,10.8,7.39,35.4,206.6,3016.0,54.0,1.34
groundnut,Red Soil,Kharif,42.4,19.2,15.4,6.12,26.8,871.8,5398.0,77.0,1.98
cotton,Loam,Kharif,89.1,40.5,32.4,7.44,31.3,737.8,5190.0,162.0,1.41
mustard,Alluvial,Rabi,67.1,30.5,24.4,6.91,15.3,423.6,2468.0,122.0,1.44
rice,Clay,Kharif,97.9,44.5,35.6,7.08,27.8,1747.0,7334.0,178.0,2.2
rice,Alluvial,Kharif,130.4,59.2,47.4,6.63,28.7,1736.0,9783.0,237.0,4.24
potato,Loam,Rabi,158.4,72.0,57.6,5.48,10.6,587.8,3429.0,288.0,8.51
cotton,Clay Loam,Kharif,74.8,34.0,27.2,7.25,31.0,717.2,8559.0,136.0,2.4
chickpea,Loam,Rabi,46.8,21.2,17.0,6.01,20.6,393.1,2594.0,85.0,1.44
chickpea,Loam,Rabi,29.7,13.5,10.8,6.4,16.8,517.0,2872.0,54.0,1.15
wheat,Loam,Rabi,106.2,48.2,38.6,6.03,22.5,572.4,6033.0,193.0,3.08
maize,Sandy Loam,Zaid,115.5,52.5,42.0,7.22,31.5,860.0,4573.0,210.0,2.91
mustard,Sandy Loam,Rabi,43.5,19.8,15.8,6.7,15.5,215.9,3402.0,79.0,1.47
millets,Sandy Loam,Kharif,39.1,17.8,14.2,6.76,29.7,594.9,3436.0,71.0,1.91
rice,Alluvial,Kharif,117.2,53.2,42.6,6.33,26.0,1812.6,13950.0,213.0,4.54
groundnut,Red Soil,Kharif,53.9,24.5,19.6,6.93,30.6,864.5,3881.0,98.0,1.89
mustard,Sandy Loam,Rabi,60.5,27.5,22.0,6.55,21.5,423.5,2770.0,110.0,1.41
millets,Loam,Kharif,50.1,22.8,18.2,6.06,33.2,318.6,3366.0,91.0,2.04
wheat,Clay Loam,Rabi,86.9,39.5,31.6,6.89,19.1,718.9,3045.0,158.0,2.02
groundnut,Loam,Kharif,40.7,18.5,14.8,5.75,28.3,641.2,3771.0,74.0,1.71
cotton,Clay Loam,Kharif,66.0,30.0,24.0,7.95,29.8,987.9,6679.0,120.0,1.85
rice,Clay,Kharif,89.7,40.8,32.6,6.75,26.0,1944.8,7571.0,163.0,2.22
rice,Clay Loam,Kharif,70.4,32.0,25.6,5.97,27.6,1669.6,11353.0,128.0,3.67
groundnut,Red Soil,Kharif,52.8,24.0,19.2,6.66,22.3,847.8,3107.0,96.0,1.3
rice,Alluvial,Kharif,95.7,43.5,34.8,6.53,26.5,1696.2,13858.0,174.0,4.75
tomato,Alluvial,Kharif,155.1,70.5,56.4,6.37,21.2,639.2,4406.0,282.0,17.25
cotton,Clay Loam,Kharif,86.4,39.2,31.4,7.14,31.9,840.5,7617.0,157.0,2.11
mustard,Alluvial,Rabi,74.2,33.8,27.0,6.7,19.1,423.2,2923.0,135.0,1.87
tomato,Loam,Kharif,134.2,61.0,48.8,6.9,26.3,638.4,4213.0,244.0,15.29
millets,Sandy Loam,Kharif,50.6,23.0,18.4,6.92,35.2,186.5,3193.0,92.0,1.93
rice,Clay,Kharif,83.6,38.0,30.4,5.66,26.5,1685.3,13537.0,152.0,3.2
mustard,Sandy Loam,Rabi,80.3,36.5,29.2,7.38,13.6,365.1,3452.0,146.0,1.23
maize,Alluvial,Zaid,57.8,26.2,21.0,6.63,21.4,836.8,3757.0,105.0,2.55
mustard,Alluvial,Rabi,73.2,33.2,26.6,6.97,16.4,361.5,3252.0,133.0,1.56
rice,Clay Loam,Kharif,129.2,58.8,47.0,6.19,29.7,1676.0,7020.0,235.0,2.39
tomato,Loam,Kharif,138.6,63.0,50.4,6.52,26.6,660.7,5173.0,252.0,23.59
potato,Sandy Loam,Rabi,148.0,67.2,53.8,6.65,17.4,564.3,4402.0,269.0,17.54
mustard,Sandy Loam,Rabi,68.8,31.2,25.0,6.02,17.4,409.6,3529.0,125.0,1.44
tomato,Loam,Zaid,80.9,36.8,29.4,6.37,27.1,613.3,6054.0,147.0,18.87
cotton,Loam,Kharif,74.2,33.8,27.0,7.03,26.6,930.0,8126.0,135.0,1.82
rice,Clay,Kharif,104.5,47.5,38.0,6.33,24.5,1516.3,14862.0,190.0,3.75
mustard,Sandy Loam,Rabi,52.8,24.0,19.2,7.31,18.1,471.9,3369.0,96.0,1.41
maize,Alluvial,Zaid,95.7,43.5,34.8,6.65,28.1,800.3,6977.0,174.0,4.85
cotton,Black Soil,Kharif,94.1,42.8,34.2,7.9,33.6,1035.5,8621.0,171.0,1.7
rice,Alluvial,Kharif,99.0,45.0,36.0,6.76,32.4,1778.7,9021.0,180.0,2.67
mustard,Alluvial,Rabi,49.5,22.5,18.0,6.93,22.5,314.0,2748.0,90.0,1.28
soybean,Loam,Kharif,37.4,17.0,13.6,7.13,27.6,752.1,4435.0,68.0,2.25
rice,Clay Loam,Kharif,128.2,58.2,46.6,6.49,25.4,1936.7,11322.0,233.0,4.29
millets,Red Soil,Kharif,40.2,18.2,14.6,6.49,28.3,493.9,2660.0,73.0,1.5
mustard,Sandy Loam,Rabi,50.1,22.8,18.2,6.7,21.7,344.5,2965.0,91.0,1.29
maize,Sandy Loam,Kharif,57.8,26.2,21.0,6.74,29.3,890.3,6444.0,105.0,3.77
groundnut,Loam,Kharif,51.7,23.5,18.8,6.67,27.7,623.8,4579.0,94.0,1.96
maize,Red Soil,Rabi,117.7,53.5,42.8,6.7,22.5,880.9,3506.0,214.0,2.56
groundnut,Sandy Loam,Kharif,63.8,29.0,23.2,6.77,26.8,745.2,4485.0,116.0,2.16
maize,Alluvial,Zaid,85.2,38.8,31.0,6.62,24.8,747.8,4876.0,155.0,4.51
maize,Loam,Kharif,102.3,46.5,37.2,5.87,23.2,596.2,3928.0,186.0,2.73
wheat,Clay Loam,Rabi,57.8,26.2,21.0,6.38,18.7,616.7,4156.0,105.0,2.66
soybean,Loam,Kharif,42.4,19.2,15.4,7.0,20.7,863.0,3273.0,77.0,1.31
soybean,Loam,Kharif,61.6,28.0,22.4,6.33,22.4,917.7,3599.0,112.0,1.56
groundnut,Red Soil,Kharif,50.6,23.0,18.4,7.15,32.8,745.0,5457.0,92.0,1.7
maize,Red Soil,Zaid,60.0,27.2,21.8,6.63,29.5,669.0,4971.0,109.0,3.65
soybean,Black Soil,Kharif,33.0,15.0,12.0,6.87,28.6,780.5,3815.0,60.0,1.94
mustard,Loam,Rabi,42.4,19.2,15.4,6.5,14.1,432.5,3352.0,77.0,1.34
maize,Loam,Kharif,84.2,38.2,30.6,6.42,29.3,755.0,4189.0,153.0,3.46
groundnut,Loam,Kharif,41.8,19.0,15.2,5.89,24.8,741.1,4042.0,76.0,1.65
mustard,Sandy Loam,Rabi,60.0,27.2,21.8,6.89,19.3,371.0,1960.0,109.0,0.99
groundnut,Red Soil,Kharif,59.4,27.0,21.6,6.98,25.4,642.9,2896.0,108.0,1.27
wheat,Clay Loam,Rabi,108.4,49.2,39.4,6.75,17.5,651.4,4563.0,197.0,3.35
mustard,Sandy Loam,Rabi,77.6,35.2,28.2,6.94,15.9,357.8,3222.0,141.0,1.73
potato,Loam,Rabi,121.0,55.0,44.0,5.63,20.3,446.3,3278.0,220.0,12.5
wheat,Loam,Rabi,74.2,33.8,27.0,6.79,19.1,654.7,6068.0,135.0,3.8
mustard,Alluvial,Rabi,54.5,24.8,19.8,6.67,13.9,289.6,2473.0,99.0,1.24
soybean,Black Soil,Kharif,49.0,22.2,17.8,6.45,24.0,696.8,3505.0,89.0,1.8
wheat,Loam,Rabi,95.7,43.5,34.8,6.64,23.4,500.6,6191.0,174.0,3.48
soybean,Loam,Kharif,38.5,17.5,14.0,6.78,29.5,836.5,5830.0,70.0,2.19
chickpea,Sandy Loam,Rabi,26.4,12.0,9.6,6.76,16.2,411.1,3143.0,48.0,1.47
soybean,Black Soil,Kharif,31.9,14.5,11.6,6.76,27.3,729.6,5675.0,58.0,2.16
rice,Clay Loam,Kharif,69.9,31.8,25.4,6.6,26.8,1586.6,10301.0,127.0,3.43
soybean,Black Soil,Kharif,44.0,20.0,16.0,6.39,25.7,725.1,3415.0,80.0,1.62
cotton,Clay Loam,Kharif,91.3,41.5,33.2,6.56,31.3,1029.5,7036.0,166.0,1.9
wheat,Loam,Rabi,91.9,41.8,33.4,6.35,19.1,877.0,3995.0,167.0,3.12
cotton,Loam,Kharif,52.3,23.8,19.0,7.06,37.6,1100.9,9245.0,95.0,1.46
potato,Loam,Rabi,106.7,48.5,38.8,6.29,23.3,561.5,5372.0,194.0,16.42
chickpea,Sandy Loam,Rabi,25.9,11.8,9.4,8.14,18.8,672.4,3157.0,47.0,1.17
chickpea,Black Soil,Rabi,46.2,21.0,16.8,6.66,25.2,598.3,3314.0,84.0,1.5
wheat,Alluvial,Rabi,75.4,34.2,27.4,6.73,18.6,542.8,5574.0,137.0,3.61
rice,Clay,Kharif,67.7,30.8,24.6,6.32,27.6,1697.2,7945.0,123.0,2.58
cotton,Black Soil,Kharif,102.9,46.8,37.4,7.11,28.1,914.3,5766.0,187.0,1.82
potato,Sandy Loam,Rabi,149.1,67.8,54.2,5.77,19.3,687.8,3256.0,271.0,13.48
sugarcane,Clay Loam,Kharif,188.1,85.5,68.4,7.59,34.3,1553.9,17768.0,342.0,64.03
groundnut,Sandy Loam,Kharif,64.4,29.2,23.4,6.72,29.5,761.0,3134.0,117.0,1.66
soybean,Black Soil,Kharif,45.7,20.8,16.6,6.96,27.5,727.2,3951.0,83.0,2.33
wheat,Loam,Rabi,109.5,49.8,39.8,6.68,18.5,694.6,5496.0,199.0,4.11
maize,Alluvial,Kharif,63.8,29.0,23.2,6.48,30.4,713.5,6488.0,116.0,4.09
cotton,Clay Loam,Kharif,96.3,43.8,35.0,7.57,22.4,975.9,5711.0,175.0,1.27
rice,Clay Loam,Kharif,64.9,29.5,23.6,7.27,28.1,1650.2,12499.0,118.0,3.66
potato,Loam,Rabi,115.0,52.2,41.8,5.73,17.6,681.0,5167.0,209.0,18.98
rice,Clay,Kharif,80.9,36.8,29.4,6.02,28.5,1905.9,8420.0,147.0,2.66
potato,Sandy Loam,Rabi,121.0,55.0,44.0,6.84,17.1,536.5,4226.0,220.0,17.18
millets,Sandy Loam,Kharif,31.9,14.5,11.6,6.35,32.9,405.3,3940.0,58.0,1.86
potato,Sandy Loam,Rabi,86.4,39.2,31.4,5.49,18.8,832.4,5832.0,157.0,17.46
cotton,Clay Loam,Kharif,94.1,42.8,34.2,6.94,33.1,690.6,4343.0,171.0,0.91
rice,Alluvial,Kharif,111.1,50.5,40.4,6.49,26.9,1803.0,14594.0,202.0,4.19
chickpea,Loam,Rabi,46.2,21.0,16.8,7.3,21.7,384.1,1939.0,84.0,1.15
mustard,Alluvial,Rabi,58.9,26.8,21.4,6.59,19.1,285.2,2748.0,107.0,1.54
soybean,Black Soil,Kharif,42.4,19.2,15.4,7.29,27.6,841.2,5370.0,77.0,2.21
potato,Sandy Loam,Rabi,122.1,55.5,44.4,6.23,17.7,559.6,6450.0,222.0,22.81
potato,Sandy Loam,Rabi,110.0,50.0,40.0,6.42,17.0,370.2,6095.0,200.0,18.17
mustard,Sandy Loam,Rabi,58.9,26.8,21.4,6.93,18.1,248.9,2278.0,107.0,1.39
rice,Clay Loam,Kharif,75.4,34.2,27.4,6.47,29.2,1709.1,14754.0,137.0,4.28
mustard,Loam,Rabi,41.2,18.8,15.0,6.72,22.9,453.8,2317.0,75.0,1.04
sugarcane,Alluvial,Rabi,186.5,84.8,67.8,6.92,33.9,1578.2,21243.0,339.0,63.82
mustard,Sandy Loam,Rabi,49.0,22.2,17.8,7.41,18.8,430.1,3059.0,89.0,1.33
wheat,Alluvial,Rabi,80.9,36.8,29.4,7.02,21.9,800.3,5190.0,147.0,3.2
chickpea,Loam,Rabi,39.6,18.0,14.4,7.14,19.1,407.4,3486.0,72.0,1.44
millets,Loam,Kharif,29.7,13.5,10.8,6.97,28.8,225.9,2642.0,54.0,1.48
mustard,Alluvial,Rabi,56.7,25.8,20.6,7.45,13.2,502.9,2868.0,103.0,1.24
chickpea,Loam,Rabi,41.2,18.8,15.0,5.82,20.9,596.1,2889.0,75.0,1.42
mustard,Loam,Rabi,49.0,22.2,17.8,6.99,17.5,374.4,3304.0,89.0,1.46
soybean,Black Soil,Kharif,39.6,18.0,14.4,6.51,23.9,746.7,4283.0,72.0,1.97
soybean,Loam,Kharif,36.3,16.5,13.2,6.68,25.5,792.4,2706.0,66.0,1.26
cotton,Black Soil,Kharif,96.3,43.8,35.0,6.92,25.2,1033.6,6099.0,175.0,1.68
maize,Alluvial,Zaid,88.6,40.2,32.2,6.45,30.9,1108.2,5761.0,161.0,3.96
rice,Clay Loam,Kharif,128.7,58.5,46.8,6.15,31.2,1762.6,11269.0,234.0,3.89
mustard,Sandy Loam,Rabi,71.0,32.2,25.8,6.94,19.0,547.3,3449.0,129.0,1.38
millets,Red Soil,Kharif,35.8,16.2,13.0,7.04,25.6,643.0,3474.0,65.0,1.4
wheat,Alluvial,Rabi,64.9,29.5,23.6,6.94,25.1,756.5,5263.0,118.0,2.79
tomato,Loam,Zaid,152.4,69.2,55.4,6.36,21.4,547.6,4066.0,277.0,15.7
rice,Clay,Kharif,128.7,58.5,46.8,7.64,26.8,1491.9,14735.0,234.0,3.48
millets,Loam,Kharif,51.7,23.5,18.8,5.6,35.0,423.4,3582.0,94.0,1.5
millets,Red Soil,Kharif,38.5,17.5,14.0,6.29,28.5,383.8,2654.0,70.0,1.58
tomato,Loam,Kharif,125.4,57.0,45.6,6.66,21.4,900.2,7749.0,228.0,23.56
sugarcane,Loam,Rabi,111.1,50.5,40.4,6.94,31.5,1721.9,20713.0,202.0,67.9
millets,Loam,Kharif,32.5,14.8,11.8,6.79,29.6,352.1,2542.0,59.0,1.54
maize,Loam,Rabi,105.6,48.0,38.4,6.2,33.9,779.5,3984.0,192.0,2.43
mustard,Loam,Rabi,49.5,22.5,18.0,6.99,21.3,306.9,2468.0,90.0,1.16
millets,Red Soil,Kharif,30.8,14.0,11.2,6.43,27.9,227.6,2790.0,56.0,1.55
cotton,Black Soil,Kharif,102.3,46.5,37.2,7.36,30.0,1180.1,8023.0,186.0,2.44
chickpea,Loam,Rabi,33.0,15.0,12.0,7.07,20.1,404.1,3426.0,60.0,1.57
groundnut,Sandy Loam,Kharif,63.3,28.8,23.0,6.83,29.2,493.9,3910.0,115.0,2.19
potato,Loam,Rabi,113.9,51.8,41.4,6.09,21.3,486.9,3057.0,207.0,10.46
cotton,Clay Loam,Kharif,56.1,25.5,20.4,6.64,32.1,1017.2,6613.0,102.0,1.69
tomato,Sandy Loam,Zaid,126.0,57.2,45.8,6.45,31.7,492.5,3880.0,229.0,12.03
groundnut,Loam,Kharif,38.5,17.5,14.0,6.26,27.5,528.9,3667.0,70.0,1.83
maize,Red Soil,Rabi,80.3,36.5,29.2,6.6,25.3,802.6,3300.0,146.0,2.65
sugarcane,Alluvial,Kharif,151.8,69.0,55.2,6.95,26.9,1712.4,16808.0,276.0,60.31
soybean,Clay Loam,Kharif,30.8,14.0,11.2,6.7,23.1,798.9,5737.0,56.0,1.91
tomato,Loam,Rabi,128.7,58.5,46.8,6.44,28.4,639.3,6507.0,234.0,23.14
wheat,Alluvial,Rabi,72.6,33.0,26.4,6.96,22.3,722.0,3237.0,132.0,1.78
chickpea,Black Soil,Rabi,34.1,15.5,12.4,6.62,26.9,498.1,2019.0,62.0,0.92
millets,Loam,Kharif,49.0,22.2,17.8,6.78,33.3,394.0,3866.0,89.0,2.05
millets,Sandy Loam,Kharif,42.4,19.2,15.4,6.48,30.9,564.2,3207.0,77.0,2.02
wheat,Clay Loam,Rabi,99.6,45.2,36.2,6.87,18.4,633.5,3763.0,181.0,2.64
rice,Alluvial,Kharif,115.5,52.5,42.0,6.41,27.7,1740.5,7503.0,210.0,2.57
cotton,Loam,Kharif,80.3,36.5,29.2,7.63,26.0,800.0,7633.0,146.0,1.79
rice,Clay Loam,Kharif,93.5,42.5,34.0,6.53,24.8,1872.3,7382.0,170.0,2.19
rice,Clay Loam,Kharif,112.8,51.2,41.0,6.91,30.1,1784.9,7077.0,205.0,2.31
wheat,Alluvial,Rabi,83.6,38.0,30.4,6.71,22.3,601.7,3559.0,152.0,2.59
mustard,Loam,Rabi,44.0,20.0,16.0,6.72,19.2,399.8,2250.0,80.0,1.28
millets,Red Soil,Kharif,27.0,12.2,9.8,6.88,34.1,438.7,3881.0,49.0,1.66
sugarcane,Clay Loam,Kharif,162.8,74.0,59.2,6.37,31.9,1799.3,15461.0,296.0,64.87
chickpea,Black Soil,Rabi,38.5,17.5,14.0,7.14,24.0,586.7,3060.0,70.0,1.88
sugarcane,Alluvial,Rabi,125.4,57.0,45.6,6.27,32.6,1429.8,18496.0,228.0,62.34
groundnut,Red Soil,Kharif,36.9,16.8,13.4,6.28,26.3,855.5,3153.0,67.0,1.47
chickpea,Loam,Rabi,29.2,13.2,10.6,6.51,20.3,472.8,3700.0,53.0,1.49
potato,Loam,Rabi,130.9,59.5,47.6,6.51,15.0,780.3,5128.0,238.0,16.67
rice,Clay Loam,Kharif,82.0,37.2,29.8,6.21,24.9,1587.3,10943.0,149.0,3.86
millets,Loam,Kharif,48.4,22.0,17.6,7.37,34.1,481.8,2902.0,88.0,1.64
wheat,Clay Loam,Rabi,107.3,48.8,39.0,6.38,15.4,651.7,6236.0,195.0,3.0
sugarcane,Loam,Kharif,193.1,87.8,70.2,7.57,20.8,1520.0,21322.0,351.0,47.01
rice,Alluvial,Kharif,109.5,49.8,39.8,7.27,30.8,1544.4,7683.0,199.0,2.15
cotton,Loam,Kharif,84.7,38.5,30.8,7.01,29.7,1028.0,6884.0,154.0,2.15
soybean,Clay Loam,Kharif,52.3,23.8,19.0,6.77,24.8,854.2,5823.0,95.0,2.26
chickpea,Loam,Rabi,42.9,19.5,15.6,6.83,22.2,586.4,2883.0,78.0,1.64
wheat,Loam,Rabi,74.2,33.8,27.0,7.12,20.1,598.3,3323.0,135.0,2.13
sugarcane,Alluvial,Kharif,181.0,82.2,65.8,7.13,31.2,1834.4,12975.0,329.0,53.52
rice,Clay,Kharif,96.8,44.0,35.2,8.16,28.5,1559.5,14740.0,176.0,2.92
groundnut,Loam,Kharif,40.7,18.5,14.8,6.49,26.6,716.1,3007.0,74.0,1.64
chickpea,Loam,Rabi,44.0,20.0,16.0,7.4,20.9,330.7,2126.0,80.0,1.17
soybean,Clay Loam,Kharif,46.8,21.2,17.0,6.74,29.5,620.8,4971.0,85.0,2.16
maize,Red Soil,Rabi,101.8,46.2,37.0,7.12,20.5,895.2,7077.0,185.0,3.47
cotton,Loam,Kharif,95.2,43.2,34.6,7.62,29.1,914.0,5177.0,173.0,1.47
potato,Sandy Loam,Rabi,106.7,48.5,38.8,6.23,10.6,464.5,3767.0,194.0,12.45
sugarcane,Loam,Kharif,159.5,72.5,58.0,6.67,27.4,1741.4,14253.0,290.0,57.24
tomato,Sandy Loam,Rabi,142.5,64.8,51.8,6.81,21.5,668.9,6216.0,259.0,23.42
sugarcane,Alluvial,Kharif,97.9,44.5,35.6,7.63,34.8,1774.2,20231.0,178.0,48.96
groundnut,Red Soil,Kharif,53.4,24.2,19.4,7.08,28.9,728.4,5143.0,97.0,1.73
millets,Loam,Kharif,36.9,16.8,13.4,6.18,23.2,514.3,2345.0,67.0,1.03
tomato,Sandy Loam,Zaid,96.8,44.0,35.2,6.41,21.0,636.2,5168.0,176.0,18.5
groundnut,Loam,Kharif,51.2,23.2,18.6,7.23,29.0,685.3,4131.0,93.0,1.88
tomato,Loam,Kharif,143.0,65.0,52.0,6.14,23.1,701.9,5293.0,260.0,22.5
groundnut,Sandy Loam,Kharif,51.7,23.5,18.8,6.02,25.3,572.2,4544.0,94.0,1.96
soybean,Loam,Kharif,41.2,18.8,15.0,5.9,26.1,746.4,3951.0,75.0,1.77
millets,Red Soil,Kharif,35.8,16.2,13.0,6.51,37.4,334.5,3933.0,65.0,1.48
sugarcane,Alluvial,Zaid,107.3,48.8,39.0,6.57,33.1,1484.5,13814.0,195.0,43.41
mustard,Loam,Rabi,51.7,23.5,18.8,6.45,13.2,400.1,3485.0,94.0,1.36
wheat,Clay Loam,Rabi,77.6,35.2,28.2,5.76,13.9,568.5,5497.0,141.0,2.46
chickpea,Black Soil,Rabi,40.2,18.2,14.6,7.34,22.2,513.2,3314.0,73.0,1.74
millets,Red Soil,Kharif,44.6,20.2,16.2,6.88,32.0,497.9,3433.0,81.0,2.07
groundnut,Loam,Kharif,34.7,15.8,12.6,6.76,25.1,780.1,3815.0,63.0,1.66
tomato,Sandy Loam,Kharif,77.0,35.0,28.0,6.99,27.3,860.0,6427.0,140.0,17.8
millets,Loam,Kharif,45.1,20.5,16.4,7.44,32.9,463.5,3867.0,82.0,1.69
potato,Sandy Loam,Rabi,90.8,41.2,33.0,5.91,18.3,678.4,4536.0,165.0,17.78
maize,Loam,Rabi,85.8,39.0,31.2,6.46,26.5,809.1,5012.0,156.0,4.17
maize,Red Soil,Zaid,76.5,34.8,27.8,5.38,30.4,698.9,4374.0,139.0,2.82
sugarcane,Alluvial,Rabi,172.2,78.2,62.6,6.97,29.8,1635.3,17468.0,313.0,75.23
chickpea,Loam,Rabi,35.8,16.2,13.0,6.44,19.8,458.8,2626.0,65.0,1.33
mustard,Loam,Rabi,45.1,20.5,16.4,7.01,17.6,524.6,3351.0,82.0,1.54
wheat,Clay Loam,Rabi,103.4,47.0,37.6,7.1,22.2,772.9,4577.0,188.0,3.46
potato,Loam,Rabi,152.9,69.5,55.6,6.06,19.5,692.2,4894.0,278.0,22.77
soybean,Black Soil,Kharif,53.4,24.2,19.4,6.95,28.0,723.1,4908.0,97.0,2.2
cotton,Loam,Kharif,101.8,46.2,37.0,7.04,29.6,932.1,7748.0,185.0,2.21
groundnut,Sandy Loam,Kharif,68.8,31.2,25.0,7.07,27.4,654.1,3499.0,125.0,1.9
millets,Loam,Kharif,50.1,22.8,18.2,6.22,29.3,602.9,3928.0,91.0,1.8
tomato,Alluvial,Rabi,143.0,65.0,52.0,6.67,26.1,625.6,3988.0,260.0,15.44
rice,Clay Loam,Kharif,123.8,56.2,45.0,7.36,26.7,1654.5,12884.0,225.0,3.42
groundnut,Sandy Loam,Kharif,41.2,18.8,15.0,6.24,27.6,810.3,3787.0,75.0,2.08
groundnut,Loam,Kharif,51.7,23.5,18.8,6.55,25.5,747.7,2731.0,94.0,1.24
chickpea,Sandy Loam,Rabi,25.3,11.5,9.2,7.71,20.7,440.5,2521.0,46.0,1.34
chickpea,Sandy Loam,Rabi,47.3,21.5,17.2,6.85,26.9,397.9,3516.0,86.0,1.37
sugarcane,Alluvial,Zaid,101.2,46.0,36.8,7.1,31.2,1560.8,11641.0,184.0,39.47
millets,Loam,Kharif,43.5,19.8,15.8,6.2,28.3,481.0,1897.0,79.0,0.95
rice,Clay,Kharif,131.5,59.8,47.8,6.07,23.5,1748.7,11747.0,239.0,3.27
chickpea,Loam,Rabi,40.7,18.5,14.8,7.09,26.9,375.4,3246.0,74.0,1.49
millets,Red Soil,Kharif,38.0,17.2,13.8,6.65,31.5,363.2,2159.0,69.0,1.36
chickpea,Black Soil,Rabi,40.7,18.5,14.8,7.66,21.7,541.5,2926.0,74.0,1.67
cotton,Black Soil,Kharif,67.1,30.5,24.4,8.07,27.5,650.9,5602.0,122.0,1.28
maize,Sandy Loam,Rabi,88.6,40.2,32.2,6.05,32.8,733.4,3782.0,161.0,2.24
wheat,Clay Loam,Rabi,72.1,32.8,26.2,7.05,21.2,562.1,4060.0,131.0,3.09
groundnut,Sandy Loam,Kharif,37.4,17.0,13.6,6.56,32.9,774.7,3542.0,68.0,1.48
millets,Sandy Loam,Kharif,30.8,14.0,11.2,6.86,33.0,400.1,2163.0,56.0,1.22
groundnut,Loam,Kharif,41.8,19.0,15.2,6.39,23.9,502.9,2887.0,76.0,1.18
chickpea,Black Soil,Rabi,36.3,16.5,13.2,6.56,18.4,627.2,1895.0,66.0,0.94
rice,Alluvial,Kharif,126.0,57.2,45.8,5.94,26.7,1831.2,11488.0,229.0,4.04
cotton,Black Soil,Kharif,84.2,38.2,30.6,6.6,26.7,982.2,7368.0,153.0,1.89
mustard,Alluvial,Rabi,71.5,32.5,26.0,7.48,16.0,385.8,1715.0,130.0,0.75
sugarcane,Clay Loam,Zaid,105.1,47.8,38.2,6.26,28.3,1576.6,12290.0,191.0,35.53
cotton,Black Soil,Kharif,60.0,27.2,21.8,7.28,23.2,657.6,6937.0,109.0,1.24
sugarcane,Clay Loam,Rabi,138.1,62.8,50.2,6.29,29.9,1552.6,23287.0,251.0,71.39
millets,Loam,Kharif,32.5,14.8,11.8,6.6,32.3,332.6,1972.0,59.0,1.18
groundnut,Loam,Kharif,69.9,31.8,25.4,6.37,34.8,543.9,4077.0,127.0,1.51
potato,Loam,Rabi,137.0,62.2,49.8,5.96,21.4,469.0,5043.0,249.0,17.49
tomato,Loam,Kharif,141.9,64.5,51.6,5.86,21.5,727.0,4209.0,258.0,13.81
maize,Alluvial,Zaid,105.1,47.8,38.2,6.4,25.6,762.5,5520.0,191.0,5.48
cotton,Loam,Kharif,69.3,31.5,25.2,7.42,34.2,903.0,7459.0,126.0,1.62
sugarcane,Loam,Rabi,119.9,54.5,43.6,6.52,25.7,1681.4,13906.0,218.0,45.94
soybean,Black Soil,Kharif,36.3,16.5,13.2,7.04,26.4,663.4,5484.0,66.0,2.23
maize,Red Soil,Kharif,113.9,51.8,41.4,6.57,28.7,665.8,3571.0,207.0,2.97
chickpea,Black Soil,Rabi,33.0,15.0,12.0,6.48,25.8,595.2,3080.0,60.0,1.33
sugarcane,Alluvial,Rabi,140.2,63.8,51.0,6.93,29.6,1575.3,19774.0,255.0,64.63
rice,Clay Loam,Kharif,110.0,50.0,40.0,6.69,28.4,1699.1,8316.0,200.0,3.22
millets,Red Soil,Kharif,34.1,15.5,12.4,7.4,27.9,348.5,2621.0,62.0,1.37
chickpea,Sandy Loam,Rabi,40.2,18.2,14.6,7.3,26.6,565.9,1786.0,73.0,0.65
soybean,Loam,Kharif,47.9,21.8,17.4,6.04,29.1,780.7,5800.0,87.0,2.17
potato,Loam,Rabi,105.6,48.0,38.4,5.97,17.9,650.9,4539.0,192.0,20.11
groundnut,Red Soil,Kharif,34.7,15.8,12.6,6.91,27.1,729.0,4572.0,63.0,1.91
rice,Alluvial,Kharif,79.8,36.2,29.0,6.1,26.3,1781.7,13230.0,145.0,3.61
chickpea,Black Soil,Rabi,46.8,21.2,17.0,6.79,17.2,406.1,2628.0,85.0,1.42
cotton,Black Soil,Kharif,68.2,31.0,24.8,7.19,30.3,864.5,5935.0,124.0,1.74
rice,Clay,Kharif,118.3,53.8,43.0,6.3,23.8,1724.6,14741.0,215.0,3.91
cotton,Clay Loam,Kharif,65.5,29.8,23.8,7.78,32.7,849.3,6774.0,119.0,1.38
groundnut,Red Soil,Kharif,62.2,28.2,22.6,6.58,31.5,612.4,3277.0,113.0,1.65
groundnut,Sandy Loam,Kharif,66.0,30.0,24.0,6.56,27.2,628.5,3460.0,120.0,2.15
groundnut,Sandy Loam,Kharif,52.8,24.0,19.2,6.72,26.8,812.6,5333.0,96.0,2.2
potato,Loam,Rabi,110.0,50.0,40.0,5.53,19.7,455.6,6382.0,200.0,18.84
soybean,Loam,Kharif,36.3,16.5,13.2,7.31,27.5,905.5,5456.0,66.0,2.09
maize,Red Soil,Kharif,84.2,38.2,30.6,6.49,25.1,828.7,4389.0,153.0,3.88
potato,Loam,Rabi,89.1,40.5,32.4,5.97,17.6,763.8,5410.0,162.0,17.89
wheat,Alluvial,Rabi,60.0,27.2,21.8,6.27,25.1,624.4,3530.0,109.0,1.8
soybean,Clay Loam,Kharif,39.1,17.8,14.2,6.94,30.3,812.0,4901.0,71.0,1.85
mustard,Sandy Loam,Rabi,61.6,28.0,22.4,6.45,19.2,359.9,3037.0,112.0,1.41
millets,Loam,Kharif,32.5,14.8,11.8,6.72,29.4,391.6,3678.0,59.0,2.09
tomato,Loam,Rabi,135.3,61.5,49.2,7.06,16.8,526.3,7548.0,246.0,16.86
mustard,Loam,Rabi,44.6,20.2,16.2,7.23,21.2,437.8,2547.0,81.0,1.12
cotton,Loam,Kharif,100.7,45.8,36.6,7.03,30.5,935.1,6107.0,183.0,2.03
maize,Sandy Loam,Rabi,73.7,33.5,26.8,6.52,30.5,630.9,6918.0,134.0,4.22
wheat,Clay Loam,Rabi,66.0,30.0,24.0,6.98,17.6,768.7,4270.0,120.0,2.92
soybean,Loam,Kharif,38.5,17.5,14.0,6.92,29.3,803.5,2803.0,70.0,1.0
sugarcane,Loam,Rabi,177.1,80.5,64.4,6.64,32.5,1626.0,14404.0,322.0,68.75
soybean,Loam,Kharif,49.5,22.5,18.0,6.73,27.1,973.8,4517.0,90.0,2.44
sugarcane,Alluvial,Rabi,184.3,83.8,67.0,6.19,31.2,1791.7,19828.0,335.0,68.08
groundnut,Red Soil,Kharif,53.4,24.2,19.4,6.25,28.7,528.1,3971.0,97.0,2.01
cotton,Loam,Kharif,78.1,35.5,28.4,7.13,29.4,941.2,6809.0,142.0,1.86
rice,Alluvial,Kharif,77.0,35.0,28.0,6.77,25.2,1637.0,11724.0,140.0,3.3
rice,Clay Loam,Kharif,81.4,37.0,29.6,6.15,23.9,1612.5,14752.0,148.0,3.36
wheat,Loam,Rabi,96.8,44.0,35.2,7.32,23.2,572.8,2898.0,176.0,1.64
wheat,Alluvial,Rabi,76.5,34.8,27.8,6.49,23.9,584.5,3756.0,139.0,2.21
soybean,Black Soil,Kharif,35.2,16.0,12.8,7.07,25.6,945.3,5345.0,64.0,1.91
millets,Loam,Kharif,39.1,17.8,14.2,6.52,34.5,370.1,2994.0,71.0,1.72
millets,Red Soil,Kharif,35.2,16.0,12.8,6.19,32.0,459.5,3661.0,64.0,1.85
chickpea,Loam,Rabi,27.0,12.2,9.8,6.75,22.2,645.8,2898.0,49.0,1.59
soybean,Loam,Kharif,53.4,24.2,19.4,6.28,21.9,883.5,3253.0,97.0,1.41
cotton,Clay Loam,Kharif,96.8,44.0,35.2,6.72,29.9,921.8,7951.0,176.0,1.98
maize,Alluvial,Zaid,92.4,42.0,33.6,6.78,29.2,791.2,6142.0,168.0,4.41
mustard,Sandy Loam,Rabi,52.8,24.0,19.2,6.68,19.9,333.1,2910.0,96.0,1.41
wheat,Loam,Rabi,86.4,39.2,31.4,6.86,19.8,770.7,3947.0,157.0,3.59
sugarcane,Alluvial,Kharif,96.3,43.8,35.0,6.78,30.3,1708.8,17050.0,175.0,63.65
maize,Loam,Kharif,61.1,27.8,22.2,6.63,21.2,854.0,6719.0,111.0,3.96
sugarcane,Loam,Kharif,149.1,67.8,54.2,6.49,27.9,1717.7,21144.0,271.0,65.38
chickpea,Loam,Rabi,42.4,19.2,15.4,6.71,24.4,436.3,3767.0,77.0,1.58
rice,Alluvial,Kharif,111.7,50.8,40.6,6.37,24.4,1582.2,9313.0,203.0,3.02
potato,Sandy Loam,Rabi,134.2,61.0,48.8,6.11,23.1,576.1,4298.0,244.0,16.94
tomato,Loam,Rabi,97.4,44.2,35.4,6.69,25.3,643.6,7302.0,177.0,24.46
wheat,Clay Loam,Rabi,60.0,27.2,21.8,7.36,13.3,671.3,3452.0,109.0,1.67
millets,Loam,Kharif,31.4,14.2,11.4,7.15,28.4,412.1,1915.0,57.0,0.85
cotton,Clay Loam,Kharif,86.9,39.5,31.6,7.78,36.7,931.6,7231.0,158.0,1.4
potato,Loam,Rabi,98.5,44.8,35.8,6.68,16.5,652.0,3653.0,179.0,11.68
rice,Clay,Kharif,123.2,56.0,44.8,6.91,31.6,1743.0,7583.0,224.0,2.05
rice,Alluvial,Kharif,130.9,59.5,47.6,6.53,23.9,1762.6,12395.0,238.0,3.76
rice,Clay Loam,Kharif,124.3,56.5,45.2,6.14,25.7,1648.3,8342.0,226.0,3.15
millets,Loam,Kharif,28.1,12.8,10.2,6.98,33.3,398.3,2562.0,51.0,1.47
millets,Loam,Kharif,41.2,18.8,15.0,6.33,28.3,620.7,2876.0,75.0,1.78
sugarcane,Clay Loam,Rabi,177.1,80.5,64.4,6.73,30.3,1823.3,20216.0,322.0,81.66
wheat,Loam,Rabi,79.2,36.0,28.8,6.39,24.4,640.0,4342.0,144.0,2.82
rice,Clay,Kharif,111.1,50.5,40.4,6.4,26.7,1952.4,14644.0,202.0,4.06
sugarcane,Alluvial,Kharif,155.7,70.8,56.6,6.96,27.2,1589.9,12635.0,283.0,43.35
millets,Sandy Loam,Kharif,35.2,16.0,12.8,6.51,30.7,512.5,2800.0,64.0,1.91
millets,Loam,Kharif,44.6,20.2,16.2,6.17,25.0,401.0,4000.0,81.0,1.38
maize,Loam,Zaid,101.2,46.0,36.8,6.85,26.0,691.7,5088.0,184.0,5.22
groundnut,Loam,Kharif,66.6,30.2,24.2,6.65,27.6,833.0,4894.0,121.0,2.29
soybean,Black Soil,Kharif,40.7,18.5,14.8,6.65,25.7,1127.0,4119.0,74.0,2.25
cotton,Black Soil,Kharif,74.8,34.0,27.2,7.06,28.6,922.2,8381.0,136.0,1.86
cotton,Black Soil,Kharif,73.7,33.5,26.8,6.87,31.9,770.4,7098.0,134.0,1.84
wheat,Alluvial,Rabi,101.2,46.0,36.8,7.18,26.3,791.3,5868.0,184.0,2.85
maize,Alluvial,Rabi,105.6,48.0,38.4,6.56,26.1,756.6,6626.0,192.0,5.43
sugarcane,Alluvial,Rabi,109.5,49.8,39.8,6.74,31.0,1596.2,19021.0,199.0,70.1
sugarcane,Loam,Zaid,167.8,76.2,61.0,7.3,33.3,1566.9,21241.0,305.0,62.65
sugarcane,Clay Loam,Zaid,167.2,76.0,60.8,6.66,30.4,1915.5,15103.0,304.0,60.14
soybean,Clay Loam,Kharif,43.5,19.8,15.8,6.8,22.5,837.3,3090.0,79.0,1.29
sugarcane,Clay Loam,Rabi,122.7,55.8,44.6,6.93,28.1,1758.6,13218.0,223.0,47.91
cotton,Black Soil,Kharif,61.6,28.0,22.4,7.03,28.9,785.6,7605.0,112.0,1.84
rice,Alluvial,Kharif,108.9,49.5,39.6,6.81,32.6,1804.2,8130.0,198.0,2.52
groundnut,Loam,Kharif,53.4,24.2,19.4,6.24,31.1,792.2,2672.0,97.0,1.11
chickpea,Loam,Rabi,29.7,13.5,10.8,6.66,25.3,395.2,2696.0,54.0,1.44
cotton,Clay Loam,Kharif,104.0,47.2,37.8,7.32,22.9,898.3,8112.0,189.0,1.83
millets,Loam,Kharif,28.6,13.0,10.4,6.45,37.8,603.5,3786.0,52.0,1.42
millets,Sandy Loam,Kharif,45.1,20.5,16.4,6.43,30.7,261.1,2048.0,82.0,1.35
cotton,Black Soil,Kharif,97.9,44.5,35.6,7.57,25.3,1019.4,5756.0,178.0,1.39
soybean,Black Soil,Kharif,41.2,18.8,15.0,6.91,26.0,734.2,4702.0,75.0,2.23
sugarcane,Loam,Rabi,134.2,61.0,48.8,7.35,36.1,1860.4,21205.0,244.0,46.65
cotton,Black Soil,Kharif,102.3,46.5,37.2,7.53,26.7,825.5,4437.0,186.0,1.11
soybean,Black Soil,Kharif,48.4,22.0,17.6,6.11,26.1,788.9,4068.0,88.0,2.02
maize,Loam,Kharif,63.3,28.8,23.0,7.7,25.9,770.9,3919.0,115.0,2.36
wheat,Loam,Rabi,110.6,50.2,40.2,7.13,17.4,611.4,3415.0,201.0,2.26
wheat,Clay Loam,Rabi,105.1,47.8,38.2,7.18,19.6,733.8,4191.0,191.0,3.04
groundnut,Sandy Loam,Kharif,45.7,20.8,16.6,7.43,28.0,649.1,3088.0,83.0,1.48
rice,Clay,Kharif,122.1,55.5,44.4,6.07,32.5,1877.2,11968.0,222.0,3.54
chickpea,Black Soil,Rabi,46.2,21.0,16.8,6.73,23.4,733.1,3721.0,84.0,1.83
cotton,Loam,Kharif,83.1,37.8,30.2,6.38,24.3,871.0,7744.0,151.0,1.4
maize,Alluvial,Rabi,111.7,50.8,40.6,6.71,24.3,896.4,6408.0,203.0,5.06
chickpea,Loam,Rabi,28.6,13.0,10.4,6.74,17.4,599.3,1768.0,52.0,0.68
groundnut,Loam,Kharif,64.4,29.2,23.4,6.29,30.5,652.4,3762.0,117.0,1.99
tomato,Alluvial,Rabi,107.8,49.0,39.2,6.05,21.6,745.6,6055.0,196.0,20.06
maize,Sandy Loam,Rabi,78.7,35.8,28.6,6.41,29.1,923.3,4515.0,143.0,3.68
maize,Sandy Loam,Rabi,70.4,32.0,25.6,6.23,24.6,706.1,5224.0,128.0,4.4
potato,Sandy Loam,Rabi,158.4,72.0,57.6,5.18,22.6,798.7,6321.0,288.0,18.39
tomato,Sandy Loam,Zaid,150.2,68.2,54.6,6.77,24.6,647.6,4461.0,273.0,17.48
potato,Sandy Loam,Rabi,139.7,63.5,50.8,5.41,21.1,515.9,4083.0,254.0,15.16
sugarcane,Alluvial,Zaid,148.5,67.5,54.0,7.37,31.5,1829.7,15614.0,270.0,62.92
tomato,Sandy Loam,Kharif,110.0,50.0,40.0,7.08,23.0,559.4,5243.0,200.0,20.58
rice,Clay,Kharif,101.8,46.2,37.0,6.99,23.1,1721.4,9179.0,185.0,2.88
groundnut,Loam,Kharif,50.6,23.0,18.4,6.7,31.2,971.6,2937.0,92.0,1.22
groundnut,Loam,Kharif,35.8,16.2,13.0,6.49,25.3,578.2,5460.0,65.0,1.91
millets,Sandy Loam,Kharif,46.2,21.0,16.8,7.49,29.3,309.8,2214.0,84.0,1.17
cotton,Loam,Kharif,72.1,32.8,26.2,6.9,32.3,982.7,7839.0,131.0,1.9
potato,Loam,Rabi,159.0,72.2,57.8,5.71,16.7,643.9,4382.0,289.0,18.65
millets,Loam,Kharif,46.8,21.2,17.0,7.42,30.8,441.0,3391.0,85.0,2.02
chickpea,Black Soil,Rabi,30.3,13.8,11.0,6.7,22.8,472.6,2664.0,55.0,1.79
potato,Sandy Loam,Rabi,155.1,70.5,56.4,5.7,20.2,528.8,5024.0,282.0,20.51
chickpea,Black Soil,Rabi,42.4,19.2,15.4,6.28,22.7,587.5,2794.0,77.0,1.52
tomato,Loam,Kharif,75.9,34.5,27.6,6.05,20.3,529.4,7672.0,138.0,18.68
cotton,Black Soil,Kharif,78.7,35.8,28.6,6.74,25.4,1102.5,4757.0,143.0,1.05
sugarcane,Alluvial,Rabi,188.1,85.5,68.4,7.29,31.4,1612.0,18585.0,342.0,63.88
chickpea,Loam,Rabi,44.0,20.0,16.0,6.99,20.7,576.0,3656.0,80.0,1.81
mustard,Sandy Loam,Rabi,78.7,35.8,28.6,7.15,15.4,417.6,3177.0,143.0,1.63
rice,Clay Loam,Kharif,132.6,60.2,48.2,6.52,26.7,1607.8,12019.0,241.0,4.65
wheat,Loam,Rabi,107.8,49.0,39.2,6.92,17.1,556.1,3531.0,196.0,2.75
wheat,Alluvial,Rabi,55.0,25.0,20.0,7.05,15.1,715.9,4610.0,100.0,2.49
sugarcane,Clay Loam,Rabi,163.9,74.5,59.6,7.06,27.2,1631.7,18142.0,298.0,72.73
tomato,Sandy Loam,Zaid,122.7,55.8,44.6,6.42,21.8,642.7,4860.0,223.0,19.23
sugarcane,Loam,Kharif,116.1,52.8,42.2,7.03,26.7,1595.8,17958.0,211.0,57.62
millets,Red Soil,Kharif,49.5,22.5,18.0,6.73,26.4,407.6,3849.0,90.0,1.63
mustard,Loam,Rabi,44.6,20.2,16.2,6.44,22.1,442.2,1802.0,81.0,0.7
potato,Loam,Rabi,133.1,60.5,48.4,6.11,19.9,555.9,5378.0,242.0,22.39
maize,Alluvial,Rabi,65.5,29.8,23.8,6.46,23.0,811.3,4681.0,119.0,3.98
wheat,Clay Loam,Rabi,80.3,36.5,29.2,6.94,23.0,550.7,3180.0,146.0,1.98
cotton,Black Soil,Kharif,80.9,36.8,29.4,7.71,29.9,809.2,5579.0,147.0,1.72
millets,Red Soil,Kharif,43.5,19.8,15.8,6.09,33.6,421.6,2108.0,79.0,1.15
potato,Sandy Loam,Rabi,140.2,63.8,51.0,5.97,20.5,615.3,3620.0,255.0,15.07
groundnut,Sandy Loam,Kharif,37.4,17.0,13.6,6.71,29.6,735.2,5338.0,68.0,1.82
maize,Loam,Rabi,57.2,26.0,20.8,5.95,26.3,836.0,5359.0,104.0,3.84
sugarcane,Clay Loam,Zaid,107.3,48.8,39.0,6.28,26.7,1691.9,16458.0,195.0,47.71
soybean,Black Soil,Kharif,52.3,23.8,19.0,6.12,30.1,704.8,5506.0,95.0,2.18
rice,Clay Loam,Kharif,111.1,50.5,40.4,6.07,30.4,1727.7,13064.0,202.0,3.85
groundnut,Sandy Loam,Kharif,69.9,31.8,25.4,6.09,27.0,670.2,5196.0,127.0,2.24
mustard,Loam,Rabi,67.7,30.8,24.6,6.63,25.3,620.7,2477.0,123.0,1.06
chickpea,Black Soil,Rabi,25.3,11.5,9.2,6.74,19.5,500.6,3118.0,46.0,1.41
potato,Sandy Loam,Rabi,154.0,70.0,56.0,6.34,15.2,592.4,3075.0,280.0,10.28
tomato,Loam,Rabi,123.2,56.0,44.8,6.07,23.9,684.0,3963.0,224.0,14.41
rice,Clay,Kharif,74.2,33.8,27.0,6.35,29.7,1693.4,7253.0,135.0,1.81
potato,Loam,Rabi,106.7,48.5,38.8,5.92,14.1,559.7,6304.0,194.0,17.93
wheat,Alluvial,Rabi,57.8,26.2,21.0,7.18,21.5,587.8,4845.0,105.0,2.69
wheat,Clay Loam,Rabi,64.9,29.5,23.6,6.94,15.9,514.4,4397.0,118.0,2.81
potato,Loam,Rabi,123.8,56.2,45.0,5.29,23.6,699.9,5575.0,225.0,15.39
mustard,Loam,Rabi,60.5,27.5,22.0,6.89,18.2,239.8,2151.0,110.0,1.34
tomato,Sandy Loam,Rabi,117.7,53.5,42.8,6.95,19.2,633.2,5035.0,214.0,17.78
maize,Alluvial,Zaid,72.6,33.0,26.4,6.19,26.7,963.0,6306.0,132.0,4.28
sugarcane,Clay Loam,Rabi,151.2,68.8,55.0,6.47,27.2,1558.9,12028.0,275.0,40.4
cotton,Clay Loam,Kharif,85.2,38.8,31.0,7.86,31.4,848.3,8358.0,155.0,1.74
soybean,Clay Loam,Kharif,44.6,20.2,16.2,6.22,26.8,860.6,5096.0,81.0,2.23
rice,Alluvial,Kharif,104.0,47.2,37.8,7.12,28.9,1572.0,8672.0,189.0,3.21
millets,Loam,Kharif,50.6,23.0,18.4,6.63,28.2,375.3,3515.0,92.0,1.94
rice,Clay,Kharif,106.2,48.2,38.6,6.9,24.4,1714.3,11044.0,193.0,3.63
groundnut,Loam,Kharif,45.1,20.5,16.4,6.31,33.4,533.3,5137.0,82.0,1.67
cotton,Clay Loam,Kharif,69.9,31.8,25.4,7.2,24.8,532.3,8931.0,127.0,1.69
groundnut,Sandy Loam,Kharif,52.3,23.8,19.0,6.49,33.3,508.1,4545.0,95.0,1.63
rice,Clay Loam,Kharif,102.9,46.8,37.4,6.63,22.9,1868.7,13368.0,187.0,3.47
chickpea,Black Soil,Rabi,32.5,14.8,11.8,6.75,17.7,499.5,2929.0,59.0,1.53
maize,Alluvial,Zaid,63.3,28.8,23.0,6.89,28.4,713.3,5501.0,115.0,3.87
sugarcane,Alluvial,Kharif,145.2,66.0,52.8,7.32,32.7,1506.6,15699.0,264.0,62.07
mustard,Alluvial,Rabi,52.8,24.0,19.2,6.78,20.9,282.5,1842.0,96.0,0.88
tomato,Loam,Rabi,151.2,68.8,55.0,6.87,26.1,525.1,4911.0,275.0,19.02
millets,Loam,Kharif,29.7,13.5,10.8,6.96,33.8,240.3,2753.0,54.0,1.74
soybean,Black Soil,Kharif,54.5,24.8,19.8,6.88,33.7,887.0,5558.0,99.0,2.01
millets,Red Soil,Kharif,36.3,16.5,13.2,6.3,31.2,512.3,3057.0,66.0,1.76
tomato,Loam,Rabi,129.8,59.0,47.2,6.55,23.4,861.3,4067.0,236.0,15.26
maize,Alluvial,Rabi,88.6,40.2,32.2,6.35,25.5,900.3,5525.0,161.0,4.72
soybean,Black Soil,Kharif,47.3,21.5,17.2,6.63,25.7,780.7,4572.0,86.0,2.3
potato,Sandy Loam,Rabi,123.8,56.2,45.0,5.59,19.4,717.5,6055.0,225.0,21.95
millets,Sandy Loam,Kharif,25.3,11.5,9.2,5.81,31.5,421.7,3145.0,46.0,1.49
maize,Sandy Loam,Kharif,113.9,51.8,41.4,6.32,22.7,768.9,4245.0,207.0,4.03
maize,Sandy Loam,Rabi,101.2,46.0,36.8,6.82,32.1,695.7,5380.0,184.0,3.79
wheat,Loam,Rabi,102.3,46.5,37.2,6.47,21.2,471.8,5701.0,186.0,3.77
tomato,Loam,Zaid,142.5,64.8,51.8,6.36,25.1,470.1,5455.0,259.0,19.54
groundnut,Sandy Loam,Kharif,48.4,22.0,17.6,6.76,29.7,843.8,4266.0,88.0,1.97
millets,Loam,Kharif,45.1,20.5,16.4,7.09,29.9,285.2,2063.0,82.0,1.23
wheat,Alluvial,Rabi,93.0,42.2,33.8,6.95,21.9,579.8,6041.0,169.0,3.18
rice,Clay,Kharif,87.5,39.8,31.8,5.92,29.9,1838.1,14170.0,159.0,3.68
sugarcane,Alluvial,Zaid,99.0,45.0,36.0,6.79,26.6,1594.8,18934.0,180.0,56.33
sugarcane,Loam,Zaid,185.4,84.2,67.4,6.61,35.6,1587.8,18719.0,337.0,64.4
maize,Red Soil,Rabi,82.5,37.5,30.0,7.03,24.0,704.4,6188.0,150.0,4.33
sugarcane,Alluvial,Kharif,160.1,72.8,58.2,6.66,32.5,1527.1,21204.0,291.0,62.34
wheat,Loam,Rabi,91.9,41.8,33.4,6.79,18.0,687.0,6118.0,167.0,3.99
rice,Alluvial,Kharif,117.7,53.5,42.8,6.97,30.4,1643.1,14643.0,214.0,4.14
maize,Loam,Zaid,116.1,52.8,42.2,6.29,31.1,816.9,3720.0,211.0,2.94
wheat,Clay Loam,Rabi,94.6,43.0,34.4,6.21,20.7,378.8,5248.0,172.0,3.56
maize,Red Soil,Kharif,84.7,38.5,30.8,6.52,25.6,866.0,6709.0,154.0,5.07
rice,Clay,Kharif,74.8,34.0,27.2,6.15,26.7,1826.3,12960.0,136.0,3.68
wheat,Alluvial,Rabi,66.0,30.0,24.0,6.69,18.7,696.1,3728.0,120.0,2.85
groundnut,Sandy Loam,Kharif,67.7,30.8,24.6,7.02,21.7,655.0,3766.0,123.0,1.34
soybean,Black Soil,Kharif,60.5,27.5,22.0,7.42,23.9,913.4,4260.0,110.0,1.89
tomato,Loam,Rabi,105.6,48.0,38.4,7.21,25.6,406.2,7592.0,192.0,18.83
potato,Loam,Rabi,140.2,63.8,51.0,4.94,19.8,589.7,4850.0,255.0,18.43
chickpea,Black Soil,Rabi,39.6,18.0,14.4,6.71,22.7,514.5,1949.0,72.0,1.11
wheat,Alluvial,Rabi,89.1,40.5,32.4,6.43,13.1,460.3,5039.0,162.0,2.89
potato,Sandy Loam,Rabi,146.3,66.5,53.2,5.91,15.7,596.1,4961.0,266.0,19.0
sugarcane,Clay Loam,Rabi,153.5,69.8,55.8,6.13,28.4,1394.9,12551.0,279.0,41.46
tomato,Alluvial,Rabi,144.7,65.8,52.6,7.04,25.5,754.0,3932.0,263.0,13.76
maize,Loam,Kharif,105.6,48.0,38.4,7.22,24.4,792.7,6320.0,192.0,4.65
soybean,Loam,Kharif,56.7,25.8,20.6,6.37,28.1,700.2,4564.0,103.0,2.37
cotton,Loam,Kharif,100.1,45.5,36.4,7.94,27.0,1251.8,8734.0,182.0,1.61
soybean,Black Soil,Kharif,40.2,18.2,14.6,7.0,23.7,1000.0,4149.0,73.0,1.98
cotton,Loam,Kharif,62.7,28.5,22.8,7.34,26.6,736.2,5015.0,114.0,1.24
potato,Loam,Rabi,110.0,50.0,40.0,4.46,21.1,693.1,3063.0,200.0,7.31
groundnut,Red Soil,Kharif,40.2,18.2,14.6,6.16,19.9,763.0,3660.0,73.0,1.3
cotton,Loam,Kharif,55.6,25.2,20.2,7.97,36.5,987.1,5033.0,101.0,0.86
potato,Loam,Rabi,162.8,74.0,59.2,5.91,19.3,535.4,6499.0,296.0,21.24
wheat,Loam,Rabi,64.9,29.5,23.6,6.54,19.4,469.3,4705.0,118.0,3.13
mustard,Loam,Rabi,77.6,35.2,28.2,6.93,20.6,195.5,2169.0,141.0,1.26
potato,Loam,Rabi,106.7,48.5,38.8,5.15,21.2,670.1,3495.0,194.0,10.53
mustard,Loam,Rabi,72.6,33.0,26.4,6.43,15.8,438.6,2793.0,132.0,1.53
maize,Sandy Loam,Kharif,108.9,49.5,39.6,6.28,25.4,812.9,6009.0,198.0,4.65
chickpea,Loam,Rabi,30.3,13.8,11.0,7.23,23.1,462.4,3613.0,55.0,1.59
soybean,Loam,Kharif,40.2,18.2,14.6,6.81,24.4,769.0,3305.0,73.0,1.66
wheat,Loam,Rabi,62.7,28.5,22.8,6.13,22.7,757.2,5556.0,114.0,2.79
millets,Red Soil,Kharif,48.4,22.0,17.6,5.86,28.3,440.3,3357.0,88.0,1.6
tomato,Alluvial,Rabi,149.1,67.8,54.2,6.08,23.7,651.1,6492.0,271.0,21.43
rice,Clay Loam,Kharif,84.2,38.2,30.6,6.99,21.6,1700.6,10910.0,153.0,2.72
tomato,Sandy Loam,Kharif,121.6,55.2,44.2,6.07,24.7,710.6,7419.0,221.0,23.91
chickpea,Sandy Loam,Rabi,26.4,12.0,9.6,6.71,22.7,456.0,3209.0,48.0,1.74
maize,Red Soil,Zaid,94.1,42.8,34.2,6.44,27.1,698.9,4232.0,171.0,3.73
rice,Clay,Kharif,80.9,36.8,29.4,5.89,25.5,1890.8,11013.0,147.0,3.33
soybean,Clay Loam,Kharif,41.8,19.0,15.2,6.9,26.4,778.0,5607.0,76.0,2.31
sugarcane,Alluvial,Zaid,179.3,81.5,65.2,5.87,31.2,1633.4,13387.0,326.0,45.68
soybean,Clay Loam,Kharif,60.0,27.2,21.8,6.02,24.4,740.6,5335.0,109.0,2.02
groundnut,Red Soil,Kharif,56.1,25.5,20.4,6.78,30.2,891.4,4200.0,102.0,2.02
cotton,Black Soil,Kharif,103.4,47.0,37.6,7.12,29.8,796.7,7390.0,188.0,2.06
chickpea,Sandy Loam,Rabi,38.5,17.5,14.0,7.35,13.4,473.6,2928.0,70.0,1.22
groundnut,Sandy Loam,Kharif,34.1,15.5,12.4,6.52,30.7,431.5,3876.0,62.0,1.49
groundnut,Sandy Loam,Kharif,63.3,28.8,23.0,6.88,28.3,892.4,2811.0,115.0,1.45
mustard,Alluvial,Rabi,71.0,32.2,25.8,6.52,20.4,324.4,2627.0,129.0,1.46
rice,Alluvial,Kharif,69.3,31.5,25.2,6.13,25.6,1572.3,12187.0,126.0,3.44
millets,Loam,Kharif,36.3,16.5,13.2,7.18,35.3,377.4,3483.0,66.0,1.86
cotton,Clay Loam,Kharif,95.7,43.5,34.8,7.22,34.3,757.1,5504.0,174.0,1.49
tomato,Loam,Kharif,119.9,54.5,43.6,6.25,22.7,824.5,5902.0,218.0,24.2
maize,Red Soil,Zaid,107.8,49.0,39.2,5.95,31.5,427.6,5405.0,196.0,3.32
millets,Loam,Kharif,47.3,21.5,17.2,6.91,36.3,302.4,3661.0,86.0,1.95
groundnut,Red Soil,Kharif,64.4,29.2,23.4,6.79,29.5,648.0,4872.0,117.0,2.11
rice,Alluvial,Kharif,76.5,34.8,27.8,6.65,26.3,1713.4,9253.0,139.0,3.28
groundnut,Red Soil,Kharif,55.6,25.2,20.2,6.28,28.8,787.7,4814.0,101.0,2.16
soybean,Clay Loam,Kharif,60.5,27.5,22.0,7.39,29.9,859.2,4801.0,110.0,2.13
mustard,Sandy Loam,Rabi,64.4,29.2,23.4,7.0,22.8,346.2,2292.0,117.0,1.13
millets,Loam,Kharif,41.8,19.0,15.2,7.17,37.1,369.0,2612.0,76.0,1.37
maize,Sandy Loam,Zaid,68.2,31.0,24.8,5.98,27.8,616.3,5000.0,124.0,3.83
millets,Loam,Kharif,28.1,12.8,10.2,6.88,35.1,478.5,2761.0,51.0,1.6
cotton,Black Soil,Kharif,53.9,24.5,19.6,7.07,31.9,935.8,4565.0,98.0,1.0
wheat,Alluvial,Rabi,66.0,30.0,24.0,6.26,15.2,703.1,2936.0,120.0,1.36
sugarcane,Alluvial,Zaid,155.7,70.8,56.6,7.49,32.1,1600.3,12516.0,283.0,40.17
potato,Loam,Rabi,146.9,66.8,53.4,5.88,20.3,594.0,3111.0,267.0,11.56
soybean,Black Soil,Kharif,60.5,27.5,22.0,7.05,32.4,771.2,2808.0,110.0,0.97
wheat,Loam,Rabi,75.4,34.2,27.4,6.3,17.0,730.6,4596.0,137.0,3.06
wheat,Loam,Rabi,91.9,41.8,33.4,6.94,19.8,830.3,3965.0,167.0,2.98
soybean,Loam,Kharif,62.2,28.2,22.6,6.82,28.5,825.5,2939.0,113.0,1.45
sugarcane,Loam,Rabi,98.5,44.8,35.8,7.25,31.3,1479.1,13258.0,179.0,46.48
tomato,Loam,Zaid,148.5,67.5,54.0,7.05,24.2,785.5,4611.0,270.0,19.4
wheat,Alluvial,Rabi,84.7,38.5,30.8,7.07,21.3,672.0,4162.0,154.0,3.25
wheat,Clay Loam,Rabi,109.5,49.8,39.8,6.63,22.8,732.4,3644.0,199.0,2.74
sugarcane,Alluvial,Kharif,189.2,86.0,68.8,6.51,33.4,1704.7,21836.0,344.0,60.76
potato,Sandy Loam,Rabi,94.1,42.8,34.2,5.75,24.7,449.6,3196.0,171.0,8.37
cotton,Clay Loam,Kharif,91.9,41.8,33.4,7.43,34.6,875.3,4388.0,167.0,0.89
mustard,Loam,Rabi,55.6,25.2,20.2,7.2,15.7,297.4,3481.0,101.0,1.48
soybean,Loam,Kharif,48.4,22.0,17.6,7.63,26.4,728.8,3741.0,88.0,1.67
wheat,Alluvial,Rabi,79.8,36.2,29.0,6.5,22.4,917.4,4367.0,145.0,3.37
tomato,Sandy Loam,Rabi,106.7,48.5,38.8,7.49,19.3,609.6,7009.0,194.0,16.19
rice,Clay Loam,Kharif,115.0,52.2,41.8,6.82,32.5,1700.1,14314.0,209.0,3.85
cotton,Clay Loam,Kharif,75.4,34.2,27.4,7.03,31.1,794.2,8501.0,137.0,2.04
rice,Clay,Kharif,128.2,58.2,46.6,6.33,21.2,1610.9,14064.0,233.0,3.14
groundnut,Red Soil,Kharif,45.7,20.8,16.6,7.24,28.0,661.6,3891.0,83.0,1.93
potato,Loam,Rabi,128.7,58.5,46.8,5.86,22.5,560.3,3829.0,234.0,16.94
soybean,Black Soil,Kharif,59.4,27.0,21.6,6.69,25.2,700.1,3383.0,108.0,1.95
wheat,Alluvial,Rabi,67.1,30.5,24.4,7.27,19.2,605.9,5837.0,122.0,3.06
soybean,Clay Loam,Kharif,36.3,16.5,13.2,7.1,23.9,899.9,3762.0,66.0,1.66
potato,Sandy Loam,Rabi,130.9,59.5,47.6,5.56,19.8,552.4,4293.0,238.0,17.77
millets,Red Soil,Kharif,31.4,14.2,11.4,7.24,35.7,498.8,2087.0,57.0,0.98
millets,Loam,Kharif,46.2,21.0,16.8,6.27,32.2,497.0,3289.0,84.0,1.84
millets,Loam,Kharif,26.4,12.0,9.6,5.93,31.1,569.0,1987.0,48.0,1.0
tomato,Sandy Loam,Kharif,75.4,34.2,27.4,6.71,20.5,852.6,6146.0,137.0,18.66
groundnut,Sandy Loam,Kharif,58.3,26.5,21.2,6.44,27.5,795.6,4592.0,106.0,2.29
rice,Clay Loam,Kharif,126.5,57.5,46.0,7.1,24.0,1565.7,14437.0,230.0,3.66
chickpea,Black Soil,Rabi,28.1,12.8,10.2,6.84,23.3,294.9,2952.0,51.0,1.54
millets,Loam,Kharif,29.7,13.5,10.8,6.66,35.2,698.3,3122.0,54.0,1.71
soybean,Loam,Kharif,36.9,16.8,13.4,6.19,29.4,933.0,5846.0,67.0,1.88
tomato,Alluvial,Zaid,140.8,64.0,51.2,6.23,24.8,631.1,7383.0,256.0,23.92
cotton,Black Soil,Kharif,73.2,33.2,26.6,7.6,32.7,788.2,6975.0,133.0,1.96
tomato,Loam,Rabi,138.1,62.8,50.2,5.85,23.1,619.8,3946.0,251.0,13.9
potato,Loam,Rabi,83.1,37.8,30.2,5.81,13.5,655.3,4324.0,151.0,14.21
tomato,Loam,Rabi,93.0,42.2,33.8,7.11,23.0,785.5,5930.0,169.0,20.14
sugarcane,Clay Loam,Rabi,172.2,78.2,62.6,6.07,28.7,1677.7,19840.0,313.0,63.69
wheat,Clay Loam,Rabi,93.0,42.2,33.8,6.94,17.1,648.3,5095.0,169.0,3.3
groundnut,Red Soil,Kharif,60.5,27.5,22.0,6.12,28.5,738.7,3880.0,110.0,1.99
sugarcane,Loam,Zaid,152.4,69.2,55.4,6.9,26.8,1503.6,16296.0,277.0,67.69
cotton,Loam,Kharif,64.4,29.2,23.4,6.81,34.4,719.2,7889.0,117.0,1.65
potato,Sandy Loam,Rabi,152.9,69.5,55.6,6.35,15.5,656.0,3385.0,278.0,12.44
millets,Loam,Kharif,37.4,17.0,13.6,7.11,33.7,578.0,2576.0,68.0,1.89
mustard,Loam,Rabi,80.9,36.8,29.4,6.58,16.9,391.5,1896.0,147.0,1.0
chickpea,Black Soil,Rabi,43.5,19.8,15.8,7.17,21.8,550.8,3405.0,79.0,1.58
groundnut,Sandy Loam,Kharif,59.4,27.0,21.6,5.99,30.1,639.1,3565.0,108.0,1.78
tomato,Sandy Loam,Zaid,88.0,40.0,32.0,6.47,26.0,782.8,7618.0,160.0,22.77
groundnut,Loam,Kharif,45.1,20.5,16.4,7.17,26.4,791.6,4465.0,82.0,1.78
soybean,Loam,Kharif,50.1,22.8,18.2,6.9,30.3,632.7,3685.0,91.0,2.11
wheat,Loam,Rabi,93.0,42.2,33.8,6.36,19.8,399.9,4150.0,169.0,3.29
chickpea,Loam,Rabi,42.4,19.2,15.4,6.33,19.2,567.3,2834.0,77.0,1.34
cotton,Black Soil,Kharif,67.7,30.8,24.6,7.62,31.3,881.4,7772.0,123.0,1.72
soybean,Loam,Kharif,36.3,16.5,13.2,6.52,27.5,881.0,4574.0,66.0,2.3
mustard,Sandy Loam,Rabi,65.5,29.8,23.8,6.67,16.7,257.9,1857.0,119.0,0.97
millets,Sandy Loam,Kharif,30.8,14.0,11.2,6.52,35.4,271.0,1955.0,56.0,0.96
rice,Alluvial,Kharif,73.2,33.2,26.6,5.86,23.2,1777.2,7539.0,133.0,1.87
chickpea,Loam,Rabi,34.7,15.8,12.6,7.76,26.5,515.0,2106.0,63.0,0.87
potato,Sandy Loam,Rabi,151.2,68.8,55.0,5.75,20.3,361.8,4527.0,275.0,21.01
chickpea,Black Soil,Rabi,39.6,18.0,14.4,7.0,24.4,351.8,2916.0,72.0,1.52
cotton,Loam,Kharif,102.9,46.8,37.4,7.1,37.1,935.1,6412.0,187.0,1.62
maize,Loam,Zaid,75.9,34.5,27.6,6.79,29.5,782.7,5764.0,138.0,3.8
chickpea,Loam,Rabi,29.7,13.5,10.8,6.21,23.0,491.3,1986.0,54.0,0.84
wheat,Alluvial,Rabi,100.1,45.5,36.4,6.96,19.8,523.4,5963.0,182.0,3.72
potato,Sandy Loam,Rabi,93.5,42.5,34.0,6.35,23.7,645.6,4700.0,170.0,16.1
rice,Clay Loam,Kharif,66.0,30.0,24.0,6.56,26.8,1742.2,14521.0,120.0,3.75
millets,Loam,Kharif,41.2,18.8,15.0,6.76,35.0,214.7,2484.0,75.0,1.56
mustard,Loam,Rabi,46.8,21.2,17.0,6.53,18.1,279.0,2641.0,85.0,1.48
soybean,Black Soil,Kharif,39.1,17.8,14.2,5.76,29.2,703.5,5406.0,71.0,1.75
groundnut,Red Soil,Kharif,67.7,30.8,24.6,6.5,29.8,582.8,3286.0,123.0,1.87
maize,Loam,Rabi,108.4,49.2,39.4,6.04,26.0,680.3,7046.0,197.0,5.24
soybean,Black Soil,Kharif,36.3,16.5,13.2,7.08,33.6,844.3,5661.0,66.0,1.69
tomato,Loam,Kharif,153.5,69.8,55.8,6.3,27.7,586.8,4953.0,279.0,18.05
potato,Loam,Rabi,161.7,73.5,58.8,6.45,18.8,603.7,4543.0,294.0,20.43
wheat,Clay Loam,Rabi,67.7,30.8,24.6,6.33,18.7,512.4,3787.0,123.0,2.72
millets,Loam,Kharif,50.6,23.0,18.4,6.28,32.5,340.7,2290.0,92.0,1.27
mustard,Alluvial,Rabi,63.8,29.0,23.2,6.29,17.1,198.0,2347.0,116.0,1.3
chickpea,Black Soil,Rabi,36.3,16.5,13.2,6.06,20.7,350.1,3192.0,66.0,1.33
soybean,Black Soil,Kharif,47.3,21.5,17.2,6.98,23.0,844.9,5432.0,86.0,1.97
cotton,Clay Loam,Kharif,82.5,37.5,30.0,7.15,33.3,862.8,8106.0,150.0,1.81
sugarcane,Loam,Rabi,93.5,42.5,34.0,6.81,31.2,1658.0,17078.0,170.0,58.08
millets,Red Soil,Kharif,35.8,16.2,13.0,6.95,35.4,511.1,2713.0,65.0,1.6
soybean,Loam,Kharif,50.6,23.0,18.4,6.48,29.5,553.5,5819.0,92.0,1.99
wheat,Clay Loam,Rabi,79.8,36.2,29.0,6.66,21.5,557.3,2906.0,145.0,1.98
chickpea,Sandy Loam,Rabi,27.0,12.2,9.8,6.84,26.3,430.8,2326.0,49.0,1.21
tomato,Sandy Loam,Kharif,115.0,52.2,41.8,7.13,26.4,599.5,7289.0,209.0,20.55
maize,Sandy Loam,Zaid,102.3,46.5,37.2,6.6,27.3,850.5,5888.0,186.0,5.18
wheat,Alluvial,Rabi,82.5,37.5,30.0,6.36,18.9,790.6,3066.0,150.0,1.81
cotton,Black Soil,Kharif,62.2,28.2,22.6,6.82,32.4,886.8,5163.0,113.0,1.19
tomato,Sandy Loam,Kharif,123.2,56.0,44.8,7.04,22.9,676.9,7658.0,224.0,23.15
soybean,Loam,Kharif,61.1,27.8,22.2,6.6,30.4,844.0,4035.0,111.0,2.06
maize,Sandy Loam,Zaid,111.7,50.8,40.6,6.51,28.6,814.9,3469.0,203.0,3.02
millets,Loam,Kharif,42.4,19.2,15.4,6.74,33.6,391.6,2078.0,77.0,1.22
chickpea,Black Soil,Rabi,23.7,10.8,8.6,7.14,26.4,478.1,2666.0,43.0,1.22
sugarcane,Alluvial,Kharif,187.0,85.0,68.0,6.74,26.4,1821.5,19742.0,340.0,70.09
soybean,Clay Loam,Kharif,44.6,20.2,16.2,7.2,24.6,758.9,3237.0,81.0,1.62
cotton,Loam,Kharif,58.3,26.5,21.2,7.37,26.8,976.4,6882.0,106.0,1.8
mustard,Loam,Rabi,72.6,33.0,26.4,6.22,15.3,351.0,1732.0,132.0,0.76
maize,Sandy Loam,Rabi,73.7,33.5,26.8,6.04,27.3,846.6,4646.0,134.0,3.71
potato,Loam,Rabi,117.7,53.5,42.8,5.86,23.8,826.3,6163.0,214.0,20.04
cotton,Loam,Kharif,63.8,29.0,23.2,7.51,33.1,945.0,9233.0,116.0,1.81
cotton,Black Soil,Kharif,94.6,43.0,34.4,6.83,30.3,1030.4,7508.0,172.0,2.09
cotton,Loam,Kharif,55.6,25.2,20.2,7.03,29.7,977.8,8862.0,101.0,1.92
groundnut,Loam,Kharif,59.4,27.0,21.6,6.55,29.6,779.5,5278.0,108.0,2.16
mustard,Sandy Loam,Rabi,75.9,34.5,27.6,6.45,18.9,269.8,1890.0,138.0,1.05
wheat,Clay Loam,Rabi,66.6,30.2,24.2,6.68,19.1,370.9,5532.0,121.0,3.29
chickpea,Loam,Rabi,31.9,14.5,11.6,7.28,25.7,531.6,1988.0,58.0,0.89
sugarcane,Loam,Kharif,182.6,83.0,66.4,6.81,29.0,1626.1,11848.0,332.0,42.12
tomato,Loam,Zaid,154.0,70.0,56.0,7.1,29.4,608.5,3735.0,280.0,9.89
tomato,Loam,Zaid,139.7,63.5,50.8,7.28,23.9,508.9,3765.0,254.0,11.43
sugarcane,Loam,Zaid,93.0,42.2,33.8,7.99,28.8,1592.4,16107.0,169.0,41.82
tomato,Loam,Zaid,93.5,42.5,34.0,6.2,21.8,585.4,5312.0,170.0,22.08
mustard,Alluvial,Rabi,63.8,29.0,23.2,6.2,14.2,326.2,3536.0,116.0,1.38
mustard,Alluvial,Rabi,65.5,29.8,23.8,6.84,14.1,424.5,1715.0,119.0,0.78
sugarcane,Loam,Zaid,107.8,49.0,39.2,6.51,27.0,1657.5,17964.0,196.0,57.95
tomato,Sandy Loam,Kharif,90.8,41.2,33.0,6.94,27.5,467.3,6726.0,165.0,17.13
millets,Loam,Kharif,25.3,11.5,9.2,7.14,35.3,527.9,3896.0,46.0,1.51
groundnut,Loam,Kharif,64.4,29.2,23.4,6.55,26.0,714.8,3673.0,117.0,2.23
mustard,Loam,Rabi,44.0,20.0,16.0,7.07,14.1,301.0,3018.0,80.0,1.29
wheat,Clay Loam,Rabi,68.2,31.0,24.8,7.35,22.8,574.7,5127.0,124.0,3.12
groundnut,Loam,Kharif,55.6,25.2,20.2,6.32,27.0,550.1,5246.0,101.0,2.03
sugarcane,Clay Loam,Rabi,111.7,50.8,40.6,6.69,29.5,1747.2,10839.0,203.0,35.38
groundnut,Sandy Loam,Kharif,68.2,31.0,24.8,6.47,22.4,461.8,3420.0,124.0,1.61
cotton,Clay Loam,Kharif,97.9,44.5,35.6,7.74,32.2,885.5,4913.0,178.0,1.32
rice,Clay Loam,Kharif,75.4,34.2,27.4,6.61,31.5,1600.7,7712.0,137.0,2.11
potato,Sandy Loam,Rabi,90.8,41.2,33.0,5.69,24.7,555.1,5916.0,165.0,15.88
potato,Loam,Rabi,120.5,54.8,43.8,6.07,19.6,727.3,5175.0,219.0,22.14
potato,Sandy Loam,Rabi,82.0,37.2,29.8,5.94,17.2,714.4,5240.0,149.0,19.25
chickpea,Sandy Loam,Rabi,36.3,16.5,13.2,7.41,22.1,689.9,2735.0,66.0,1.68
mustard,Sandy Loam,Rabi,57.8,26.2,21.0,6.65,15.8,343.1,1746.0,105.0,0.81
tomato,Alluvial,Rabi,123.8,56.2,45.0,6.73,21.4,675.0,3739.0,225.0,11.85
soybean,Black Soil,Kharif,35.2,16.0,12.8,6.86,30.9,964.0,4691.0,64.0,1.69
cotton,Loam,Kharif,75.9,34.5,27.6,6.86,34.8,925.0,8799.0,138.0,1.71
potato,Sandy Loam,Rabi,97.9,44.5,35.6,5.77,16.8,458.8,3534.0,178.0,12.82
maize,Red Soil,Rabi,89.1,40.5,32.4,7.07,27.1,985.0,6844.0,162.0,4.2
wheat,Clay Loam,Rabi,104.5,47.5,38.0,7.44,17.9,942.4,5390.0,190.0,3.01
cotton,Loam,Kharif,101.2,46.0,36.8,8.41,30.5,796.9,6903.0,184.0,1.77
potato,Loam,Rabi,154.0,70.0,56.0,6.02,19.7,441.4,3532.0,280.0,15.74
chickpea,Loam,Rabi,44.0,20.0,16.0,6.78,23.7,504.6,1981.0,80.0,1.15
wheat,Loam,Rabi,101.2,46.0,36.8,6.93,16.0,612.5,4792.0,184.0,3.22
sugarcane,Alluvial,Kharif,179.9,81.8,65.4,7.08,34.0,1729.4,23224.0,327.0,61.78
chickpea,Black Soil,Rabi,44.0,20.0,16.0,6.75,22.9,565.9,2006.0,80.0,1.16
maize,Sandy Loam,Rabi,69.3,31.5,25.2,6.48,26.5,794.8,6381.0,126.0,5.02
rice,Clay Loam,Kharif,115.0,52.2,41.8,6.21,30.0,1632.7,10291.0,209.0,4.05
groundnut,Sandy Loam,Kharif,40.2,18.2,14.6,6.35,26.7,837.7,3220.0,73.0,1.57
rice,Alluvial,Kharif,78.1,35.5,28.4,6.01,37.0,1560.0,11432.0,142.0,2.62
mustard,Loam,Rabi,61.1,27.8,22.2,6.8,19.4,301.1,2527.0,111.0,1.5
maize,Red Soil,Zaid,95.7,43.5,34.8,6.84,23.1,760.0,3727.0,174.0,3.06
tomato,Sandy Loam,Zaid,139.7,63.5,50.8,7.1,22.6,589.2,5665.0,254.0,21.58
millets,Red Soil,Kharif,36.3,16.5,13.2,7.72,27.9,365.5,2850.0,66.0,1.45
groundnut,Red Soil,Kharif,40.7,18.5,14.8,6.73,30.7,493.6,5370.0,74.0,1.72
maize,Red Soil,Rabi,68.8,31.2,25.0,6.37,23.1,895.6,6054.0,125.0,4.17
potato,Loam,Rabi,126.0,57.2,45.8,6.15,15.8,579.3,4583.0,229.0,19.16
maize,Loam,Kharif,110.6,50.2,40.2,6.86,28.2,731.7,6864.0,201.0,4.78
potato,Sandy Loam,Rabi,102.9,46.8,37.4,6.02,20.6,553.5,3162.0,187.0,12.73
potato,Loam,Rabi,161.7,73.5,58.8,6.12,25.1,670.4,5227.0,294.0,18.35
tomato,Loam,Rabi,78.7,35.8,28.6,6.62,20.8,411.8,6990.0,143.0,18.39
potato,Sandy Loam,Rabi,126.5,57.5,46.0,6.11,21.2,657.2,4700.0,230.0,22.03
rice,Alluvial,Kharif,77.0,35.0,28.0,6.67,28.2,1894.9,13997.0,140.0,3.82
sugarcane,Alluvial,Rabi,135.9,61.8,49.4,7.28,31.5,1592.2,22503.0,247.0,66.72
maize,Red Soil,Kharif,74.2,33.8,27.0,6.38,25.7,850.0,4710.0,135.0,4.75
sugarcane,Clay Loam,Rabi,156.8,71.2,57.0,6.15,34.1,1512.0,16255.0,285.0,56.9
millets,Sandy Loam,Kharif,27.5,12.5,10.0,6.14,24.9,425.5,2726.0,50.0,1.08
groundnut,Loam,Kharif,40.2,18.2,14.6,6.71,26.3,621.4,2629.0,73.0,1.08
millets,Sandy Loam,Kharif,46.8,21.2,17.0,6.75,30.5,544.0,2812.0,85.0,2.07
sugarcane,Loam,Kharif,133.7,60.8,48.6,6.8,29.7,1556.2,15158.0,243.0,65.29
mustard,Loam,Rabi,67.1,30.5,24.4,6.99,14.1,231.8,2689.0,122.0,1.47
maize,Sandy Loam,Rabi,83.6,38.0,30.4,6.97,19.7,1099.8,5813.0,152.0,3.31
groundnut,Sandy Loam,Kharif,57.2,26.0,20.8,6.97,28.1,646.0,4881.0,104.0,2.17
rice,Clay Loam,Kharif,70.4,32.0,25.6,6.51,30.2,1521.8,7249.0,128.0,2.27
mustard,Alluvial,Rabi,66.6,30.2,24.2,6.73,18.2,370.5,3437.0,121.0,1.7
rice,Clay,Kharif,104.0,47.2,37.8,6.22,31.4,1703.7,11563.0,189.0,3.79
cotton,Loam,Kharif,83.6,38.0,30.4,7.13,34.7,1058.7,4751.0,152.0,1.16
maize,Red Soil,Zaid,78.1,35.5,28.4,6.24,20.1,736.0,6936.0,142.0,3.77
chickpea,Loam,Rabi,48.4,22.0,17.6,7.63,18.0,706.5,3200.0,88.0,1.51
rice,Alluvial,Kharif,82.5,37.5,30.0,6.13,24.9,1675.3,10245.0,150.0,3.34
mustard,Alluvial,Rabi,48.4,22.0,17.6,7.37,20.6,409.7,2495.0,88.0,1.19
cotton,Black Soil,Kharif,64.4,29.2,23.4,7.2,32.0,805.4,7012.0,117.0,2.11
cotton,Black Soil,Kharif,77.6,35.2,28.2,7.5,34.6,895.4,6207.0,141.0,1.64
groundnut,Loam,Kharif,57.2,26.0,20.8,6.22,26.8,879.5,5095.0,104.0,2.01
groundnut,Red Soil,Kharif,57.8,26.2,21.0,7.33,33.4,613.4,3891.0,105.0,1.45
rice,Alluvial,Kharif,126.0,57.2,45.8,5.75,28.5,1699.2,12163.0,229.0,4.03
potato,Sandy Loam,Rabi,107.8,49.0,39.2,5.47,21.1,905.0,3347.0,196.0,11.12
rice,Clay Loam,Kharif,127.6,58.0,46.4,7.11,28.9,1629.1,8091.0,232.0,2.76
mustard,Alluvial,Rabi,56.1,25.5,20.4,6.48,19.0,491.8,2365.0,102.0,1.39
chickpea,Sandy Loam,Rabi,25.9,11.8,9.4,7.72,21.3,527.8,2111.0,47.0,0.92
mustard,Alluvial,Rabi,66.6,30.2,24.2,6.39,19.0,400.2,2275.0,121.0,1.2
rice,Alluvial,Kharif,69.3,31.5,25.2,6.31,31.6,1674.1,9647.0,126.0,2.93
soybean,Black Soil,Kharif,42.4,19.2,15.4,6.39,28.4,910.7,3143.0,77.0,1.49
groundnut,Sandy Loam,Kharif,63.8,29.0,23.2,5.94,27.9,818.7,4833.0,116.0,2.38
soybean,Loam,Kharif,42.9,19.5,15.6,7.34,24.3,955.7,4272.0,78.0,1.81
tomato,Alluvial,Rabi,138.1,62.8,50.2,6.71,22.6,695.5,4751.0,251.0,19.48
rice,Alluvial,Kharif,67.1,30.5,24.4,6.4,32.8,1712.3,11329.0,122.0,3.34
rice,Alluvial,Kharif,71.0,32.2,25.8,6.36,26.8,1769.6,8003.0,129.0,2.21
wheat,Clay Loam,Rabi,73.7,33.5,26.8,6.95,21.1,786.9,6166.0,134.0,3.42
sugarcane,Alluvial,Zaid,185.9,84.5,67.6,6.66,33.8,1689.8,18771.0,338.0,68.52
groundnut,Red Soil,Kharif,55.6,25.2,20.2,6.88,24.3,771.5,4542.0,101.0,1.88
groundnut,Sandy Loam,Kharif,68.2,31.0,24.8,6.35,28.2,532.6,5296.0,124.0,2.33
wheat,Alluvial,Rabi,66.0,30.0,24.0,6.54,16.8,589.7,5985.0,120.0,3.08
wheat,Clay Loam,Rabi,81.4,37.0,29.6,7.51,17.7,725.0,6182.0,148.0,3.08
mustard,Alluvial,Rabi,66.0,30.0,24.0,6.18,19.4,416.8,2903.0,120.0,1.37
mustard,Alluvial,Rabi,78.7,35.8,28.6,6.3,11.9,423.4,3369.0,143.0,1.22
rice,Clay Loam,Kharif,81.4,37.0,29.6,6.32,25.8,1713.8,13288.0,148.0,3.99
potato,Sandy Loam,Rabi,129.2,58.8,47.0,6.27,17.6,601.1,3455.0,235.0,13.22
mustard,Loam,Rabi,57.8,26.2,21.0,6.2,17.0,458.7,1830.0,105.0,0.85
mustard,Loam,Rabi,48.4,22.0,17.6,6.7,27.2,158.5,2030.0,88.0,0.84
rice,Alluvial,Kharif,125.4,57.0,45.6,6.88,32.9,1823.9,10813.0,228.0,3.6
groundnut,Red Soil,Kharif,63.8,29.0,23.2,6.84,23.7,634.7,4198.0,116.0,1.82
rice,Clay,Kharif,101.8,46.2,37.0,6.68,29.2,1675.7,13148.0,185.0,4.18
rice,Clay Loam,Kharif,89.7,40.8,32.6,6.51,29.8,1481.0,10633.0,163.0,3.93
millets,Loam,Kharif,41.8,19.0,15.2,6.62,28.8,533.3,3662.0,76.0,1.96
rice,Clay Loam,Kharif,125.4,57.0,45.6,5.75,31.1,1589.7,10327.0,228.0,3.12
cotton,Loam,Kharif,76.5,34.8,27.8,8.11,28.9,965.1,7761.0,139.0,1.74
groundnut,Sandy Loam,Kharif,54.5,24.8,19.8,5.81,29.5,617.6,4315.0,99.0,1.91
chickpea,Loam,Rabi,44.0,20.0,16.0,7.43,18.9,446.3,2608.0,80.0,1.32
sugarcane,Loam,Zaid,104.5,47.5,38.0,5.98,29.3,1693.5,19015.0,190.0,48.77
chickpea,Black Soil,Rabi,46.8,21.2,17.0,7.39,28.3,525.6,2339.0,85.0,1.12
mustard,Loam,Rabi,56.1,25.5,20.4,7.09,21.3,168.7,2905.0,102.0,1.46
wheat,Clay Loam,Rabi,56.7,25.8,20.6,7.1,15.3,711.1,3002.0,103.0,1.52
rice,Alluvial,Kharif,112.8,51.2,41.0,7.01,33.8,1725.6,11340.0,205.0,3.05
groundnut,Loam,Kharif,68.8,31.2,25.0,5.96,33.0,641.4,3508.0,125.0,1.55
tomato,Loam,Zaid,80.9,36.8,29.4,6.8,24.6,563.7,7010.0,147.0,19.53
groundnut,Loam,Kharif,57.8,26.2,21.0,7.37,27.0,607.1,4579.0,105.0,1.73
millets,Red Soil,Kharif,35.8,16.2,13.0,6.97,34.8,360.4,3410.0,65.0,1.86
cotton,Loam,Kharif,85.8,39.0,31.2,6.99,28.6,933.2,6134.0,156.0,1.91
rice,Clay,Kharif,77.0,35.0,28.0,5.66,23.1,1830.6,11648.0,140.0,2.96
potato,Loam,Rabi,94.6,43.0,34.4,5.02,17.9,726.3,3339.0,172.0,10.6
chickpea,Black Soil,Rabi,27.5,12.5,10.0,7.44,22.6,484.4,2938.0,50.0,1.46
millets,Red Soil,Kharif,41.2,18.8,15.0,6.55,26.4,324.3,3179.0,75.0,1.55
groundnut,Sandy Loam,Kharif,53.9,24.5,19.6,6.16,27.7,700.2,5054.0,98.0,2.36
wheat,Alluvial,Rabi,53.9,24.5,19.6,6.59,20.9,703.4,5162.0,98.0,3.41
tomato,Loam,Rabi,135.9,61.8,49.4,6.73,28.9,555.0,5609.0,247.0,17.42
rice,Alluvial,Kharif,115.0,52.2,41.8,6.63,28.5,1382.2,6999.0,209.0,2.27
tomato,Sandy Loam,Zaid,143.0,65.0,52.0,6.6,29.1,528.3,4821.0,260.0,17.15
soybean,Black Soil,Kharif,37.4,17.0,13.6,6.64,32.2,729.8,3804.0,68.0,1.75
rice,Clay,Kharif,95.2,43.2,34.6,7.63,24.3,1899.2,11803.0,173.0,2.62
maize,Red Soil,Rabi,80.3,36.5,29.2,6.36,26.4,495.8,3977.0,146.0,3.48
maize,Loam,Zaid,85.2,38.8,31.0,6.28,27.1,691.3,4263.0,155.0,3.67
rice,Clay,Kharif,93.5,42.5,34.0,6.18,23.8,1613.1,13492.0,170.0,3.75
soybean,Clay Loam,Kharif,35.8,16.2,13.0,6.88,24.0,849.6,5370.0,65.0,2.07
sugarcane,Clay Loam,Zaid,190.9,86.8,69.4,6.95,28.7,1881.3,13173.0,347.0,55.18
potato,Sandy Loam,Rabi,87.5,39.8,31.8,6.54,23.7,572.4,5153.0,159.0,13.83
potato,Loam,Rabi,104.0,47.2,37.8,6.19,18.8,723.8,3864.0,189.0,18.01
soybean,Clay Loam,Kharif,34.1,15.5,12.4,7.12,30.4,1030.5,3653.0,62.0,1.64
tomato,Alluvial,Rabi,99.0,45.0,36.0,5.88,19.4,399.7,4451.0,180.0,12.35
chickpea,Sandy Loam,Rabi,24.2,11.0,8.8,7.41,24.6,333.1,3183.0,44.0,1.37
maize,Alluvial,Zaid,101.8,46.2,37.0,7.12,28.0,654.8,6360.0,185.0,4.18
millets,Loam,Kharif,49.5,22.5,18.0,6.75,28.7,636.6,2452.0,90.0,1.76
tomato,Alluvial,Kharif,147.4,67.0,53.6,7.03,21.6,591.6,6817.0,268.0,21.4
sugarcane,Clay Loam,Kharif,164.5,74.8,59.8,6.43,26.3,1779.2,20697.0,299.0,59.8
rice,Clay Loam,Kharif,99.0,45.0,36.0,6.47,23.7,1814.1,8331.0,180.0,2.67
cotton,Loam,Kharif,95.7,43.5,34.8,6.91,32.4,763.4,6161.0,174.0,1.9
tomato,Loam,Kharif,120.5,54.8,43.8,7.19,27.2,521.1,4357.0,219.0,14.98
tomato,Sandy Loam,Rabi,88.6,40.2,32.2,5.67,28.1,526.9,4103.0,161.0,13.29
sugarcane,Clay Loam,Zaid,116.6,53.0,42.4,6.52,32.1,1691.2,13563.0,212.0,51.19
millets,Loam,Kharif,39.1,17.8,14.2,7.09,35.7,363.0,1868.0,71.0,0.73
soybean,Black Soil,Kharif,57.2,26.0,20.8,6.46,22.9,831.0,3120.0,104.0,1.4
sugarcane,Clay Loam,Zaid,141.9,64.5,51.6,7.15,32.2,1550.3,20644.0,258.0,60.91
mustard,Loam,Rabi,60.0,27.2,21.8,6.5,17.4,618.5,3618.0,109.0,1.69
potato,Sandy Loam,Rabi,132.6,60.2,48.2,6.59,21.1,630.4,3049.0,241.0,10.17
cotton,Loam,Kharif,96.8,44.0,35.2,8.55,35.8,902.3,4606.0,176.0,0.77
groundnut,Sandy Loam,Kharif,37.4,17.0,13.6,6.62,22.3,725.4,4009.0,68.0,1.61
potato,Loam,Rabi,80.9,36.8,29.4,5.13,16.3,624.5,3287.0,147.0,9.0
cotton,Loam,Kharif,56.1,25.5,20.4,6.66,33.5,928.8,6626.0,102.0,1.36
tomato,Alluvial,Rabi,114.4,52.0,41.6,6.62,20.1,533.9,5285.0,208.0,19.23
soybean,Loam,Kharif,31.9,14.5,11.6,6.24,28.5,646.9,4529.0,58.0,2.0
tomato,Loam,Kharif,133.7,60.8,48.6,7.38,23.6,715.4,3907.0,243.0,12.7
maize,Loam,Rabi,108.9,49.5,39.6,6.9,28.9,636.5,3373.0,198.0,2.46
maize,Red Soil,Kharif,66.6,30.2,24.2,6.83,28.0,826.5,5485.0,121.0,4.31
soybean,Loam,Kharif,39.6,18.0,14.4,6.26,28.5,778.9,4276.0,72.0,1.81
chickpea,Loam,Rabi,26.4,12.0,9.6,6.12,20.2,463.2,2568.0,48.0,1.17
groundnut,Red Soil,Kharif,58.9,26.8,21.4,6.83,22.4,644.1,3303.0,107.0,1.42
sugarcane,Loam,Rabi,167.8,76.2,61.0,7.3,32.8,1533.7,22899.0,305.0,66.68
maize,Red Soil,Zaid,70.4,32.0,25.6,6.82,18.3,869.0,5248.0,128.0,3.32
mustard,Alluvial,Rabi,60.5,27.5,22.0,6.31,16.5,510.0,2099.0,110.0,1.05
soybean,Loam,Kharif,32.5,14.8,11.8,6.81,27.8,854.2,5239.0,59.0,2.11
rice,Alluvial,Kharif,90.8,41.2,33.0,6.43,23.2,1632.4,10822.0,165.0,3.44
chickpea,Sandy Loam,Rabi,39.1,17.8,14.2,6.44,18.7,404.0,2609.0,71.0,1.14
tomato,Loam,Kharif,108.9,49.5,39.6,5.82,26.7,533.2,5430.0,198.0,21.15
tomato,Sandy Loam,Kharif,114.4,52.0,41.6,6.81,24.4,704.1,6366.0,208.0,23.78
mustard,Alluvial,Rabi,77.6,35.2,28.2,6.76,20.4,507.7,3052.0,141.0,1.6
groundnut,Sandy Loam,Kharif,59.4,27.0,21.6,6.55,24.6,573.6,4618.0,108.0,2.08
sugarcane,Loam,Kharif,95.2,43.2,34.6,6.55,27.7,1709.9,11803.0,173.0,35.17
groundnut,Loam,Kharif,56.7,25.8,20.6,6.6,27.5,806.4,3978.0,103.0,2.39
chickpea,Sandy Loam,Rabi,25.3,11.5,9.2,7.19,26.6,509.4,2942.0,46.0,1.27
soybean,Clay Loam,Kharif,50.1,22.8,18.2,7.21,27.3,918.6,3767.0,91.0,2.06
potato,Loam,Rabi,91.3,41.5,33.2,5.6,12.0,430.9,5388.0,166.0,12.31
maize,Sandy Loam,Rabi,116.1,52.8,42.2,6.34,28.4,787.4,4107.0,211.0,3.36
potato,Loam,Rabi,156.8,71.2,57.0,6.23,19.1,336.7,6305.0,285.0,21.12
soybean,Loam,Kharif,55.0,25.0,20.0,6.27,30.2,837.0,3758.0,100.0,1.96
soybean,Clay Loam,Kharif,30.8,14.0,11.2,6.41,29.7,730.3,3373.0,56.0,1.29
millets,Sandy Loam,Kharif,50.6,23.0,18.4,7.04,32.7,382.3,2755.0,92.0,2.07
wheat,Clay Loam,Rabi,90.2,41.0,32.8,6.34,19.5,598.6,5318.0,164.0,3.56
tomato,Alluvial,Rabi,155.1,70.5,56.4,6.68,21.8,842.2,6300.0,282.0,20.23
rice,Clay Loam,Kharif,124.3,56.5,45.2,5.97,35.0,1691.4,11940.0,226.0,3.26
mustard,Loam,Rabi,51.2,23.2,18.6,7.22,20.2,462.6,2006.0,93.0,1.02
rice,Clay Loam,Kharif,69.3,31.5,25.2,6.54,25.0,1673.1,11656.0,126.0,3.72
groundnut,Sandy Loam,Kharif,46.2,21.0,16.8,6.74,28.6,781.9,5397.0,84.0,2.2
potato,Loam,Rabi,151.2,68.8,55.0,5.46,19.2,639.3,4058.0,275.0,18.39
potato,Sandy Loam,Rabi,135.9,61.8,49.4,6.54,15.6,618.9,4057.0,247.0,14.99
rice,Alluvial,Kharif,90.8,41.2,33.0,5.76,23.4,1575.9,14362.0,165.0,3.33
soybean,Black Soil,Kharif,58.3,26.5,21.2,6.26,24.1,1061.1,4880.0,106.0,2.05
cotton,Clay Loam,Kharif,99.0,45.0,36.0,6.87,32.3,837.5,4775.0,180.0,1.27
potato,Loam,Rabi,84.7,38.5,30.8,5.94,19.2,574.6,4660.0,154.0,20.02
groundnut,Red Soil,Kharif,35.8,16.2,13.0,6.46,29.0,731.0,2628.0,65.0,1.09
groundnut,Sandy Loam,Kharif,46.2,21.0,16.8,6.39,24.5,728.4,4660.0,84.0,1.81
tomato,Loam,Rabi,89.7,40.8,32.6,6.54,24.7,660.1,3950.0,163.0,14.32
potato,Sandy Loam,Rabi,96.8,44.0,35.2,6.41,23.3,481.0,6324.0,176.0,15.53
maize,Alluvial,Kharif,83.6,38.0,30.4,6.71,28.7,738.4,5830.0,152.0,4.5
chickpea,Loam,Rabi,23.1,10.5,8.4,6.43,24.6,515.6,3267.0,42.0,1.11
maize,Alluvial,Rabi,79.2,36.0,28.8,7.19,28.4,762.9,3411.0,144.0,2.01
maize,Red Soil,Kharif,117.7,53.5,42.8,6.73,23.9,864.0,3882.0,214.0,3.24
potato,Loam,Rabi,108.9,49.5,39.6,5.92,17.8,538.5,4091.0,198.0,19.75
sugarcane,Alluvial,Rabi,179.3,81.5,65.2,6.26,32.7,1506.6,20958.0,326.0,62.49
rice,Alluvial,Kharif,113.3,51.5,41.2,6.12,21.7,1675.7,7123.0,206.0,1.71
wheat,Alluvial,Rabi,111.1,50.5,40.4,6.74,12.4,720.4,4172.0,202.0,2.36
cotton,Loam,Kharif,66.6,30.2,24.2,7.62,34.0,949.0,5373.0,121.0,1.28
sugarcane,Alluvial,Rabi,119.9,54.5,43.6,7.19,29.0,1575.5,14802.0,218.0,55.69
sugarcane,Loam,Zaid,175.5,79.8,63.8,6.61,25.3,1682.9,16435.0,319.0,51.01
maize,Red Soil,Rabi,89.7,40.8,32.6,6.98,22.4,839.9,4880.0,163.0,3.85
soybean,Black Soil,Kharif,53.9,24.5,19.6,6.87,25.5,813.3,4721.0,98.0,2.26
sugarcane,Clay Loam,Zaid,161.7,73.5,58.8,6.9,30.5,1809.4,13043.0,294.0,46.81
mustard,Alluvial,Rabi,43.5,19.8,15.8,6.48,22.7,373.7,2062.0,79.0,0.83
wheat,Loam,Rabi,93.5,42.5,34.0,6.84,19.8,456.4,5739.0,170.0,3.88
wheat,Loam,Rabi,55.6,25.2,20.2,7.36,19.9,871.2,5496.0,101.0,2.83
potato,Loam,Rabi,154.0,70.0,56.0,5.41,19.9,524.8,4267.0,280.0,18.05
groundnut,Sandy Loam,Kharif,49.0,22.2,17.8,6.76,27.9,643.2,3428.0,89.0,1.74
potato,Sandy Loam,Rabi,138.1,62.8,50.2,5.94,13.3,369.2,5168.0,251.0,17.75
millets,Loam,Kharif,40.7,18.5,14.8,7.06,32.1,328.5,3689.0,74.0,1.89
mustard,Alluvial,Rabi,56.1,25.5,20.4,6.82,16.9,207.7,3290.0,102.0,1.73
groundnut,Sandy Loam,Kharif,42.9,19.5,15.6,6.45,25.3,771.6,3591.0,78.0,1.82
sugarcane,Loam,Kharif,140.8,64.0,51.2,6.8,30.1,1741.6,16899.0,256.0,72.23
millets,Loam,Kharif,36.3,16.5,13.2,6.69,28.2,227.3,3448.0,66.0,1.69
soybean,Loam,Kharif,45.7,20.8,16.6,6.82,27.3,976.1,2909.0,83.0,1.43
maize,Red Soil,Rabi,109.5,49.8,39.8,6.66,28.2,908.9,3744.0,199.0,3.14
tomato,Loam,Kharif,81.4,37.0,29.6,6.44,32.9,664.1,6990.0,148.0,15.32
rice,Clay,Kharif,87.5,39.8,31.8,6.56,32.2,1623.1,11939.0,159.0,3.8
sugarcane,Clay Loam,Zaid,117.2,53.2,42.6,6.98,36.8,1714.8,23109.0,213.0,45.13
tomato,Sandy Loam,Rabi,120.5,54.8,43.8,6.2,26.2,524.6,5016.0,219.0,20.24
potato,Sandy Loam,Rabi,157.3,71.5,57.2,5.36,18.8,462.3,5397.0,286.0,21.12
soybean,Clay Loam,Kharif,33.6,15.2,12.2,6.83,27.5,726.1,3547.0,61.0,1.88
groundnut,Loam,Kharif,69.3,31.5,25.2,6.89,26.8,745.2,3189.0,126.0,1.61
chickpea,Loam,Rabi,27.0,12.2,9.8,7.6,23.8,395.7,2300.0,49.0,1.11
sugarcane,Clay Loam,Rabi,117.7,53.5,42.8,7.06,32.4,1879.4,22352.0,214.0,61.0
rice,Alluvial,Kharif,71.0,32.2,25.8,6.58,26.4,1659.7,13134.0,129.0,3.62
tomato,Loam,Rabi,139.2,63.2,50.6,6.34,25.6,733.0,6572.0,253.0,23.19
maize,Loam,Kharif,67.1,30.5,24.4,6.4,27.2,719.3,6849.0,122.0,4.04
groundnut,Red Soil,Kharif,40.7,18.5,14.8,6.26,26.7,859.6,2636.0,74.0,1.11
mustard,Alluvial,Rabi,63.3,28.8,23.0,6.67,19.0,553.4,2915.0,115.0,1.7
groundnut,Red Soil,Kharif,42.4,19.2,15.4,5.82,27.3,755.1,2815.0,77.0,1.26
millets,Red Soil,Kharif,44.6,20.2,16.2,6.96,29.8,351.3,2870.0,81.0,1.86
rice,Alluvial,Kharif,89.7,40.8,32.6,5.46,34.0,1781.0,10992.0,163.0,2.75
groundnut,Sandy Loam,Kharif,43.5,19.8,15.8,6.68,27.6,853.6,2759.0,79.0,1.33
potato,Sandy Loam,Rabi,118.8,54.0,43.2,5.84,18.7,527.8,3857.0,216.0,17.65
soybean,Loam,Kharif,58.9,26.8,21.4,6.47,29.7,846.6,4490.0,107.0,2.33
tomato,Loam,Zaid,99.0,45.0,36.0,6.73,27.9,555.5,6417.0,180.0,19.59
sugarcane,Loam,Kharif,156.8,71.2,57.0,6.34,27.2,1422.4,23194.0,285.0,63.11
soybean,Black Soil,Kharif,51.2,23.2,18.6,6.77,28.4,879.2,3093.0,93.0,1.7
groundnut,Sandy Loam,Kharif,35.2,16.0,12.8,6.89,24.4,893.0,4888.0,64.0,1.5
mustard,Alluvial,Rabi,59.4,27.0,21.6,6.55,16.9,202.1,1762.0,108.0,0.92
wheat,Clay Loam,Rabi,80.3,36.5,29.2,6.63,16.5,605.9,5908.0,146.0,3.51
soybean,Black Soil,Kharif,33.6,15.2,12.2,6.74,26.0,724.5,3487.0,61.0,1.9
millets,Sandy Loam,Kharif,29.2,13.2,10.6,7.14,35.4,312.1,2263.0,53.0,1.18
maize,Alluvial,Zaid,71.0,32.2,25.8,6.28,30.3,684.5,6685.0,129.0,3.51
mustard,Loam,Rabi,69.3,31.5,25.2,6.66,21.0,343.6,2308.0,126.0,1.43
cotton,Black Soil,Kharif,58.3,26.5,21.2,7.35,28.4,729.6,8229.0,106.0,1.89
groundnut,Loam,Kharif,47.3,21.5,17.2,6.8,29.0,693.0,2878.0,86.0,1.49
soybean,Clay Loam,Kharif,42.4,19.2,15.4,6.6,25.6,906.5,4285.0,77.0,2.27
chickpea,Loam,Rabi,39.1,17.8,14.2,6.65,21.3,450.9,3571.0,71.0,1.66
mustard,Loam,Rabi,65.5,29.8,23.8,6.86,20.3,150.0,2216.0,119.0,1.34
chickpea,Black Soil,Rabi,45.1,20.5,16.4,6.68,26.0,512.3,1991.0,82.0,0.88
wheat,Loam,Rabi,58.3,26.5,21.2,7.32,16.2,653.7,5689.0,106.0,2.55
maize,Loam,Rabi,83.1,37.8,30.2,7.22,30.0,821.3,6733.0,151.0,3.16
chickpea,Sandy Loam,Rabi,27.0,12.2,9.8,7.03,18.1,548.4,3038.0,49.0,1.52
millets,Loam,Kharif,33.6,15.2,12.2,6.24,29.5,453.2,2171.0,61.0,1.35
maize,Loam,Kharif,90.8,41.2,33.0,7.36,25.7,751.0,6668.0,165.0,4.83
millets,Loam,Kharif,32.5,14.8,11.8,6.55,31.7,542.1,2493.0,59.0,1.65
cotton,Clay Loam,Kharif,101.8,46.2,37.0,7.3,29.3,1012.2,5987.0,185.0,1.91
wheat,Clay Loam,Rabi,104.0,47.2,37.8,7.12,16.6,736.6,3371.0,189.0,2.19
cotton,Clay Loam,Kharif,86.9,39.5,31.6,7.59,29.6,923.3,5668.0,158.0,1.57
groundnut,Loam,Kharif,53.4,24.2,19.4,6.21,21.9,755.2,3586.0,97.0,1.48
sugarcane,Loam,Kharif,159.0,72.2,57.8,6.53,30.4,1540.0,15950.0,289.0,71.73
mustard,Alluvial,Rabi,47.3,21.5,17.2,7.23,19.2,252.0,1932.0,86.0,0.94
maize,Loam,Zaid,78.1,35.5,28.4,6.19,24.0,1009.5,6714.0,142.0,5.01
rice,Clay Loam,Kharif,97.4,44.2,35.4,6.72,28.1,1928.7,9188.0,177.0,3.72
sugarcane,Alluvial,Kharif,115.5,52.5,42.0,7.11,32.5,1588.2,18268.0,210.0,55.95
wheat,Clay Loam,Rabi,65.5,29.8,23.8,6.44,19.8,405.6,6004.0,119.0,3.4
rice,Clay Loam,Kharif,127.1,57.8,46.2,6.54,31.0,1516.9,10436.0,231.0,4.01
millets,Sandy Loam,Kharif,50.1,22.8,18.2,7.29,27.5,503.7,3633.0,91.0,1.51
maize,Loam,Kharif,72.6,33.0,26.4,5.81,29.4,760.2,5520.0,132.0,3.4
groundnut,Red Soil,Kharif,39.1,17.8,14.2,6.43,28.6,844.1,3940.0,71.0,2.35
maize,Sandy Loam,Zaid,90.8,41.2,33.0,5.7,20.6,698.2,3441.0,165.0,1.86
soybean,Loam,Kharif,40.7,18.5,14.8,6.34,28.2,672.2,3949.0,74.0,1.88
soybean,Clay Loam,Kharif,54.5,24.8,19.8,7.13,22.8,641.8,3767.0,99.0,1.81
soybean,Loam,Kharif,57.2,26.0,20.8,6.41,27.0,608.8,4406.0,104.0,2.42
sugarcane,Alluvial,Zaid,122.1,55.5,44.4,7.43,31.9,1714.8,15714.0,222.0,57.53
sugarcane,Clay Loam,Rabi,163.9,74.5,59.6,7.28,23.6,1611.3,15029.0,298.0,47.53
mustard,Loam,Rabi,40.7,18.5,14.8,6.32,14.4,473.9,3475.0,74.0,1.16
rice,Clay,Kharif,97.4,44.2,35.4,7.0,29.2,1776.1,14689.0,177.0,3.39
groundnut,Sandy Loam,Kharif,65.5,29.8,23.8,6.26,25.1,659.5,3105.0,119.0,1.52
maize,Loam,Zaid,69.3,31.5,25.2,6.02,31.7,824.5,4102.0,126.0,2.39
mustard,Loam,Rabi,49.0,22.2,17.8,6.43,17.8,362.8,3597.0,89.0,1.4
millets,Red Soil,Kharif,28.6,13.0,10.4,7.17,32.5,343.5,2384.0,52.0,1.31
sugarcane,Alluvial,Zaid,178.8,81.2,65.0,7.74,36.1,1638.4,16260.0,325.0,43.75
potato,Loam,Rabi,79.8,36.2,29.0,5.9,15.7,716.3,4789.0,145.0,15.97
millets,Red Soil,Kharif,40.7,18.5,14.8,6.44,28.2,319.0,2364.0,74.0,1.49
soybean,Loam,Kharif,56.7,25.8,20.6,6.3,25.7,806.5,3497.0,103.0,1.86
sugarcane,Alluvial,Rabi,183.2,83.2,66.6,6.77,26.3,1564.5,11765.0,333.0,42.35
potato,Loam,Rabi,130.9,59.5,47.6,5.36,17.5,637.6,5105.0,238.0,19.43
tomato,Sandy Loam,Rabi,93.0,42.2,33.8,6.71,21.9,485.7,5737.0,169.0,20.41
mustard,Loam,Rabi,66.6,30.2,24.2,6.61,18.9,539.1,2238.0,121.0,1.39
sugarcane,Loam,Rabi,116.6,53.0,42.4,6.97,28.2,1771.1,22129.0,212.0,61.71
groundnut,Loam,Kharif,45.1,20.5,16.4,6.55,28.8,706.4,4931.0,82.0,2.21
tomato,Loam,Zaid,82.0,37.2,29.8,6.19,20.2,770.9,5103.0,149.0,17.35
rice,Clay Loam,Kharif,88.6,40.2,32.2,6.39,30.7,1729.5,6965.0,161.0,2.01
maize,Loam,Rabi,99.0,45.0,36.0,6.98,23.7,964.0,4056.0,180.0,3.02
millets,Sandy Loam,Kharif,38.5,17.5,14.0,6.08,34.7,765.6,1977.0,70.0,0.96
cotton,Clay Loam,Kharif,64.9,29.5,23.6,6.43,30.1,821.5,7986.0,118.0,1.83
potato,Loam,Rabi,123.8,56.2,45.0,6.45,21.5,444.2,5135.0,225.0,19.71
millets,Sandy Loam,Kharif,51.2,23.2,18.6,6.83,30.5,532.8,3346.0,93.0,2.24
cotton,Black Soil,Kharif,63.3,28.8,23.0,6.67,29.0,979.9,6194.0,115.0,1.81
millets,Sandy Loam,Kharif,30.8,14.0,11.2,7.03,31.8,522.6,2065.0,56.0,1.17
rice,Alluvial,Kharif,96.8,44.0,35.2,6.75,22.9,1825.1,10223.0,176.0,3.29
tomato,Alluvial,Kharif,97.4,44.2,35.4,6.8,28.0,559.3,4155.0,177.0,12.79
chickpea,Loam,Rabi,35.2,16.0,12.8,7.15,23.3,481.3,1913.0,64.0,0.94
tomato,Alluvial,Kharif,108.9,49.5,39.6,6.72,23.2,723.3,4273.0,198.0,16.76
millets,Red Soil,Kharif,49.0,22.2,17.8,6.3,36.8,382.0,3355.0,89.0,1.64
groundnut,Sandy Loam,Kharif,34.7,15.8,12.6,6.59,27.2,762.9,2762.0,63.0,1.24
millets,Sandy Loam,Kharif,50.6,23.0,18.4,6.93,33.6,483.6,4015.0,92.0,2.01
chickpea,Loam,Rabi,40.7,18.5,14.8,7.24,21.4,654.6,3276.0,74.0,1.75
soybean,Black Soil,Kharif,38.5,17.5,14.0,6.45,29.3,902.5,3984.0,70.0,1.93
tomato,Loam,Zaid,94.1,42.8,34.2,6.88,28.1,569.5,5777.0,171.0,16.89
maize,Sandy Loam,Kharif,58.9,26.8,21.4,6.51,20.3,722.6,4992.0,107.0,2.88
sugarcane,Alluvial,Rabi,99.0,45.0,36.0,6.9,32.4,1761.6,11636.0,180.0,38.38
cotton,Clay Loam,Kharif,99.6,45.2,36.2,7.0,33.4,958.9,6202.0,181.0,1.8
chickpea,Sandy Loam,Rabi,35.2,16.0,12.8,6.95,25.9,500.0,3266.0,64.0,1.51
cotton,Black Soil,Kharif,91.3,41.5,33.2,7.22,27.0,1002.8,4455.0,166.0,1.04
wheat,Loam,Rabi,56.7,25.8,20.6,6.73,18.2,742.1,4174.0,103.0,2.7
millets,Loam,Kharif,40.7,18.5,14.8,6.43,29.6,588.4,2157.0,74.0,1.32
groundnut,Loam,Kharif,41.2,18.8,15.0,6.45,31.1,661.8,4023.0,75.0,1.73
mustard,Loam,Rabi,52.3,23.8,19.0,7.37,21.3,317.0,3043.0,95.0,1.06
cotton,Loam,Kharif,97.9,44.5,35.6,6.97,32.0,1007.8,5831.0,178.0,1.76
wheat,Clay Loam,Rabi,68.2,31.0,24.8,6.47,20.9,502.0,5200.0,124.0,3.4
maize,Sandy Loam,Zaid,96.3,43.8,35.0,6.47,29.0,756.9,5357.0,175.0,4.71
chickpea,Black Soil,Rabi,39.1,17.8,14.2,6.65,20.2,432.0,3717.0,71.0,1.57
groundnut,Sandy Loam,Kharif,52.8,24.0,19.2,6.5,29.0,741.4,4910.0,96.0,2.29
soybean,Loam,Kharif,34.1,15.5,12.4,7.37,31.2,880.3,3353.0,62.0,1.33
wheat,Alluvial,Rabi,64.4,29.2,23.4,6.25,19.4,439.3,5213.0,117.0,3.2
tomato,Loam,Rabi,155.1,70.5,56.4,6.3,21.7,988.6,6059.0,282.0,21.63
mustard,Alluvial,Rabi,43.5,19.8,15.8,6.61,13.1,438.8,1798.0,79.0,0.69
groundnut,Red Soil,Kharif,52.8,24.0,19.2,6.27,28.6,413.2,4796.0,96.0,2.12
millets,Loam,Kharif,25.9,11.8,9.4,6.7,35.3,476.4,2040.0,47.0,0.95
millets,Loam,Kharif,45.7,20.8,16.6,6.43,34.6,478.3,3962.0,83.0,1.97
sugarcane,Alluvial,Rabi,191.4,87.0,69.6,6.7,27.4,1496.6,11566.0,348.0,40.07
potato,Loam,Rabi,131.5,59.8,47.8,6.75,16.1,693.3,4726.0,239.0,17.7
potato,Loam,Rabi,151.2,68.8,55.0,5.69,21.3,447.8,3122.0,275.0,9.99
rice,Alluvial,Kharif,105.6,48.0,38.4,6.37,30.0,1738.4,12700.0,192.0,3.67
sugarcane,Alluvial,Rabi,110.6,50.2,40.2,6.75,32.6,1585.9,21408.0,201.0,53.72
wheat,Alluvial,Rabi,69.3,31.5,25.2,6.39,20.6,601.1,5518.0,126.0,3.17
millets,Red Soil,Kharif,28.1,12.8,10.2,6.59,25.7,333.7,3959.0,51.0,1.51
potato,Loam,Rabi,161.2,73.2,58.6,5.89,13.6,616.3,3625.0,293.0,13.74
groundnut,Red Soil,Kharif,50.6,23.0,18.4,6.78,22.1,607.2,5135.0,92.0,1.67
rice,Alluvial,Kharif,68.8,31.2,25.0,5.91,25.5,1616.0,7009.0,125.0,1.76
maize,Sandy Loam,Zaid,79.8,36.2,29.0,6.97,31.2,920.8,5896.0,145.0,3.9
potato,Loam,Rabi,92.4,42.0,33.6,6.87,16.7,426.6,3429.0,168.0,10.73
rice,Clay,Kharif,67.7,30.8,24.6,6.79,25.7,1655.0,14437.0,123.0,3.64
millets,Red Soil,Kharif,39.6,18.0,14.4,7.41,32.7,420.3,3152.0,72.0,1.91
maize,Red Soil,Kharif,97.4,44.2,35.4,5.64,27.0,734.4,4655.0,177.0,3.73
maize,Alluvial,Kharif,66.6,30.2,24.2,6.61,28.4,465.8,4251.0,121.0,3.24
mustard,Loam,Rabi,42.4,19.2,15.4,7.17,19.9,453.3,2709.0,77.0,1.32
wheat,Alluvial,Rabi,94.1,42.8,34.2,6.14,22.3,680.1,4843.0,171.0,2.86
potato,Loam,Rabi,137.0,62.2,49.8,6.03,17.1,376.1,4747.0,249.0,18.4
maize,Alluvial,Kharif,111.1,50.5,40.4,6.74,21.3,796.5,4717.0,202.0,3.94
tomato,Loam,Rabi,119.4,54.2,43.4,6.94,20.4,760.8,7007.0,217.0,18.74
tomato,Loam,Kharif,108.4,49.2,39.4,6.53,25.9,864.5,3818.0,197.0,14.24
maize,Sandy Loam,Kharif,104.0,47.2,37.8,6.47,26.6,644.2,6104.0,189.0,5.71
potato,Sandy Loam,Rabi,96.3,43.8,35.0,6.48,17.7,509.4,6384.0,175.0,17.46
millets,Loam,Kharif,47.3,21.5,17.2,6.11,32.4,475.2,1988.0,86.0,1.23
sugarcane,Clay Loam,Zaid,167.8,76.2,61.0,6.3,26.0,1799.2,15078.0,305.0,50.8
wheat,Clay Loam,Rabi,73.2,33.2,26.6,7.28,18.9,551.1,3105.0,133.0,2.06
tomato,Sandy Loam,Rabi,108.9,49.5,39.6,6.26,29.5,746.7,3820.0,198.0,10.18
groundnut,Loam,Kharif,53.4,24.2,19.4,6.19,28.6,658.3,4974.0,97.0,2.13
millets,Sandy Loam,Kharif,28.6,13.0,10.4,7.6,30.7,150.0,2096.0,52.0,0.94
soybean,Clay Loam,Kharif,50.1,22.8,18.2,6.65,30.1,859.0,4239.0,91.0,2.35
cotton,Clay Loam,Kharif,50.6,23.0,18.4,7.5,30.3,867.2,5548.0,92.0,1.46
tomato,Sandy Loam,Kharif,121.0,55.0,44.0,6.96,22.0,603.3,5671.0,220.0,20.54
rice,Clay Loam,Kharif,68.2,31.0,24.8,5.68,29.8,1661.7,7065.0,124.0,1.64
maize,Red Soil,Zaid,77.0,35.0,28.0,6.76,26.9,603.7,4001.0,140.0,3.57
tomato,Alluvial,Rabi,93.0,42.2,33.8,6.96,25.7,650.3,3911.0,169.0,12.56
potato,Loam,Rabi,153.5,69.8,55.8,5.34,14.6,686.3,6028.0,279.0,17.01
rice,Alluvial,Kharif,75.4,34.2,27.4,6.55,26.8,1702.4,14840.0,137.0,3.78
soybean,Loam,Kharif,41.8,19.0,15.2,7.15,25.2,784.9,4706.0,76.0,1.75
cotton,Clay Loam,Kharif,100.7,45.8,36.6,6.4,35.0,946.6,4515.0,183.0,0.88
cotton,Clay Loam,Kharif,60.0,27.2,21.8,7.24,29.7,924.6,5761.0,109.0,1.83
millets,Sandy Loam,Kharif,49.5,22.5,18.0,7.18,33.0,466.1,3210.0,90.0,1.78
cotton,Loam,Kharif,75.4,34.2,27.4,6.97,32.2,1008.8,4453.0,137.0,0.99
millets,Sandy Loam,Kharif,44.6,20.2,16.2,6.13,35.7,588.4,3695.0,81.0,1.5
mustard,Sandy Loam,Rabi,74.8,34.0,27.2,7.24,21.6,334.7,3388.0,136.0,1.38
millets,Loam,Kharif,38.0,17.2,13.8,7.07,30.0,350.1,2842.0,69.0,1.93
potato,Sandy Loam,Rabi,114.4,52.0,41.6,5.89,12.5,638.3,4848.0,208.0,17.17
tomato,Loam,Rabi,83.6,38.0,30.4,6.26,23.3,876.4,5025.0,152.0,18.7
tomato,Alluvial,Kharif,100.7,45.8,36.6,6.87,24.5,549.0,3652.0,183.0,13.63
millets,Loam,Kharif,30.3,13.8,11.0,6.78,34.5,503.8,3389.0,55.0,1.78
millets,Loam,Kharif,25.9,11.8,9.4,6.41,35.5,368.4,2428.0,47.0,1.28
chickpea,Loam,Rabi,27.5,12.5,10.0,6.6,20.2,419.2,3530.0,50.0,1.43
tomato,Alluvial,Zaid,78.1,35.5,28.4,6.56,24.2,524.7,5032.0,142.0,19.86
chickpea,Sandy Loam,Rabi,33.6,15.2,12.2,7.58,22.3,518.2,2831.0,61.0,1.53
chickpea,Black Soil,Rabi,27.5,12.5,10.0,7.12,23.5,425.4,3043.0,50.0,1.7
soybean,Black Soil,Kharif,46.8,21.2,17.0,6.75,26.8,956.9,5831.0,85.0,2.79
chickpea,Sandy Loam,Rabi,38.5,17.5,14.0,7.27,21.9,400.1,1781.0,70.0,0.94
maize,Loam,Kharif,77.0,35.0,28.0,5.66,24.9,732.6,6716.0,140.0,3.71
wheat,Alluvial,Rabi,59.4,27.0,21.6,6.86,22.9,573.0,3910.0,108.0,2.84
maize,Loam,Zaid,89.1,40.5,32.4,6.66,24.9,681.9,4615.0,162.0,4.23
millets,Red Soil,Kharif,45.7,20.8,16.6,6.13,32.2,666.8,3791.0,83.0,1.81
maize,Loam,Zaid,91.3,41.5,33.2,6.49,24.2,676.6,4039.0,166.0,3.52
maize,Alluvial,Zaid,78.7,35.8,28.6,6.81,26.2,662.8,3759.0,143.0,3.28
wheat,Clay Loam,Rabi,111.1,50.5,40.4,6.48,20.3,642.5,5046.0,202.0,3.66
millets,Loam,Kharif,44.6,20.2,16.2,6.97,29.0,401.0,2790.0,81.0,1.78
millets,Loam,Kharif,25.9,11.8,9.4,6.66,28.2,470.6,2316.0,47.0,1.21
sugarcane,Alluvial,Kharif,189.2,86.0,68.8,6.67,26.8,1746.1,15915.0,344.0,64.44
chickpea,Loam,Rabi,45.1,20.5,16.4,7.23,20.2,645.4,2756.0,82.0,1.68
cotton,Loam,Kharif,79.8,36.2,29.0,7.67,35.7,874.8,8669.0,145.0,1.56
rice,Alluvial,Kharif,84.2,38.2,30.6,6.21,24.9,1594.7,12641.0,153.0,3.47
maize,Loam,Zaid,104.5,47.5,38.0,5.72,26.0,777.8,3684.0,190.0,3.0
cotton,Loam,Kharif,57.8,26.2,21.0,8.09,24.7,1001.7,8604.0,105.0,1.26
chickpea,Sandy Loam,Rabi,28.6,13.0,10.4,7.21,18.8,446.2,2363.0,52.0,1.28
maize,Alluvial,Rabi,58.9,26.8,21.4,6.63,23.4,817.6,4182.0,107.0,3.55
chickpea,Black Soil,Rabi,35.2,16.0,12.8,7.14,21.5,558.0,3764.0,64.0,1.55
soybean,Black Soil,Kharif,59.4,27.0,21.6,6.71,30.9,633.2,2708.0,108.0,1.11
maize,Sandy Loam,Kharif,71.5,32.5,26.0,6.54,23.8,791.5,3332.0,130.0,2.06
millets,Loam,Kharif,26.4,12.0,9.6,6.53,28.6,611.9,2888.0,48.0,1.52
maize,Red Soil,Kharif,104.0,47.2,37.8,6.85,27.0,1015.4,3741.0,189.0,3.29
sugarcane,Loam,Kharif,142.5,64.8,51.8,7.33,26.2,1530.3,19096.0,259.0,59.97
millets,Loam,Kharif,42.4,19.2,15.4,6.45,32.5,546.9,2276.0,77.0,1.58
tomato,Loam,Rabi,144.1,65.5,52.4,6.47,22.3,548.7,7754.0,262.0,24.94
tomato,Loam,Kharif,93.0,42.2,33.8,5.91,23.6,840.9,6558.0,169.0,20.82
mustard,Loam,Rabi,77.6,35.2,28.2,6.19,19.8,449.2,2095.0,141.0,1.11
millets,Loam,Kharif,49.0,22.2,17.8,5.94,34.4,406.5,1976.0,89.0,0.97
wheat,Clay Loam,Rabi,64.9,29.5,23.6,6.69,22.6,714.2,3955.0,118.0,2.88
rice,Clay,Kharif,91.3,41.5,33.2,6.5,29.5,1891.1,8665.0,166.0,3.3
maize,Red Soil,Rabi,60.5,27.5,22.0,6.64,25.6,845.7,5115.0,110.0,4.26
sugarcane,Alluvial,Kharif,135.9,61.8,49.4,6.73,29.0,1680.2,22238.0,247.0,77.45
soybean,Clay Loam,Kharif,47.3,21.5,17.2,7.0,27.3,768.9,4034.0,86.0,2.09
tomato,Loam,Zaid,103.4,47.0,37.6,6.41,23.1,683.2,3950.0,188.0,14.34
chickpea,Loam,Rabi,23.7,10.8,8.6,7.67,22.4,502.2,2727.0,43.0,1.27
cotton,Clay Loam,Kharif,82.5,37.5,30.0,7.93,33.3,1080.7,6757.0,150.0,1.73
rice,Clay Loam,Kharif,81.4,37.0,29.6,6.27,26.5,1620.3,14068.0,148.0,3.85
maize,Sandy Loam,Kharif,60.5,27.5,22.0,6.26,21.3,576.8,6370.0,110.0,3.91
tomato,Loam,Rabi,104.5,47.5,38.0,7.14,21.2,601.2,5839.0,190.0,18.49
sugarcane,Loam,Kharif,152.9,69.5,55.6,7.35,28.7,1769.4,15455.0,278.0,57.78
groundnut,Sandy Loam,Kharif,41.2,18.8,15.0,5.67,24.5,605.0,2913.0,75.0,1.04
soybean,Clay Loam,Kharif,55.0,25.0,20.0,7.41,29.0,939.3,3149.0,100.0,1.29
mustard,Loam,Rabi,50.1,22.8,18.2,6.11,21.3,339.5,2092.0,91.0,0.98
rice,Clay Loam,Kharif,64.9,29.5,23.6,6.86,27.9,1875.4,11819.0,118.0,3.3
mustard,Loam,Rabi,52.8,24.0,19.2,6.5,15.4,483.1,3618.0,96.0,1.33
groundnut,Loam,Kharif,59.4,27.0,21.6,6.39,15.5,719.4,3515.0,108.0,1.39
tomato,Loam,Kharif,78.1,35.5,28.4,6.07,24.7,1044.5,4960.0,142.0,17.94
groundnut,Loam,Kharif,62.7,28.5,22.8,6.29,28.2,921.7,4522.0,114.0,2.4
rice,Clay,Kharif,91.9,41.8,33.4,6.93,28.3,1612.7,10366.0,167.0,4.04
tomato,Sandy Loam,Zaid,150.7,68.5,54.8,6.74,25.0,663.8,4738.0,274.0,20.98
tomato,Alluvial,Rabi,95.2,43.2,34.6,6.49,21.8,607.6,5313.0,173.0,18.96
sugarcane,Loam,Kharif,142.5,64.8,51.8,7.21,36.8,1811.4,23209.0,259.0,44.28
groundnut,Loam,Kharif,67.7,30.8,24.6,6.83,24.5,709.2,4341.0,123.0,1.9
rice,Clay Loam,Kharif,129.8,59.0,47.2,6.72,21.4,1609.4,7585.0,236.0,2.0
millets,Sandy Loam,Kharif,29.7,13.5,10.8,7.2,34.3,162.8,3600.0,54.0,1.72
maize,Red Soil,Zaid,104.5,47.5,38.0,5.97,24.6,723.2,5413.0,190.0,4.65
soybean,Black Soil,Kharif,41.2,18.8,15.0,5.81,27.8,815.6,3446.0,75.0,1.6
potato,Sandy Loam,Rabi,135.9,61.8,49.4,6.57,24.9,291.1,6337.0,247.0,14.57
groundnut,Sandy Loam,Kharif,69.3,31.5,25.2,6.96,23.0,695.4,3452.0,126.0,1.58
cotton,Clay Loam,Kharif,53.9,24.5,19.6,7.43,27.2,1002.6,5831.0,98.0,1.43
rice,Clay,Kharif,93.5,42.5,34.0,6.97,29.8,1480.5,8752.0,170.0,3.24
chickpea,Sandy Loam,Rabi,34.7,15.8,12.6,6.8,19.0,535.6,3623.0,63.0,1.31
wheat,Loam,Rabi,97.9,44.5,35.6,6.55,23.2,563.1,5437.0,178.0,3.76
sugarcane,Loam,Kharif,110.0,50.0,40.0,6.99,30.0,1703.2,12579.0,200.0,44.01
rice,Alluvial,Kharif,71.5,32.5,26.0,6.83,26.1,1575.6,12547.0,130.0,3.68
sugarcane,Loam,Rabi,97.4,44.2,35.4,6.73,32.0,1518.4,13371.0,177.0,45.97
tomato,Alluvial,Rabi,90.8,41.2,33.0,6.42,24.3,662.0,5463.0,165.0,22.37
chickpea,Sandy Loam,Rabi,35.2,16.0,12.8,7.04,25.1,728.2,1924.0,64.0,1.04
chickpea,Loam,Rabi,24.8,11.2,9.0,7.21,18.4,429.5,3270.0,45.0,1.31
mustard,Alluvial,Rabi,61.6,28.0,22.4,6.88,19.7,329.3,3550.0,112.0,1.63
chickpea,Loam,Rabi,35.2,16.0,12.8,6.75,26.6,309.0,1761.0,64.0,0.74
millets,Loam,Kharif,25.3,11.5,9.2,5.98,33.4,502.0,3474.0,46.0,1.53
sugarcane,Loam,Kharif,134.8,61.2,49.0,6.87,31.3,1710.7,13272.0,245.0,52.12
rice,Clay,Kharif,111.1,50.5,40.4,6.77,28.1,1762.8,12957.0,202.0,4.47
maize,Red Soil,Zaid,82.5,37.5,30.0,7.22,26.7,682.2,5259.0,150.0,4.7
sugarcane,Alluvial,Rabi,173.8,79.0,63.2,7.67,33.9,1745.7,21020.0,316.0,57.87
soybean,Black Soil,Kharif,38.5,17.5,14.0,6.33,28.1,911.4,4525.0,70.0,2.13
millets,Loam,Kharif,49.0,22.2,17.8,7.16,33.4,326.2,3388.0,89.0,1.83
chickpea,Sandy Loam,Rabi,38.5,17.5,14.0,6.71,21.6,471.0,2283.0,70.0,1.45
wheat,Clay Loam,Rabi,63.8,29.0,23.2,7.22,17.8,639.4,4837.0,116.0,3.18
sugarcane,Loam,Zaid,131.5,59.8,47.8,6.86,25.7,1535.0,21616.0,239.0,62.87
potato,Loam,Rabi,123.8,56.2,45.0,5.87,15.8,387.2,4269.0,225.0,16.09
rice,Alluvial,Kharif,88.6,40.2,32.2,6.83,27.1,1633.2,10185.0,161.0,3.43
wheat,Clay Loam,Rabi,85.8,39.0,31.2,6.97,18.3,560.8,4646.0,156.0,3.16
groundnut,Red Soil,Kharif,67.7,30.8,24.6,6.4,34.0,718.6,2671.0,123.0,1.03
millets,Sandy Loam,Kharif,33.0,15.0,12.0,5.98,31.8,577.7,2674.0,60.0,1.71
potato,Sandy Loam,Rabi,149.6,68.0,54.4,6.4,23.6,716.0,4127.0,272.0,15.52
chickpea,Black Soil,Rabi,32.5,14.8,11.8,6.5,22.6,646.7,2443.0,59.0,1.41
maize,Red Soil,Kharif,58.3,26.5,21.2,7.07,24.7,674.2,7039.0,106.0,3.84
potato,Loam,Rabi,135.3,61.5,49.2,6.22,19.4,851.7,3282.0,246.0,13.05
potato,Sandy Loam,Rabi,159.0,72.2,57.8,6.74,13.2,820.7,4885.0,289.0,16.3
mustard,Sandy Loam,Rabi,69.9,31.8,25.4,7.33,15.5,415.1,2875.0,127.0,1.29
cotton,Black Soil,Kharif,86.9,39.5,31.6,7.16,26.8,868.9,7828.0,158.0,1.88
potato,Sandy Loam,Rabi,144.1,65.5,52.4,6.45,20.9,565.8,3244.0,262.0,11.08
rice,Alluvial,Kharif,98.5,44.8,35.8,6.78,30.6,1752.6,14584.0,179.0,4.06
millets,Loam,Kharif,42.9,19.5,15.6,6.31,29.0,703.3,3094.0,78.0,1.44
cotton,Black Soil,Kharif,63.3,28.8,23.0,8.07,29.4,1088.4,7037.0,115.0,1.7
soybean,Black Soil,Kharif,35.2,16.0,12.8,6.44,25.8,933.9,5452.0,64.0,2.27
maize,Red Soil,Rabi,80.9,36.8,29.4,6.73,22.4,888.7,3807.0,147.0,2.69
cotton,Black Soil,Kharif,51.7,23.5,18.8,6.64,30.0,958.7,8742.0,94.0,1.78
maize,Sandy Loam,Zaid,58.3,26.5,21.2,5.94,26.7,884.5,6635.0,106.0,3.68
millets,Sandy Loam,Kharif,28.1,12.8,10.2,6.83,32.5,360.8,2400.0,51.0,1.37
cotton,Clay Loam,Kharif,64.9,29.5,23.6,7.3,33.7,811.7,9348.0,118.0,1.76
millets,Loam,Kharif,29.2,13.2,10.6,7.04,30.8,632.9,3767.0,53.0,1.83
sugarcane,Alluvial,Rabi,131.5,59.8,47.8,6.4,28.8,1473.4,20542.0,239.0,72.88
potato,Sandy Loam,Rabi,138.1,62.8,50.2,6.03,20.6,539.9,5861.0,251.0,20.38
rice,Alluvial,Kharif,127.6,58.0,46.4,6.79,28.2,1717.6,9414.0,232.0,4.38
mustard,Loam,Rabi,63.3,28.8,23.0,6.69,15.4,425.1,3430.0,115.0,1.47
cotton,Clay Loam,Kharif,59.4,27.0,21.6,7.59,33.3,756.6,4386.0,108.0,0.95
sugarcane,Clay Loam,Zaid,152.9,69.5,55.6,6.55,34.9,1520.2,14576.0,278.0,47.35
rice,Clay,Kharif,129.2,58.8,47.0,6.92,24.8,1711.0,14377.0,235.0,3.59
mustard,Alluvial,Rabi,55.6,25.2,20.2,7.55,20.5,410.8,3125.0,101.0,1.36
rice,Clay Loam,Kharif,96.8,44.0,35.2,6.42,28.9,1900.8,13675.0,176.0,4.66
groundnut,Loam,Kharif,60.0,27.2,21.8,6.65,30.3,824.3,4127.0,109.0,2.11
tomato,Loam,Rabi,119.4,54.2,43.4,6.56,21.3,729.6,5354.0,217.0,21.11
potato,Loam,Rabi,89.1,40.5,32.4,5.69,10.5,625.4,5264.0,162.0,14.53
sugarcane,Clay Loam,Zaid,153.5,69.8,55.8,6.82,25.9,1692.6,22409.0,279.0,62.92
maize,Sandy Loam,Zaid,75.9,34.5,27.6,5.53,26.1,703.3,7030.0,138.0,3.95
millets,Loam,Kharif,49.5,22.5,18.0,7.02,30.7,428.5,2850.0,90.0,1.91
maize,Red Soil,Rabi,104.0,47.2,37.8,6.34,28.7,922.8,6925.0,189.0,4.43
potato,Sandy Loam,Rabi,79.2,36.0,28.8,5.59,22.1,768.5,4390.0,144.0,13.94
rice,Clay Loam,Kharif,64.4,29.2,23.4,5.84,22.9,1904.0,9575.0,117.0,2.32
rice,Clay,Kharif,102.9,46.8,37.4,7.01,25.2,1679.9,13372.0,187.0,3.71
tomato,Loam,Rabi,139.7,63.5,50.8,6.44,27.1,531.4,5513.0,254.0,22.26
rice,Clay Loam,Kharif,82.5,37.5,30.0,5.69,25.0,1928.9,9583.0,150.0,2.82
chickpea,Loam,Rabi,47.9,21.8,17.4,6.97,19.8,423.3,3354.0,87.0,1.73
maize,Alluvial,Zaid,87.5,39.8,31.8,6.02,23.8,708.7,6729.0,159.0,4.22
soybean,Black Soil,Kharif,42.9,19.5,15.6,6.87,26.9,676.7,5295.0,78.0,2.34
potato,Sandy Loam,Rabi,122.1,55.5,44.4,6.02,18.3,624.4,5316.0,222.0,23.17
soybean,Clay Loam,Kharif,53.4,24.2,19.4,6.19,26.2,518.5,3654.0,97.0,1.83
tomato,Loam,Rabi,148.5,67.5,54.0,6.56,19.4,560.1,4178.0,270.0,15.29
rice,Alluvial,Kharif,124.9,56.8,45.4,6.41,26.4,1722.8,14890.0,227.0,4.6
rice,Alluvial,Kharif,104.0,47.2,37.8,6.86,27.4,1869.2,13142.0,189.0,4.24
potato,Sandy Loam,Rabi,124.9,56.8,45.4,5.85,23.3,439.9,4898.0,227.0,17.15
chickpea,Sandy Loam,Rabi,39.6,18.0,14.4,6.97,25.5,659.3,2640.0,72.0,1.52
potato,Loam,Rabi,91.3,41.5,33.2,5.61,14.9,615.5,3412.0,166.0,10.49
wheat,Clay Loam,Rabi,95.2,43.2,34.6,7.24,18.3,599.5,4628.0,173.0,3.06
wheat,Clay Loam,Rabi,97.4,44.2,35.4,6.56,17.6,777.3,4481.0,177.0,3.21
maize,Sandy Loam,Kharif,74.8,34.0,27.2,7.06,21.9,929.2,6418.0,136.0,3.6
soybean,Black Soil,Kharif,54.5,24.8,19.8,7.1,28.4,761.7,3651.0,99.0,1.64
potato,Loam,Rabi,130.9,59.5,47.6,6.25,14.9,632.5,3037.0,238.0,8.92
soybean,Clay Loam,Kharif,34.1,15.5,12.4,6.52,22.9,1051.2,3916.0,62.0,1.83
chickpea,Sandy Loam,Rabi,25.3,11.5,9.2,6.78,18.0,628.3,3267.0,46.0,1.26
cotton,Black Soil,Kharif,52.3,23.8,19.0,7.7,32.6,990.1,6705.0,95.0,1.61
mustard,Loam,Rabi,44.6,20.2,16.2,7.14,16.5,655.9,3492.0,81.0,1.54
rice,Clay Loam,Kharif,84.7,38.5,30.8,6.95,26.7,1732.9,13962.0,154.0,3.71
potato,Sandy Loam,Rabi,143.6,65.2,52.2,5.73,16.6,815.8,4178.0,261.0,17.85
potato,Loam,Rabi,162.8,74.0,59.2,6.36,18.2,564.2,6069.0,296.0,20.34
maize,Alluvial,Kharif,83.6,38.0,30.4,6.94,23.4,1006.1,6921.0,152.0,4.48
soybean,Clay Loam,Kharif,56.7,25.8,20.6,6.11,27.7,710.8,3188.0,103.0,1.56
chickpea,Loam,Rabi,28.6,13.0,10.4,6.84,25.6,355.3,3718.0,52.0,1.32
tomato,Sandy Loam,Zaid,154.0,70.0,56.0,6.27,23.1,642.5,4386.0,280.0,19.87
sugarcane,Alluvial,Kharif,127.6,58.0,46.4,6.61,30.0,1550.8,16333.0,232.0,65.56
sugarcane,Alluvial,Zaid,138.6,63.0,50.4,6.81,25.0,1597.4,18947.0,252.0,57.98
sugarcane,Clay Loam,Rabi,112.2,51.0,40.8,7.09,32.5,1548.2,18769.0,204.0,58.17
chickpea,Black Soil,Rabi,28.6,13.0,10.4,6.95,23.9,374.3,2047.0,52.0,1.09
groundnut,Sandy Loam,Kharif,51.2,23.2,18.6,5.99,29.7,769.2,5269.0,93.0,1.8
maize,Red Soil,Kharif,104.5,47.5,38.0,6.37,28.5,638.3,5549.0,190.0,4.75
tomato,Sandy Loam,Kharif,93.0,42.2,33.8,6.76,25.5,573.9,4450.0,169.0,15.62
cotton,Clay Loam,Kharif,64.9,29.5,23.6,6.47,27.6,1241.9,5892.0,118.0,1.41
wheat,Clay Loam,Rabi,57.8,26.2,21.0,7.43,18.6,506.0,5092.0,105.0,2.75
soybean,Clay Loam,Kharif,31.9,14.5,11.6,6.62,31.1,966.2,2947.0,58.0,1.12
mustard,Sandy Loam,Rabi,45.1,20.5,16.4,6.47,18.7,460.0,3306.0,82.0,1.4
groundnut,Loam,Kharif,56.1,25.5,20.4,6.66,25.6,941.3,2918.0,102.0,1.26
maize,Sandy Loam,Rabi,85.2,38.8,31.0,5.99,28.6,864.2,4553.0,155.0,3.98
wheat,Alluvial,Rabi,78.7,35.8,28.6,6.47,21.1,798.0,3315.0,143.0,2.21
groundnut,Red Soil,Kharif,56.1,25.5,20.4,7.5,31.9,692.5,4399.0,102.0,1.7
chickpea,Black Soil,Rabi,23.7,10.8,8.6,7.23,24.8,703.4,2790.0,43.0,1.29
chickpea,Loam,Rabi,42.4,19.2,15.4,7.08,21.2,467.3,3734.0,77.0,1.69
sugarcane,Loam,Kharif,95.7,43.5,34.8,6.81,29.7,1748.0,19026.0,174.0,69.47
chickpea,Black Soil,Rabi,38.0,17.2,13.8,6.75,23.2,707.3,1837.0,69.0,0.9
groundnut,Sandy Loam,Kharif,62.7,28.5,22.8,6.51,21.9,443.2,2988.0,114.0,1.34
sugarcane,Clay Loam,Rabi,110.0,50.0,40.0,6.8,30.6,1467.3,16542.0,200.0,63.56
soybean,Loam,Kharif,53.9,24.5,19.6,6.06,28.9,795.9,5795.0,98.0,2.4
wheat,Clay Loam,Rabi,58.9,26.8,21.4,6.95,18.7,708.5,5702.0,107.0,3.21
tomato,Sandy Loam,Kharif,145.2,66.0,52.8,6.83,26.2,473.8,7039.0,264.0,22.85
millets,Red Soil,Kharif,40.2,18.2,14.6,5.63,30.2,458.0,3042.0,73.0,1.48
maize,Alluvial,Kharif,108.4,49.2,39.4,6.04,26.9,823.6,4772.0,197.0,4.43
potato,Loam,Rabi,115.0,52.2,41.8,5.28,17.4,729.6,3750.0,209.0,13.0
soybean,Black Soil,Kharif,60.0,27.2,21.8,7.23,28.2,698.5,4449.0,109.0,2.1
chickpea,Sandy Loam,Rabi,36.9,16.8,13.4,6.97,21.2,397.1,2179.0,67.0,1.26
soybean,Black Soil,Kharif,62.7,28.5,22.8,6.34,29.6,759.6,3136.0,114.0,1.44
wheat,Alluvial,Rabi,107.8,49.0,39.2,6.94,19.3,657.2,3508.0,196.0,2.8
sugarcane,Clay Loam,Zaid,192.0,87.2,69.8,6.77,32.1,1642.0,16564.0,349.0,76.44
millets,Loam,Kharif,39.1,17.8,14.2,6.78,29.8,294.5,2362.0,71.0,1.6
soybean,Black Soil,Kharif,33.6,15.2,12.2,6.68,27.8,666.4,5421.0,61.0,2.17
sugarcane,Alluvial,Kharif,133.7,60.8,48.6,6.8,25.4,1798.4,12049.0,243.0,40.76
potato,Loam,Rabi,151.2,68.8,55.0,6.07,16.0,554.7,4824.0,275.0,20.8
cotton,Black Soil,Kharif,58.9,26.8,21.4,6.96,32.3,722.2,8748.0,107.0,1.77
sugarcane,Clay Loam,Kharif,140.2,63.8,51.0,5.59,33.2,1877.0,18114.0,255.0,46.82
tomato,Sandy Loam,Kharif,148.5,67.5,54.0,7.22,25.1,806.3,5724.0,270.0,20.97
tomato,Sandy Loam,Kharif,96.3,43.8,35.0,6.32,22.4,476.2,6625.0,175.0,21.14
groundnut,Sandy Loam,Kharif,63.8,29.0,23.2,6.27,29.5,698.0,5270.0,116.0,2.11
groundnut,Sandy Loam,Kharif,40.2,18.2,14.6,6.71,29.7,496.8,2787.0,73.0,1.13
maize,Red Soil,Zaid,97.4,44.2,35.4,6.32,26.5,636.1,6519.0,177.0,4.8
soybean,Clay Loam,Kharif,34.1,15.5,12.4,7.26,25.9,957.8,4840.0,62.0,1.87
chickpea,Black Soil,Rabi,25.3,11.5,9.2,7.44,20.7,507.3,3058.0,46.0,1.41
millets,Loam,Kharif,36.3,16.5,13.2,7.0,35.9,442.5,3096.0,66.0,1.52
maize,Alluvial,Zaid,71.5,32.5,26.0,7.06,32.1,590.8,4446.0,130.0,2.75
potato,Loam,Rabi,90.8,41.2,33.0,6.01,18.5,545.9,4118.0,165.0,17.25
cotton,Clay Loam,Kharif,60.5,27.5,22.0,7.6,30.9,845.9,6142.0,110.0,1.75
millets,Red Soil,Kharif,35.8,16.2,13.0,6.87,29.9,563.2,2798.0,65.0,1.76
groundnut,Red Soil,Kharif,62.2,28.2,22.6,6.78,29.6,540.9,4051.0,113.0,1.92
millets,Sandy Loam,Kharif,50.1,22.8,18.2,7.21,34.7,546.4,2808.0,91.0,1.88
mustard,Loam,Rabi,52.3,23.8,19.0,6.89,22.5,372.7,1890.0,95.0,0.8
groundnut,Sandy Loam,Kharif,48.4,22.0,17.6,6.36,26.4,614.4,4458.0,88.0,2.09
millets,Loam,Kharif,25.3,11.5,9.2,6.49,29.5,502.9,1872.0,46.0,0.81
millets,Loam,Kharif,49.5,22.5,18.0,6.58,27.3,276.1,3265.0,90.0,1.78
mustard,Alluvial,Rabi,42.9,19.5,15.6,6.97,15.4,309.9,2550.0,78.0,1.35
soybean,Loam,Kharif,31.4,14.2,11.4,6.41,26.3,688.3,3187.0,57.0,1.44
millets,Red Soil,Kharif,30.3,13.8,11.0,6.51,33.3,410.9,3016.0,55.0,1.9
millets,Loam,Kharif,37.4,17.0,13.6,6.55,31.8,381.4,3686.0,68.0,1.95
rice,Clay Loam,Kharif,116.1,52.8,42.2,6.43,25.4,1583.9,11664.0,211.0,4.07
rice,Alluvial,Kharif,124.9,56.8,45.4,6.37,28.3,1643.6,9606.0,227.0,3.74
maize,Sandy Loam,Kharif,88.0,40.0,32.0,6.45,26.1,690.5,4472.0,160.0,4.6
sugarcane,Alluvial,Kharif,173.8,79.0,63.2,7.36,30.3,1502.3,23270.0,316.0,73.01
groundnut,Red Soil,Kharif,70.4,32.0,25.6,6.81,27.3,883.9,5105.0,128.0,2.01
cotton,Loam,Kharif,82.0,37.2,29.8,7.89,32.9,973.3,6037.0,149.0,1.57
potato,Loam,Rabi,134.2,61.0,48.8,5.84,20.3,660.8,4933.0,244.0,21.74
sugarcane,Loam,Zaid,116.6,53.0,42.4,7.06,31.7,1575.2,20712.0,212.0,63.82
rice,Clay,Kharif,69.3,31.5,25.2,5.97,31.2,1918.6,9230.0,126.0,2.8
groundnut,Loam,Kharif,52.8,24.0,19.2,6.43,26.8,688.6,3339.0,96.0,1.6
soybean,Black Soil,Kharif,52.3,23.8,19.0,7.49,29.0,726.8,3177.0,95.0,1.29
cotton,Loam,Kharif,58.9,26.8,21.4,7.74,26.9,917.7,8036.0,107.0,1.63
tomato,Alluvial,Zaid,135.3,61.5,49.2,7.45,24.2,832.4,5640.0,246.0,21.34
rice,Alluvial,Kharif,88.0,40.0,32.0,5.7,30.6,1435.6,10018.0,160.0,2.98
mustard,Sandy Loam,Rabi,76.5,34.8,27.8,6.49,20.3,273.9,1729.0,139.0,0.87
potato,Sandy Loam,Rabi,98.5,44.8,35.8,5.45,19.5,491.9,6287.0,179.0,17.9
tomato,Alluvial,Rabi,92.4,42.0,33.6,6.65,21.5,678.9,6225.0,168.0,22.12
groundnut,Sandy Loam,Kharif,46.8,21.2,17.0,6.78,26.6,926.0,5220.0,85.0,1.99
wheat,Alluvial,Rabi,56.7,25.8,20.6,6.3,19.0,448.2,5828.0,103.0,2.87
maize,Sandy Loam,Rabi,84.7,38.5,30.8,6.4,21.9,802.8,6717.0,154.0,4.34
chickpea,Loam,Rabi,44.6,20.2,16.2,6.62,22.9,545.3,2242.0,81.0,1.17
rice,Alluvial,Kharif,83.6,38.0,30.4,7.39,31.9,1344.9,13230.0,152.0,3.02
sugarcane,Clay Loam,Rabi,110.0,50.0,40.0,6.3,31.5,1758.2,13143.0,200.0,42.22
millets,Sandy Loam,Kharif,33.6,15.2,12.2,7.16,34.0,446.4,2630.0,61.0,1.63
mustard,Alluvial,Rabi,64.9,29.5,23.6,6.58,19.5,576.3,3030.0,118.0,1.7
chickpea,Sandy Loam,Rabi,24.8,11.2,9.0,7.07,21.4,251.0,2585.0,45.0,1.41
wheat,Clay Loam,Rabi,63.3,28.8,23.0,7.49,21.7,745.4,3609.0,115.0,2.2
maize,Loam,Rabi,76.5,34.8,27.8,6.22,24.8,811.3,5394.0,139.0,4.93
soybean,Loam,Kharif,44.6,20.2,16.2,6.22,22.9,705.5,4715.0,81.0,1.89
cotton,Clay Loam,Kharif,85.8,39.0,31.2,7.46,26.7,791.4,8066.0,156.0,1.75
wheat,Clay Loam,Rabi,81.4,37.0,29.6,7.17,17.7,790.1,3548.0,148.0,2.41
maize,Alluvial,Zaid,77.0,35.0,28.0,5.77,23.3,680.4,7040.0,140.0,3.72
groundnut,Loam,Kharif,68.2,31.0,24.8,7.28,28.9,794.9,4067.0,124.0,2.01
chickpea,Sandy Loam,Rabi,25.9,11.8,9.4,7.95,26.0,604.4,2491.0,47.0,1.04
sugarcane,Alluvial,Kharif,128.7,58.5,46.8,6.52,26.0,1650.3,19045.0,234.0,54.49
millets,Red Soil,Kharif,25.9,11.8,9.4,5.99,32.7,400.5,2807.0,47.0,1.46
soybean,Clay Loam,Kharif,62.2,28.2,22.6,6.65,25.0,826.0,5010.0,113.0,2.41
potato,Sandy Loam,Rabi,159.0,72.2,57.8,5.78,19.1,659.7,5048.0,289.0,21.65
rice,Alluvial,Kharif,124.9,56.8,45.4,6.22,23.6,1553.1,8260.0,227.0,2.64
mustard,Loam,Rabi,44.0,20.0,16.0,6.9,16.2,551.2,2883.0,80.0,1.42
chickpea,Sandy Loam,Rabi,28.1,12.8,10.2,6.9,22.4,482.9,1947.0,51.0,1.12
tomato,Alluvial,Kharif,79.8,36.2,29.0,6.77,24.3,405.0,5636.0,145.0,20.48
maize,Loam,Kharif,111.7,50.8,40.6,6.3,23.6,717.4,3355.0,203.0,2.73
potato,Loam,Rabi,94.6,43.0,34.4,6.49,17.6,609.4,4137.0,172.0,15.33
mustard,Sandy Loam,Rabi,66.6,30.2,24.2,6.93,19.3,321.5,3253.0,121.0,1.68
soybean,Clay Loam,Kharif,52.8,24.0,19.2,7.03,31.6,896.2,5606.0,96.0,2.16
cotton,Black Soil,Kharif,61.6,28.0,22.4,7.5,32.8,847.0,7810.0,112.0,1.69
millets,Sandy Loam,Kharif,49.0,22.2,17.8,6.72,33.6,324.4,3118.0,89.0,2.05
millets,Loam,Kharif,31.4,14.2,11.4,6.39,25.1,438.0,3280.0,57.0,1.45
mustard,Alluvial,Rabi,66.6,30.2,24.2,6.77,16.6,496.4,2552.0,121.0,1.42
sugarcane,Clay Loam,Zaid,113.9,51.8,41.4,7.04,27.0,1712.3,14642.0,207.0,48.1
cotton,Loam,Kharif,66.0,30.0,24.0,7.03,28.5,908.6,6638.0,120.0,2.04
tomato,Loam,Kharif,154.6,70.2,56.2,6.29,20.8,684.9,4431.0,281.0,16.51
wheat,Loam,Rabi,57.2,26.0,20.8,6.44,22.2,651.5,2954.0,104.0,1.58
cotton,Clay Loam,Kharif,93.0,42.2,33.8,7.36,29.4,1100.2,6311.0,169.0,1.95
potato,Loam,Rabi,116.6,53.0,42.4,5.2,16.8,518.5,5382.0,212.0,18.75
cotton,Loam,Kharif,85.8,39.0,31.2,7.29,28.3,967.9,5555.0,156.0,1.61
maize,Red Soil,Kharif,94.6,43.0,34.4,6.87,31.0,824.4,6723.0,172.0,4.07
tomato,Loam,Zaid,122.7,55.8,44.6,6.41,23.9,690.8,3659.0,223.0,13.92
tomato,Sandy Loam,Kharif,143.6,65.2,52.2,6.59,23.1,678.1,6143.0,261.0,22.77
soybean,Loam,Kharif,48.4,22.0,17.6,6.07,24.6,693.4,5390.0,88.0,2.08
chickpea,Black Soil,Rabi,39.6,18.0,14.4,6.38,26.4,303.0,3657.0,72.0,1.52
tomato,Loam,Kharif,98.5,44.8,35.8,6.58,23.4,735.4,6896.0,179.0,24.82
maize,Sandy Loam,Kharif,111.1,50.5,40.4,6.58,28.4,817.9,6267.0,202.0,5.01
cotton,Black Soil,Kharif,70.4,32.0,25.6,7.63,27.1,834.2,7451.0,128.0,1.97
cotton,Black Soil,Kharif,76.5,34.8,27.8,7.21,26.0,834.9,8709.0,139.0,1.73
maize,Loam,Kharif,77.0,35.0,28.0,6.93,26.5,813.7,5975.0,140.0,4.57
groundnut,Red Soil,Kharif,63.8,29.0,23.2,6.61,31.5,583.2,2997.0,116.0,1.47
wheat,Clay Loam,Rabi,73.7,33.5,26.8,6.82,23.4,580.4,3705.0,134.0,2.74
chickpea,Black Soil,Rabi,47.9,21.8,17.4,6.16,25.5,482.5,3234.0,87.0,1.37
tomato,Sandy Loam,Kharif,110.6,50.2,40.2,7.01,22.2,589.5,4626.0,201.0,17.63
groundnut,Loam,Kharif,44.0,20.0,16.0,6.81,27.6,616.9,4220.0,80.0,2.0
rice,Clay,Kharif,85.8,39.0,31.2,6.87,27.5,1473.6,7404.0,156.0,2.56
wheat,Clay Loam,Rabi,62.7,28.5,22.8,7.09,20.4,491.5,4765.0,114.0,3.23
mustard,Sandy Loam,Rabi,64.4,29.2,23.4,6.84,23.2,350.5,2688.0,117.0,1.26
maize,Alluvial,Kharif,79.8,36.2,29.0,6.66,21.5,596.7,6699.0,145.0,3.99
millets,Sandy Loam,Kharif,45.7,20.8,16.6,6.45,32.0,345.8,2010.0,83.0,1.22
rice,Clay Loam,Kharif,113.3,51.5,41.2,6.24,25.6,1930.1,12535.0,206.0,3.78
chickpea,Loam,Rabi,45.1,20.5,16.4,6.63,20.7,367.7,1804.0,82.0,0.9
maize,Loam,Zaid,105.6,48.0,38.4,6.21,26.5,776.7,5867.0,192.0,5.05
sugarcane,Alluvial,Zaid,106.7,48.5,38.8,6.67,35.2,1593.5,14140.0,194.0,41.94
wheat,Clay Loam,Rabi,89.7,40.8,32.6,6.25,17.9,751.0,3644.0,163.0,2.38
cotton,Clay Loam,Kharif,91.9,41.8,33.4,7.11,27.1,957.8,5767.0,167.0,1.74
groundnut,Loam,Kharif,63.8,29.0,23.2,6.37,29.2,611.1,2897.0,116.0,1.38
cotton,Loam,Kharif,86.9,39.5,31.6,6.78,25.1,963.1,5734.0,158.0,1.4
soybean,Black Soil,Kharif,39.1,17.8,14.2,7.24,25.0,553.8,4524.0,71.0,2.01
soybean,Black Soil,Kharif,39.6,18.0,14.4,6.93,28.2,806.0,4925.0,72.0,2.23
soybean,Black Soil,Kharif,54.5,24.8,19.8,6.7,26.8,776.9,2715.0,99.0,1.25
millets,Sandy Loam,Kharif,44.6,20.2,16.2,6.53,33.1,182.7,1978.0,81.0,1.16
tomato,Loam,Kharif,90.8,41.2,33.0,7.44,25.2,397.8,4208.0,165.0,12.49
chickpea,Black Soil,Rabi,23.7,10.8,8.6,7.01,19.0,378.1,2775.0,43.0,1.3
sugarcane,Alluvial,Kharif,176.0,80.0,64.0,6.73,32.5,1581.9,19451.0,320.0,66.74
soybean,Loam,Kharif,44.0,20.0,16.0,6.62,25.2,874.3,3155.0,80.0,1.56
rice,Clay Loam,Kharif,97.4,44.2,35.4,6.52,26.8,1717.3,12784.0,177.0,4.11
maize,Alluvial,Kharif,106.2,48.2,38.6,6.3,22.5,668.8,3853.0,193.0,3.18
millets,Loam,Kharif,33.0,15.0,12.0,6.41,33.5,426.4,2665.0,60.0,1.55
sugarcane,Loam,Kharif,165.6,75.2,60.2,6.37,31.1,1557.2,15010.0,301.0,56.8
wheat,Loam,Rabi,105.6,48.0,38.4,6.87,15.9,561.9,5285.0,192.0,3.3
sugarcane,Alluvial,Rabi,119.4,54.2,43.4,7.22,30.4,1684.1,21365.0,217.0,70.46
tomato,Loam,Zaid,117.2,53.2,42.6,5.91,26.7,637.1,5219.0,213.0,17.76
cotton,Loam,Kharif,75.9,34.5,27.6,8.12,33.0,890.4,5875.0,138.0,1.31
groundnut,Sandy Loam,Kharif,68.8,31.2,25.0,7.54,30.3,832.0,4103.0,125.0,1.51
potato,Sandy Loam,Rabi,113.3,51.5,41.2,5.44,19.5,360.6,5485.0,206.0,17.7
potato,Loam,Rabi,140.8,64.0,51.2,6.25,20.2,593.7,5100.0,256.0,19.53
potato,Sandy Loam,Rabi,85.8,39.0,31.2,6.05,24.5,534.7,3944.0,156.0,13.93
chickpea,Black Soil,Rabi,40.2,18.2,14.6,7.47,26.7,493.2,3234.0,73.0,1.51
wheat,Clay Loam,Rabi,107.3,48.8,39.0,6.85,22.1,726.0,3070.0,195.0,2.08
groundnut,Red Soil,Kharif,41.2,18.8,15.0,5.96,24.9,722.6,2723.0,75.0,1.03
potato,Sandy Loam,Rabi,90.2,41.0,32.8,5.78,21.0,784.1,5301.0,164.0,17.86
sugarcane,Clay Loam,Rabi,190.9,86.8,69.4,6.6,29.2,1654.4,23050.0,347.0,82.66
tomato,Loam,Rabi,113.9,51.8,41.4,6.96,24.2,643.3,6122.0,207.0,21.94
soybean,Loam,Kharif,38.0,17.2,13.8,6.86,37.5,995.1,4726.0,69.0,1.73
maize,Alluvial,Kharif,116.6,53.0,42.4,6.63,28.2,1094.8,5060.0,212.0,4.68
maize,Loam,Zaid,81.4,37.0,29.6,6.61,26.6,734.6,6610.0,148.0,5.1
mustard,Loam,Rabi,63.3,28.8,23.0,7.35,20.8,456.0,3327.0,115.0,1.29
sugarcane,Loam,Kharif,102.3,46.5,37.2,7.18,34.3,1552.2,13273.0,186.0,36.84
maize,Loam,Kharif,117.7,53.5,42.8,6.53,21.9,806.9,3772.0,214.0,2.69
groundnut,Red Soil,Kharif,49.0,22.2,17.8,6.85,33.8,882.1,2786.0,89.0,1.0
groundnut,Red Soil,Kharif,57.8,26.2,21.0,6.11,27.2,818.1,4474.0,105.0,2.09
soybean,Black Soil,Kharif,47.3,21.5,17.2,6.42,29.1,812.2,5697.0,86.0,2.06
cotton,Loam,Kharif,59.4,27.0,21.6,7.87,29.8,825.4,5879.0,108.0,1.44
millets,Sandy Loam,Kharif,46.8,21.2,17.0,5.71,30.6,403.0,3520.0,85.0,1.67
cotton,Clay Loam,Kharif,101.2,46.0,36.8,6.89,31.5,822.4,5491.0,184.0,1.87
wheat,Alluvial,Rabi,72.1,32.8,26.2,7.38,25.4,621.4,5536.0,131.0,2.4
tomato,Alluvial,Kharif,122.1,55.5,44.4,6.92,21.6,522.0,4772.0,222.0,15.97
mustard,Alluvial,Rabi,64.9,29.5,23.6,7.05,19.2,365.0,2610.0,118.0,1.47
groundnut,Sandy Loam,Kharif,35.8,16.2,13.0,6.86,27.5,866.0,3692.0,65.0,1.76
groundnut,Loam,Kharif,51.7,23.5,18.8,6.49,28.3,707.4,4737.0,94.0,2.31
groundnut,Red Soil,Kharif,34.7,15.8,12.6,6.3,26.0,858.9,2971.0,63.0,1.27
chickpea,Loam,Rabi,37.4,17.0,13.6,7.23,24.6,420.0,1818.0,68.0,0.93
millets,Red Soil,Kharif,45.7,20.8,16.6,6.97,33.6,361.1,2388.0,83.0,1.78
sugarcane,Clay Loam,Rabi,132.0,60.0,48.0,6.56,29.5,1655.1,15126.0,240.0,67.35
tomato,Loam,Kharif,124.9,56.8,45.4,6.36,23.8,768.3,5680.0,227.0,22.21
sugarcane,Alluvial,Kharif,132.6,60.2,48.2,6.66,35.0,1600.2,11467.0,241.0,33.28
wheat,Loam,Rabi,99.0,45.0,36.0,6.59,23.7,608.9,2974.0,180.0,1.6
wheat,Clay Loam,Rabi,78.7,35.8,28.6,7.11,20.1,503.5,5775.0,143.0,3.65
rice,Clay Loam,Kharif,68.2,31.0,24.8,6.78,27.2,1795.1,13340.0,124.0,3.49
maize,Loam,Kharif,99.6,45.2,36.2,6.36,25.0,683.0,3831.0,181.0,3.26
sugarcane,Loam,Kharif,155.1,70.5,56.4,6.03,27.1,1877.4,14321.0,282.0,47.32
mustard,Alluvial,Rabi,64.9,29.5,23.6,6.95,16.2,150.0,3452.0,118.0,1.74
millets,Red Soil,Kharif,44.6,20.2,16.2,6.66,31.6,373.9,2368.0,81.0,1.71
maize,Sandy Loam,Zaid,99.0,45.0,36.0,6.34,24.7,805.4,4520.0,180.0,4.47
maize,Red Soil,Zaid,115.5,52.5,42.0,7.04,27.0,802.9,5805.0,210.0,4.44
millets,Loam,Kharif,46.2,21.0,16.8,6.58,32.3,365.8,3532.0,84.0,2.03
tomato,Sandy Loam,Rabi,85.2,38.8,31.0,7.14,22.2,390.8,5718.0,155.0,18.9
rice,Alluvial,Kharif,127.6,58.0,46.4,5.98,24.1,1536.9,7955.0,232.0,2.41
groundnut,Red Soil,Kharif,47.9,21.8,17.4,6.31,28.7,627.5,4110.0,87.0,2.23
tomato,Sandy Loam,Zaid,140.8,64.0,51.2,7.0,22.6,667.4,5554.0,256.0,20.61
rice,Clay Loam,Kharif,64.4,29.2,23.4,6.5,24.1,1781.7,9782.0,117.0,2.86
sugarcane,Clay Loam,Zaid,101.8,46.2,37.0,7.22,27.1,1638.7,17615.0,185.0,61.61
cotton,Black Soil,Kharif,69.9,31.8,25.4,6.66,35.3,1013.2,7006.0,127.0,1.51
cotton,Loam,Kharif,67.7,30.8,24.6,7.07,27.6,977.8,5247.0,123.0,1.35
wheat,Clay Loam,Rabi,66.0,30.0,24.0,7.56,16.6,754.5,4629.0,120.0,2.61
tomato,Sandy Loam,Kharif,129.8,59.0,47.2,6.9,26.1,726.3,5108.0,236.0,19.6
sugarcane,Clay Loam,Zaid,107.8,49.0,39.2,6.52,31.9,1606.7,21083.0,196.0,58.68
millets,Loam,Kharif,45.7,20.8,16.6,6.08,35.1,517.2,1972.0,83.0,1.05
maize,Alluvial,Zaid,61.6,28.0,22.4,6.58,25.7,789.8,6036.0,112.0,4.15
cotton,Clay Loam,Kharif,77.6,35.2,28.2,7.38,25.4,766.8,7883.0,141.0,1.7
soybean,Loam,Kharif,53.9,24.5,19.6,6.63,24.6,1050.6,3840.0,98.0,2.07
cotton,Loam,Kharif,80.3,36.5,29.2,6.99,27.9,870.9,9061.0,146.0,2.01
mustard,Sandy Loam,Rabi,66.0,30.0,24.0,7.23,22.0,409.2,3437.0,120.0,1.47
maize,Loam,Kharif,60.0,27.2,21.8,6.04,27.5,695.3,3680.0,109.0,2.48
potato,Loam,Rabi,108.4,49.2,39.4,6.09,23.0,642.7,5862.0,197.0,18.13
tomato,Loam,Zaid,86.9,39.5,31.6,6.53,21.5,781.2,5741.0,158.0,18.78
cotton,Black Soil,Kharif,99.6,45.2,36.2,7.35,32.5,834.4,6157.0,181.0,1.96
chickpea,Loam,Rabi,33.0,15.0,12.0,7.2,27.6,425.4,3039.0,60.0,1.28
sugarcane,Loam,Rabi,177.7,80.8,64.6,7.9,32.4,1490.9,15521.0,323.0,54.16
mustard,Loam,Rabi,48.4,22.0,17.6,6.74,22.5,383.4,3196.0,88.0,1.25
mustard,Sandy Loam,Rabi,46.2,21.0,16.8,7.48,16.2,183.0,2591.0,84.0,1.31
rice,Clay Loam,Kharif,106.2,48.2,38.6,6.9,29.2,1547.4,13216.0,193.0,4.05
cotton,Loam,Kharif,60.0,27.2,21.8,7.3,32.0,922.2,8828.0,109.0,1.83
tomato,Loam,Rabi,119.4,54.2,43.4,6.4,27.7,699.4,4864.0,217.0,17.82
sugarcane,Alluvial,Kharif,95.2,43.2,34.6,6.47,33.1,1555.4,11432.0,173.0,31.07
maize,Alluvial,Rabi,63.8,29.0,23.2,6.9,24.6,938.6,4066.0,116.0,3.43
cotton,Black Soil,Kharif,63.3,28.8,23.0,7.54,35.4,985.4,8149.0,115.0,1.55
millets,Red Soil,Kharif,31.9,14.5,11.6,6.45,37.6,392.0,3349.0,58.0,1.53
rice,Clay,Kharif,89.7,40.8,32.6,5.57,32.0,1795.0,11272.0,163.0,2.76
rice,Alluvial,Kharif,107.3,48.8,39.0,6.41,28.4,1768.0,10921.0,195.0,4.26
groundnut,Loam,Kharif,68.8,31.2,25.0,6.15,27.9,887.2,4565.0,125.0,2.27
wheat,Alluvial,Rabi,92.4,42.0,33.6,6.71,22.6,569.9,5597.0,168.0,3.42
maize,Sandy Loam,Kharif,110.0,50.0,40.0,6.6,23.1,907.4,5935.0,200.0,4.64
wheat,Alluvial,Rabi,71.5,32.5,26.0,6.96,17.0,510.0,4366.0,130.0,2.89
soybean,Black Soil,Kharif,57.2,26.0,20.8,6.64,26.4,878.0,3142.0,104.0,1.65
rice,Clay,Kharif,119.9,54.5,43.6,7.18,25.9,1675.9,12420.0,218.0,3.78
millets,Loam,Kharif,30.8,14.0,11.2,7.23,32.9,551.8,3565.0,56.0,1.9
rice,Alluvial,Kharif,65.5,29.8,23.8,6.38,30.3,2019.8,12958.0,119.0,3.6
groundnut,Sandy Loam,Kharif,55.0,25.0,20.0,6.43,24.5,622.9,3909.0,100.0,2.0
sugarcane,Clay Loam,Kharif,106.7,48.5,38.8,6.77,28.2,1741.2,21669.0,194.0,60.12
wheat,Alluvial,Rabi,93.0,42.2,33.8,6.67,16.4,639.6,6082.0,169.0,3.2
millets,Red Soil,Kharif,25.3,11.5,9.2,6.68,33.1,354.0,2327.0,46.0,1.31
soybean,Loam,Kharif,40.7,18.5,14.8,6.97,23.0,685.4,3408.0,74.0,1.44
rice,Clay,Kharif,106.2,48.2,38.6,7.05,27.3,1641.4,8863.0,193.0,3.08
wheat,Alluvial,Rabi,84.7,38.5,30.8,7.33,22.9,562.4,3824.0,154.0,2.66
groundnut,Sandy Loam,Kharif,46.2,21.0,16.8,7.06,29.5,759.2,3974.0,84.0,1.67
millets,Red Soil,Kharif,30.3,13.8,11.0,6.92,32.6,671.1,3151.0,55.0,1.92
millets,Loam,Kharif,30.3,13.8,11.0,6.89,39.2,580.5,3532.0,55.0,1.47
maize,Loam,Rabi,63.8,29.0,23.2,6.66,31.3,691.5,3923.0,116.0,2.58
soybean,Clay Loam,Kharif,57.8,26.2,21.0,6.36,27.5,915.8,5427.0,105.0,2.1
cotton,Black Soil,Kharif,78.1,35.5,28.4,7.08,30.9,1048.5,4889.0,142.0,1.39
maize,Loam,Rabi,72.1,32.8,26.2,6.53,25.1,947.6,4528.0,131.0,4.48
mustard,Alluvial,Rabi,67.7,30.8,24.6,6.46,16.4,422.2,3214.0,123.0,1.6
groundnut,Loam,Kharif,46.2,21.0,16.8,6.21,25.2,564.0,3163.0,84.0,1.46
maize,Loam,Rabi,82.0,37.2,29.8,6.36,27.3,855.1,6583.0,149.0,4.66
wheat,Alluvial,Rabi,60.5,27.5,22.0,7.3,16.6,529.6,5818.0,110.0,2.9
mustard,Alluvial,Rabi,69.9,31.8,25.4,7.15,18.3,396.3,2311.0,127.0,1.4
tomato,Alluvial,Zaid,106.2,48.2,38.6,6.77,20.4,595.1,5708.0,193.0,21.29
groundnut,Loam,Kharif,66.0,30.0,24.0,7.23,30.7,814.5,5026.0,120.0,1.93
rice,Clay Loam,Kharif,71.0,32.2,25.8,6.42,33.1,1494.0,7008.0,129.0,1.65
rice,Clay,Kharif,96.3,43.8,35.0,7.12,23.3,1786.5,14148.0,175.0,3.34
chickpea,Sandy Loam,Rabi,39.1,17.8,14.2,7.62,26.1,556.1,3616.0,71.0,1.46
potato,Loam,Rabi,106.2,48.2,38.6,5.78,24.0,598.8,4521.0,193.0,15.55
tomato,Alluvial,Zaid,122.1,55.5,44.4,5.87,21.5,694.8,6216.0,222.0,18.33
tomato,Sandy Loam,Zaid,77.0,35.0,28.0,6.66,23.1,612.9,6614.0,140.0,21.72
potato,Loam,Rabi,118.3,53.8,43.0,6.12,20.2,653.4,6479.0,215.0,20.65
cotton,Loam,Kharif,57.2,26.0,20.8,7.39,30.1,778.2,5211.0,104.0,1.6
mustard,Loam,Rabi,64.4,29.2,23.4,6.81,16.4,452.8,1877.0,117.0,1.01
potato,Loam,Rabi,104.5,47.5,38.0,6.06,21.4,712.3,5413.0,190.0,19.13
groundnut,Sandy Loam,Kharif,57.8,26.2,21.0,6.27,26.6,616.0,4276.0,105.0,2.28
cotton,Black Soil,Kharif,93.5,42.5,34.0,7.5,29.7,939.7,4500.0,170.0,1.26
potato,Loam,Rabi,149.6,68.0,54.4,6.4,23.1,540.6,3249.0,272.0,10.28
potato,Loam,Rabi,115.0,52.2,41.8,4.95,19.5,461.9,4760.0,209.0,14.54
sugarcane,Clay Loam,Rabi,98.5,44.8,35.8,6.81,30.7,1745.8,11778.0,179.0,41.32
rice,Alluvial,Kharif,79.2,36.0,28.8,6.59,31.1,1522.6,8169.0,144.0,2.46
soybean,Loam,Kharif,55.0,25.0,20.0,6.66,24.5,684.3,3748.0,100.0,2.06
groundnut,Red Soil,Kharif,59.4,27.0,21.6,5.08,26.6,791.1,4220.0,108.0,1.71
sugarcane,Clay Loam,Kharif,193.1,87.8,70.2,6.24,29.8,1615.0,22392.0,351.0,69.36
tomato,Sandy Loam,Zaid,127.6,58.0,46.4,7.02,24.7,620.6,5647.0,232.0,21.12
wheat,Clay Loam,Rabi,100.7,45.8,36.6,6.46,18.4,328.7,4765.0,183.0,3.38
groundnut,Sandy Loam,Kharif,60.5,27.5,22.0,6.86,31.9,504.5,3352.0,110.0,1.58
soybean,Loam,Kharif,56.7,25.8,20.6,6.48,29.4,720.8,5499.0,103.0,2.29
tomato,Sandy Loam,Zaid,138.6,63.0,50.4,6.17,23.6,568.1,7486.0,252.0,23.88
wheat,Alluvial,Rabi,82.5,37.5,30.0,7.48,18.8,785.9,4110.0,150.0,2.82
millets,Red Soil,Kharif,36.9,16.8,13.4,6.33,38.3,396.0,1936.0,67.0,0.85
potato,Loam,Rabi,156.8,71.2,57.0,6.54,13.4,624.5,3926.0,285.0,13.4
chickpea,Sandy Loam,Rabi,30.3,13.8,11.0,6.86,22.0,484.8,2250.0,55.0,1.29
cotton,Black Soil,Kharif,55.6,25.2,20.2,6.85,27.1,916.8,6448.0,101.0,1.75
mustard,Sandy Loam,Rabi,40.7,18.5,14.8,6.3,19.2,514.7,2062.0,74.0,1.05
millets,Sandy Loam,Kharif,50.1,22.8,18.2,6.53,31.1,486.0,3735.0,91.0,2.25
wheat,Alluvial,Rabi,59.4,27.0,21.6,7.07,14.6,731.5,6206.0,108.0,2.81
sugarcane,Loam,Kharif,162.2,73.8,59.0,6.7,31.0,1776.5,21764.0,295.0,70.19
maize,Sandy Loam,Kharif,70.4,32.0,25.6,6.76,27.8,810.9,5989.0,128.0,4.44
mustard,Sandy Loam,Rabi,75.4,34.2,27.4,6.75,18.6,310.5,2901.0,137.0,1.92
potato,Sandy Loam,Rabi,144.1,65.5,52.4,5.95,22.7,469.6,3508.0,262.0,15.17
millets,Red Soil,Kharif,44.6,20.2,16.2,5.71,31.0,555.4,2112.0,81.0,1.14
chickpea,Sandy Loam,Rabi,44.6,20.2,16.2,6.64,20.2,642.8,2254.0,81.0,1.47
groundnut,Red Soil,Kharif,62.2,28.2,22.6,6.28,31.7,586.3,5251.0,113.0,2.04
millets,Loam,Kharif,29.2,13.2,10.6,6.86,29.2,343.9,3404.0,53.0,1.62
mustard,Loam,Rabi,45.1,20.5,16.4,6.86,17.1,330.8,1918.0,82.0,0.97
wheat,Loam,Rabi,105.1,47.8,38.2,7.58,15.8,523.8,3853.0,191.0,2.39
sugarcane,Alluvial,Zaid,104.5,47.5,38.0,7.25,29.9,1508.2,15508.0,190.0,58.13
millets,Red Soil,Kharif,45.7,20.8,16.6,6.67,30.4,360.7,3704.0,83.0,2.04
rice,Alluvial,Kharif,100.1,45.5,36.4,7.03,30.2,1823.0,11560.0,182.0,3.63
wheat,Loam,Rabi,78.7,35.8,28.6,7.01,17.1,716.9,5961.0,143.0,3.35
potato,Loam,Rabi,107.3,48.8,39.0,6.37,20.2,613.7,3933.0,195.0,15.61
sugarcane,Alluvial,Zaid,159.5,72.5,58.0,6.84,26.3,1611.0,14732.0,290.0,61.33
soybean,Black Soil,Kharif,58.3,26.5,21.2,7.0,27.9,693.9,3973.0,106.0,2.12
cotton,Clay Loam,Kharif,67.7,30.8,24.6,6.14,34.2,898.4,5188.0,123.0,0.96
maize,Red Soil,Rabi,79.8,36.2,29.0,5.59,29.6,882.3,3718.0,145.0,2.28
chickpea,Loam,Rabi,25.3,11.5,9.2,7.38,23.8,419.5,2111.0,46.0,1.02
groundnut,Red Soil,Kharif,41.8,19.0,15.2,6.99,26.9,673.8,5437.0,76.0,1.89
chickpea,Black Soil,Rabi,23.1,10.5,8.4,6.81,19.2,447.1,2724.0,42.0,1.24
chickpea,Black Soil,Rabi,46.2,21.0,16.8,7.47,21.4,629.3,2113.0,84.0,1.1
cotton,Loam,Kharif,78.1,35.5,28.4,7.35,32.3,945.3,6994.0,142.0,2.09
tomato,Loam,Kharif,152.9,69.5,55.6,6.32,26.4,684.5,5600.0,278.0,21.16
maize,Alluvial,Zaid,57.8,26.2,21.0,6.88,25.0,745.4,5714.0,105.0,4.06
sugarcane,Loam,Zaid,139.7,63.5,50.8,6.49,30.0,1555.4,20668.0,254.0,72.54
maize,Loam,Zaid,100.7,45.8,36.6,6.35,27.1,680.9,4228.0,183.0,4.22
rice,Clay,Kharif,102.9,46.8,37.4,6.33,28.7,1598.8,8696.0,187.0,3.12
chickpea,Sandy Loam,Rabi,36.9,16.8,13.4,6.55,19.1,403.8,3385.0,67.0,1.48
maize,Sandy Loam,Kharif,99.0,45.0,36.0,6.25,23.9,815.2,5725.0,180.0,5.2
mustard,Sandy Loam,Rabi,41.8,19.0,15.2,6.85,21.8,547.1,2284.0,76.0,1.1
soybean,Clay Loam,Kharif,41.2,18.8,15.0,7.09,26.5,943.2,3090.0,75.0,1.45
groundnut,Sandy Loam,Kharif,51.2,23.2,18.6,6.69,31.9,700.7,4493.0,93.0,1.83
chickpea,Sandy Loam,Rabi,37.4,17.0,13.6,7.03,21.7,584.9,2390.0,68.0,1.72
groundnut,Loam,Kharif,51.2,23.2,18.6,5.97,27.5,722.8,4870.0,93.0,2.11
tomato,Sandy Loam,Zaid,124.9,56.8,45.4,6.58,21.2,404.4,4739.0,227.0,18.43
soybean,Loam,Kharif,50.6,23.0,18.4,5.91,26.1,792.5,3165.0,92.0,1.34
tomato,Loam,Zaid,99.0,45.0,36.0,7.3,24.9,517.4,7667.0,180.0,19.76
rice,Alluvial,Kharif,71.5,32.5,26.0,6.42,30.8,1693.9,11742.0,130.0,3.84
tomato,Loam,Rabi,96.8,44.0,35.2,7.35,29.3,520.4,5043.0,176.0,13.94
chickpea,Sandy Loam,Rabi,47.3,21.5,17.2,7.34,20.4,639.9,3146.0,86.0,1.57
wheat,Alluvial,Rabi,68.2,31.0,24.8,6.31,19.6,658.4,4910.0,124.0,2.85
sugarcane,Alluvial,Rabi,173.8,79.0,63.2,7.23,33.6,1800.0,12218.0,316.0,38.18
chickpea,Black Soil,Rabi,46.2,21.0,16.8,7.53,18.6,502.2,1958.0,84.0,0.99
tomato,Alluvial,Zaid,83.1,37.8,30.2,6.28,23.6,909.2,7412.0,151.0,21.23
tomato,Loam,Rabi,112.8,51.2,41.0,6.41,23.3,735.1,7413.0,205.0,20.78
millets,Sandy Loam,Kharif,46.8,21.2,17.0,6.46,30.7,479.1,3184.0,85.0,2.17
potato,Loam,Rabi,96.8,44.0,35.2,5.91,12.3,708.9,6159.0,176.0,14.27
soybean,Black Soil,Kharif,41.8,19.0,15.2,6.86,29.7,787.2,3683.0,76.0,1.8
wheat,Alluvial,Rabi,84.7,38.5,30.8,7.31,21.0,576.0,6120.0,154.0,3.4
soybean,Loam,Kharif,56.7,25.8,20.6,6.57,30.4,852.9,4771.0,103.0,2.04
rice,Clay Loam,Kharif,96.3,43.8,35.0,6.52,34.5,1681.5,10827.0,175.0,3.27
soybean,Loam,Kharif,42.9,19.5,15.6,6.11,22.0,831.1,3804.0,78.0,1.47
soybean,Clay Loam,Kharif,47.9,21.8,17.4,6.57,24.6,715.9,3478.0,87.0,1.91
sugarcane,Loam,Zaid,159.5,72.5,58.0,6.63,32.8,1707.7,22785.0,290.0,67.42
tomato,Sandy Loam,Rabi,130.9,59.5,47.6,6.29,25.3,613.3,6394.0,238.0,21.76
mustard,Sandy Loam,Rabi,48.4,22.0,17.6,6.6,17.4,310.3,1930.0,88.0,0.95
soybean,Clay Loam,Kharif,38.0,17.2,13.8,7.25,31.0,714.6,5288.0,69.0,1.76
tomato,Loam,Kharif,113.9,51.8,41.4,6.25,24.5,797.0,5753.0,207.0,21.17
cotton,Clay Loam,Kharif,92.4,42.0,33.6,7.73,31.7,1033.0,6234.0,168.0,1.85
cotton,Black Soil,Kharif,83.6,38.0,30.4,7.48,32.1,947.3,9155.0,152.0,1.94
soybean,Clay Loam,Kharif,36.3,16.5,13.2,6.86,27.9,920.9,3765.0,66.0,2.11
chickpea,Loam,Rabi,39.1,17.8,14.2,6.93,23.4,452.0,2365.0,71.0,1.53
millets,Red Soil,Kharif,34.7,15.8,12.6,7.04,28.8,564.0,3003.0,63.0,1.73
maize,Loam,Rabi,81.4,37.0,29.6,7.06,26.1,763.1,5707.0,148.0,4.16
rice,Alluvial,Kharif,117.7,53.5,42.8,5.98,28.4,1689.7,8627.0,214.0,3.5
rice,Clay Loam,Kharif,66.6,30.2,24.2,6.88,30.0,1734.2,11013.0,121.0,3.49
chickpea,Sandy Loam,Rabi,33.6,15.2,12.2,7.26,23.7,517.0,2655.0,61.0,1.44
sugarcane,Clay Loam,Kharif,161.2,73.2,58.6,6.81,31.1,1654.8,16934.0,293.0,72.52
sugarcane,Clay Loam,Rabi,187.0,85.0,68.0,6.18,26.0,1823.6,14684.0,340.0,47.75
maize,Alluvial,Zaid,117.7,53.5,42.8,6.25,27.2,726.0,4411.0,214.0,3.73
cotton,Loam,Kharif,88.6,40.2,32.2,6.43,28.2,1043.7,6985.0,161.0,1.83
cotton,Loam,Kharif,52.3,23.8,19.0,7.85,26.2,696.4,5490.0,95.0,1.22
wheat,Loam,Rabi,79.8,36.2,29.0,7.16,20.6,685.5,3572.0,145.0,2.8
mustard,Loam,Rabi,81.4,37.0,29.6,6.51,17.9,426.8,1913.0,148.0,1.05
mustard,Alluvial,Rabi,72.1,32.8,26.2,5.96,21.7,501.1,2972.0,131.0,1.2
soybean,Clay Loam,Kharif,41.8,19.0,15.2,7.02,26.6,871.2,3475.0,76.0,1.67
maize,Loam,Rabi,107.3,48.8,39.0,6.32,26.9,624.8,4459.0,195.0,3.63
tomato,Sandy Loam,Rabi,115.0,52.2,41.8,6.97,22.9,951.4,4157.0,209.0,13.96
sugarcane,Loam,Rabi,166.7,75.8,60.6,6.78,27.8,1826.2,19752.0,303.0,72.74
tomato,Alluvial,Rabi,126.5,57.5,46.0,6.84,21.2,647.6,5676.0,230.0,20.6
soybean,Loam,Kharif,38.0,17.2,13.8,5.57,29.3,935.4,4746.0,69.0,1.66
cotton,Loam,Kharif,67.7,30.8,24.6,6.77,27.8,881.7,7275.0,123.0,1.56
tomato,Loam,Kharif,152.9,69.5,55.6,6.68,25.5,625.3,4870.0,278.0,21.14
wheat,Loam,Rabi,84.7,38.5,30.8,6.95,18.0,477.6,3694.0,154.0,2.86
mustard,Alluvial,Rabi,67.1,30.5,24.4,7.09,17.6,405.4,3023.0,122.0,1.72
soybean,Clay Loam,Kharif,39.6,18.0,14.4,7.17,31.0,737.9,3123.0,72.0,1.14
cotton,Loam,Kharif,93.5,42.5,34.0,7.2,28.5,946.3,6326.0,170.0,1.99
sugarcane,Loam,Zaid,171.6,78.0,62.4,7.68,24.6,1714.0,10885.0,312.0,25.65
wheat,Clay Loam,Rabi,80.9,36.8,29.4,6.78,20.9,615.6,4942.0,147.0,3.79
millets,Red Soil,Kharif,32.5,14.8,11.8,6.83,33.1,470.4,3190.0,59.0,1.86
sugarcane,Alluvial,Kharif,104.0,47.2,37.8,7.25,32.7,1749.0,18064.0,189.0,59.25
rice,Clay Loam,Kharif,66.0,30.0,24.0,7.11,34.1,1739.6,9442.0,120.0,2.29
millets,Red Soil,Kharif,25.3,11.5,9.2,6.82,27.2,498.2,3643.0,46.0,1.47
mustard,Sandy Loam,Rabi,42.4,19.2,15.4,7.42,16.3,474.9,3300.0,77.0,1.22
cotton,Loam,Kharif,63.8,29.0,23.2,7.26,32.7,981.4,8571.0,116.0,1.73
cotton,Clay Loam,Kharif,88.0,40.0,32.0,7.63,33.7,773.4,5367.0,160.0,1.24
groundnut,Sandy Loam,Kharif,40.2,18.2,14.6,6.39,32.7,733.3,4976.0,73.0,1.66
soybean,Black Soil,Kharif,59.4,27.0,21.6,7.13,29.5,795.3,4025.0,108.0,1.89
maize,Red Soil,Zaid,86.4,39.2,31.4,7.37,20.9,972.5,3321.0,157.0,1.6
maize,Alluvial,Kharif,67.1,30.5,24.4,6.53,28.5,800.2,6707.0,122.0,4.29
chickpea,Black Soil,Rabi,47.3,21.5,17.2,6.9,25.1,470.7,3680.0,86.0,1.84
groundnut,Red Soil,Kharif,52.3,23.8,19.0,6.87,26.6,831.7,3943.0,95.0,1.93
potato,Loam,Rabi,106.2,48.2,38.6,6.01,17.2,623.4,5227.0,193.0,20.18
chickpea,Loam,Rabi,44.0,20.0,16.0,6.95,23.4,490.3,1887.0,80.0,1.06
mustard,Loam,Rabi,46.2,21.0,16.8,6.9,21.8,374.5,1772.0,84.0,0.76
millets,Loam,Kharif,36.3,16.5,13.2,6.76,34.5,216.7,2662.0,66.0,1.87
rice,Alluvial,Kharif,68.2,31.0,24.8,6.72,22.2,1821.6,9418.0,124.0,2.63
potato,Loam,Rabi,104.0,47.2,37.8,6.05,16.6,847.9,5934.0,189.0,17.77
groundnut,Loam,Kharif,69.9,31.8,25.4,6.91,29.4,543.1,4562.0,127.0,2.12
rice,Clay,Kharif,127.6,58.0,46.4,6.23,27.7,1739.8,12198.0,232.0,4.08
soybean,Black Soil,Kharif,57.2,26.0,20.8,6.37,31.4,896.8,5350.0,104.0,1.92
mustard,Alluvial,Rabi,68.2,31.0,24.8,5.99,17.4,562.8,3577.0,124.0,1.46
soybean,Loam,Kharif,62.7,28.5,22.8,6.76,27.0,1173.3,4065.0,114.0,2.51
mustard,Sandy Loam,Rabi,77.6,35.2,28.2,6.67,18.2,553.2,3309.0,141.0,1.67
mustard,Sandy Loam,Rabi,56.7,25.8,20.6,6.73,19.5,264.6,1905.0,103.0,0.92
groundnut,Red Soil,Kharif,63.8,29.0,23.2,5.79,27.2,656.8,3951.0,116.0,1.84
mustard,Loam,Rabi,47.3,21.5,17.2,7.05,15.0,529.0,3576.0,86.0,1.3
chickpea,Loam,Rabi,42.4,19.2,15.4,7.51,25.8,402.8,2381.0,77.0,1.14
millets,Red Soil,Kharif,37.4,17.0,13.6,7.3,33.0,355.0,2009.0,68.0,1.08
sugarcane,Clay Loam,Kharif,119.4,54.2,43.4,7.45,31.1,1603.5,11600.0,217.0,37.72
chickpea,Loam,Rabi,40.7,18.5,14.8,7.06,26.5,469.1,3403.0,74.0,1.44
maize,Loam,Zaid,84.2,38.2,30.6,6.63,31.8,567.2,6229.0,153.0,3.83
sugarcane,Alluvial,Rabi,159.5,72.5,58.0,6.7,26.7,1617.1,20845.0,290.0,59.15
maize,Alluvial,Zaid,71.5,32.5,26.0,7.08,27.7,843.9,4689.0,130.0,3.36
maize,Sandy Loam,Kharif,74.8,34.0,27.2,6.51,27.6,839.0,6772.0,136.0,4.63
groundnut,Red Soil,Kharif,67.7,30.8,24.6,7.11,26.8,403.5,3011.0,123.0,1.42
mustard,Alluvial,Rabi,67.1,30.5,24.4,6.87,16.9,363.4,2763.0,122.0,1.7
millets,Sandy Loam,Kharif,44.0,20.0,16.0,6.67,30.8,245.4,2740.0,80.0,1.91
maize,Red Soil,Zaid,102.9,46.8,37.4,6.34,27.6,988.0,4109.0,187.0,4.13
soybean,Clay Loam,Kharif,51.7,23.5,18.8,6.54,31.5,905.4,3436.0,94.0,1.66
potato,Sandy Loam,Rabi,148.5,67.5,54.0,5.85,17.9,574.5,4827.0,270.0,20.73
tomato,Sandy Loam,Kharif,144.7,65.8,52.6,7.11,21.1,777.1,4814.0,263.0,17.07
tomato,Sandy Loam,Kharif,126.0,57.2,45.8,6.47,27.7,806.2,5114.0,229.0,21.01
millets,Red Soil,Kharif,49.5,22.5,18.0,7.04,27.6,561.4,2040.0,90.0,1.03
maize,Loam,Zaid,75.9,34.5,27.6,6.25,27.4,717.0,3631.0,138.0,2.98
chickpea,Sandy Loam,Rabi,38.5,17.5,14.0,6.33,22.8,503.0,2860.0,70.0,1.63
sugarcane,Loam,Rabi,128.7,58.5,46.8,7.29,28.0,1657.2,12608.0,234.0,42.95
chickpea,Loam,Rabi,42.4,19.2,15.4,6.74,25.6,396.3,2108.0,77.0,1.18
potato,Loam,Rabi,150.7,68.5,54.8,6.03,18.5,451.2,6362.0,274.0,21.01
rice,Alluvial,Kharif,121.0,55.0,44.0,6.6,29.5,1609.4,8887.0,220.0,3.67
tomato,Loam,Rabi,150.7,68.5,54.8,6.76,18.4,752.0,6988.0,274.0,20.03
potato,Sandy Loam,Rabi,135.3,61.5,49.2,5.84,14.9,639.8,3739.0,246.0,14.05
cotton,Loam,Kharif,61.1,27.8,22.2,7.13,27.9,827.2,5628.0,111.0,1.4
groundnut,Red Soil,Kharif,66.0,30.0,24.0,6.73,25.5,730.2,4592.0,120.0,1.95
maize,Loam,Rabi,68.8,31.2,25.0,6.59,29.5,799.1,4774.0,125.0,4.13
cotton,Clay Loam,Kharif,80.9,36.8,29.4,7.05,28.7,845.2,5644.0,147.0,1.57
potato,Sandy Loam,Rabi,127.6,58.0,46.4,5.56,16.7,506.1,5038.0,232.0,16.57
wheat,Loam,Rabi,103.4,47.0,37.6,6.69,21.1,489.9,3114.0,188.0,2.08
sugarcane,Clay Loam,Rabi,159.0,72.2,57.8,6.84,24.4,1723.4,18045.0,289.0,65.68
chickpea,Black Soil,Rabi,24.8,11.2,9.0,6.63,17.6,450.1,3471.0,45.0,1.2
mustard,Loam,Rabi,64.9,29.5,23.6,6.26,16.4,380.3,2219.0,118.0,1.25
rice,Alluvial,Kharif,65.5,29.8,23.8,7.37,31.6,1792.9,11186.0,119.0,3.03
potato,Loam,Rabi,134.2,61.0,48.8,5.96,22.7,326.8,4098.0,244.0,17.96
mustard,Alluvial,Rabi,56.1,25.5,20.4,6.99,23.7,423.4,2899.0,102.0,1.31
soybean,Clay Loam,Kharif,50.6,23.0,18.4,7.33,21.4,912.0,5118.0,92.0,1.68
mustard,Alluvial,Rabi,65.5,29.8,23.8,6.75,18.2,425.0,2797.0,119.0,1.79
rice,Clay,Kharif,84.2,38.2,30.6,6.31,30.9,1651.9,8259.0,153.0,2.99
soybean,Black Soil,Kharif,36.9,16.8,13.4,7.02,30.0,828.1,4321.0,67.0,1.87
chickpea,Loam,Rabi,24.8,11.2,9.0,7.2,22.9,235.5,3702.0,45.0,1.67
millets,Loam,Kharif,36.9,16.8,13.4,6.88,34.9,261.7,2104.0,67.0,1.08
potato,Sandy Loam,Rabi,84.7,38.5,30.8,5.6,17.9,606.0,4408.0,154.0,16.92
chickpea,Sandy Loam,Rabi,41.8,19.0,15.2,7.19,23.3,547.7,3089.0,76.0,1.62
cotton,Loam,Kharif,76.5,34.8,27.8,7.38,29.8,889.3,7712.0,139.0,2.11
cotton,Loam,Kharif,75.4,34.2,27.4,6.44,30.8,924.4,4431.0,137.0,1.04
rice,Clay Loam,Kharif,92.4,42.0,33.6,6.6,26.5,1545.5,10311.0,168.0,3.43
soybean,Black Soil,Kharif,30.8,14.0,11.2,6.68,23.9,694.4,3544.0,56.0,1.69
potato,Sandy Loam,Rabi,106.2,48.2,38.6,6.06,17.5,527.4,3854.0,193.0,15.66
cotton,Black Soil,Kharif,52.3,23.8,19.0,6.47,29.8,1200.3,6067.0,95.0,1.52
sugarcane,Clay Loam,Kharif,115.0,52.2,41.8,7.17,31.2,1724.8,18623.0,209.0,65.3
maize,Alluvial,Kharif,58.3,26.5,21.2,6.27,20.0,971.6,4435.0,106.0,2.63
millets,Red Soil,Kharif,49.0,22.2,17.8,6.63,33.9,461.1,2743.0,89.0,2.13
maize,Alluvial,Zaid,92.4,42.0,33.6,6.51,22.4,753.4,3399.0,168.0,2.82
cotton,Black Soil,Kharif,60.0,27.2,21.8,7.5,32.6,1048.5,7275.0,109.0,1.57
wheat,Alluvial,Rabi,75.9,34.5,27.6,7.81,25.8,534.6,5412.0,138.0,2.36
cotton,Clay Loam,Kharif,73.2,33.2,26.6,6.5,29.6,896.0,7253.0,133.0,1.78
potato,Sandy Loam,Rabi,150.7,68.5,54.8,6.3,16.1,715.5,3857.0,274.0,15.58
mustard,Sandy Loam,Rabi,52.8,24.0,19.2,6.73,18.5,221.3,2072.0,96.0,1.06
tomato,Sandy Loam,Kharif,144.7,65.8,52.6,6.69,23.6,698.2,6209.0,263.0,23.49
tomato,Sandy Loam,Kharif,151.2,68.8,55.0,6.61,28.0,591.1,5994.0,275.0,19.8
chickpea,Black Soil,Rabi,29.7,13.5,10.8,7.25,20.7,566.3,2084.0,54.0,1.1
millets,Loam,Kharif,40.7,18.5,14.8,6.72,41.1,513.6,1901.0,74.0,0.77
sugarcane,Loam,Rabi,143.0,65.0,52.0,6.83,34.9,1598.0,22164.0,260.0,59.16
wheat,Alluvial,Rabi,68.2,31.0,24.8,7.19,18.2,408.5,4203.0,124.0,2.81
soybean,Clay Loam,Kharif,60.5,27.5,22.0,6.32,30.2,685.2,4423.0,110.0,2.19
sugarcane,Alluvial,Kharif,170.0,77.2,61.8,6.02,34.3,1585.0,12658.0,309.0,39.35
rice,Alluvial,Kharif,131.5,59.8,47.8,6.9,30.1,1711.7,14852.0,239.0,4.12
potato,Loam,Rabi,113.3,51.5,41.2,6.62,19.4,669.2,4077.0,206.0,15.86
chickpea,Sandy Loam,Rabi,47.3,21.5,17.2,6.72,25.6,538.8,2188.0,86.0,1.16
groundnut,Sandy Loam,Kharif,54.5,24.8,19.8,6.84,27.6,651.7,4396.0,99.0,2.09
maize,Alluvial,Zaid,64.9,29.5,23.6,7.08,27.9,814.0,3720.0,118.0,2.55
rice,Clay Loam,Kharif,93.5,42.5,34.0,6.83,28.6,1673.8,11269.0,170.0,4.18
chickpea,Black Soil,Rabi,41.8,19.0,15.2,6.58,14.4,412.7,1810.0,76.0,0.63
potato,Sandy Loam,Rabi,103.4,47.0,37.6,6.32,17.5,390.8,4396.0,188.0,16.65
soybean,Black Soil,Kharif,34.7,15.8,12.6,6.54,29.6,705.8,4016.0,63.0,1.87
potato,Loam,Rabi,110.0,50.0,40.0,6.72,16.7,487.1,3522.0,200.0,12.34
wheat,Alluvial,Rabi,87.5,39.8,31.8,6.87,20.3,751.8,3894.0,159.0,3.24
tomato,Sandy Loam,Rabi,107.8,49.0,39.2,6.31,24.6,678.4,7029.0,196.0,23.94
tomato,Sandy Loam,Rabi,94.1,42.8,34.2,6.28,26.3,679.9,4848.0,171.0,16.22
millets,Loam,Kharif,35.8,16.2,13.0,6.06,28.7,579.1,2060.0,65.0,0.98
chickpea,Sandy Loam,Rabi,33.0,15.0,12.0,6.89,23.4,432.5,3290.0,60.0,1.6
mustard,Alluvial,Rabi,68.2,31.0,24.8,7.2,19.7,160.8,3134.0,124.0,1.41
tomato,Sandy Loam,Zaid,83.1,37.8,30.2,6.66,15.3,589.0,5088.0,151.0,14.14
wheat,Clay Loam,Rabi,102.9,46.8,37.4,6.41,19.6,713.3,6157.0,187.0,3.45
mustard,Sandy Loam,Rabi,41.2,18.8,15.0,6.36,18.5,322.5,2928.0,75.0,1.3
mustard,Sandy Loam,Rabi,48.4,22.0,17.6,7.05,16.8,386.9,2042.0,88.0,1.1
groundnut,Loam,Kharif,55.0,25.0,20.0,6.77,23.9,609.3,2664.0,100.0,1.0
tomato,Alluvial,Kharif,75.4,34.2,27.4,6.49,23.7,872.8,5534.0,137.0,20.42
chickpea,Loam,Rabi,33.6,15.2,12.2,6.93,19.9,475.3,3586.0,61.0,1.67
chickpea,Loam,Rabi,24.8,11.2,9.0,6.88,22.1,585.0,2645.0,45.0,1.43
maize,Sandy Loam,Rabi,108.4,49.2,39.4,6.47,24.1,713.4,5183.0,197.0,4.94
sugarcane,Loam,Rabi,151.2,68.8,55.0,6.79,34.2,1533.8,18592.0,275.0,68.32
mustard,Loam,Rabi,76.5,34.8,27.8,6.56,16.3,534.9,3251.0,139.0,1.66
wheat,Clay Loam,Rabi,60.5,27.5,22.0,6.34,19.4,570.1,4962.0,110.0,2.88
chickpea,Sandy Loam,Rabi,28.6,13.0,10.4,6.77,19.3,518.3,2317.0,52.0,1.22
potato,Sandy Loam,Rabi,149.6,68.0,54.4,6.42,15.4,575.5,4459.0,272.0,17.04
rice,Alluvial,Kharif,130.4,59.2,47.4,6.1,29.1,1704.4,9036.0,237.0,3.77
cotton,Black Soil,Kharif,58.3,26.5,21.2,7.91,31.1,824.9,4762.0,106.0,1.06
soybean,Clay Loam,Kharif,32.5,14.8,11.8,6.8,28.0,838.5,3333.0,59.0,1.64
soybean,Loam,Kharif,62.7,28.5,22.8,6.82,23.4,910.5,2873.0,114.0,1.35
potato,Loam,Rabi,113.9,51.8,41.4,6.06,15.7,502.7,3609.0,207.0,15.17
rice,Clay,Kharif,116.6,53.0,42.4,6.91,27.4,1790.6,9657.0,212.0,3.57
groundnut,Sandy Loam,Kharif,47.9,21.8,17.4,6.73,24.5,650.3,4744.0,87.0,1.79
soybean,Clay Loam,Kharif,55.0,25.0,20.0,6.24,26.2,1008.8,5344.0,100.0,2.08
maize,Alluvial,Kharif,68.8,31.2,25.0,6.57,22.9,819.1,3384.0,125.0,2.22
sugarcane,Loam,Zaid,104.5,47.5,38.0,6.85,30.1,1703.4,16672.0,190.0,65.59
wheat,Alluvial,Rabi,91.3,41.5,33.2,6.62,22.1,550.0,2931.0,166.0,1.86
soybean,Black Soil,Kharif,37.4,17.0,13.6,7.0,28.8,844.5,5076.0,68.0,2.07
cotton,Clay Loam,Kharif,71.5,32.5,26.0,7.13,29.0,795.5,9349.0,130.0,2.12
sugarcane,Loam,Zaid,163.9,74.5,59.6,6.58,25.4,1671.0,14566.0,298.0,49.11
tomato,Sandy Loam,Kharif,138.1,62.8,50.2,7.56,24.1,736.2,7467.0,251.0,18.83
groundnut,Loam,Kharif,48.4,22.0,17.6,6.52,28.5,675.3,4275.0,88.0,2.15
wheat,Clay Loam,Rabi,81.4,37.0,29.6,6.92,18.2,652.2,5963.0,148.0,3.3
millets,Sandy Loam,Kharif,25.9,11.8,9.4,6.57,33.2,322.0,2963.0,47.0,1.86
sugarcane,Clay Loam,Zaid,110.0,50.0,40.0,5.71,25.2,1637.1,12175.0,200.0,28.59
cotton,Clay Loam,Kharif,74.2,33.8,27.0,7.17,29.6,949.3,7256.0,135.0,2.11
cotton,Clay Loam,Kharif,82.5,37.5,30.0,7.69,28.8,804.0,8664.0,150.0,1.9
groundnut,Red Soil,Kharif,68.2,31.0,24.8,7.08,28.0,819.5,5179.0,124.0,1.94
tomato,Loam,Zaid,143.6,65.2,52.2,6.24,24.2,579.0,5890.0,261.0,26.45
millets,Loam,Kharif,45.7,20.8,16.6,6.65,27.6,493.3,2728.0,83.0,1.74
soybean,Clay Loam,Kharif,36.3,16.5,13.2,6.83,25.2,624.7,4184.0,66.0,1.87
chickpea,Loam,Rabi,26.4,12.0,9.6,5.77,22.5,483.4,3479.0,48.0,1.23
soybean,Black Soil,Kharif,53.9,24.5,19.6,6.77,28.7,829.1,2985.0,98.0,1.43
rice,Clay,Kharif,118.3,53.8,43.0,6.66,26.3,1739.9,12024.0,215.0,3.68
maize,Red Soil,Rabi,69.3,31.5,25.2,6.79,25.5,761.8,6663.0,126.0,4.59
wheat,Clay Loam,Rabi,67.7,30.8,24.6,6.44,20.2,709.7,4705.0,123.0,3.48
chickpea,Sandy Loam,Rabi,30.8,14.0,11.2,7.89,20.4,657.4,3027.0,56.0,1.29
soybean,Clay Loam,Kharif,36.9,16.8,13.4,6.83,23.1,755.7,3758.0,67.0,1.85
soybean,Black Soil,Kharif,57.8,26.2,21.0,7.44,31.0,661.3,3035.0,105.0,1.18
tomato,Loam,Kharif,107.3,48.8,39.0,7.13,22.8,769.5,4693.0,195.0,16.77
rice,Clay,Kharif,66.6,30.2,24.2,6.73,30.3,1665.9,9305.0,121.0,2.67
tomato,Loam,Rabi,135.3,61.5,49.2,6.6,23.0,754.8,4629.0,246.0,19.54
wheat,Loam,Rabi,90.2,41.0,32.8,6.36,21.3,561.5,5677.0,164.0,2.96
potato,Sandy Loam,Rabi,116.1,52.8,42.2,6.13,15.0,809.7,6057.0,211.0,18.83
sugarcane,Loam,Zaid,101.8,46.2,37.0,6.11,29.8,1553.8,18712.0,185.0,63.76
mustard,Loam,Rabi,81.4,37.0,29.6,6.2,17.6,499.0,2586.0,148.0,1.64
mustard,Sandy Loam,Rabi,60.0,27.2,21.8,7.08,11.3,396.0,2142.0,109.0,1.0
sugarcane,Loam,Kharif,157.9,71.8,57.4,6.45,31.7,1754.2,14982.0,287.0,60.93
wheat,Alluvial,Rabi,104.0,47.2,37.8,6.49,21.4,652.4,5850.0,189.0,4.15
mustard,Loam,Rabi,68.8,31.2,25.0,7.25,17.0,382.2,3336.0,125.0,1.5
soybean,Loam,Kharif,30.8,14.0,11.2,6.53,24.1,900.8,4768.0,56.0,1.9
sugarcane,Clay Loam,Rabi,108.4,49.2,39.4,7.26,29.8,1611.8,14362.0,197.0,55.98
millets,Red Soil,Kharif,47.9,21.8,17.4,7.12,32.9,379.9,3083.0,87.0,1.95
potato,Sandy Loam,Rabi,79.8,36.2,29.0,6.47,17.7,613.1,4997.0,145.0,18.11
groundnut,Red Soil,Kharif,47.3,21.5,17.2,6.61,24.2,741.1,4246.0,86.0,1.88
chickpea,Sandy Loam,Rabi,30.3,13.8,11.0,7.13,22.7,447.9,3513.0,55.0,1.8
sugarcane,Loam,Rabi,169.4,77.0,61.6,7.03,27.5,1705.6,20004.0,308.0,72.8
